Timestamp,Open,High,Low,Close,Volume
2026-06-01 00:00:00,73674.39,73685.5,73654.06,73684.43,3.76233
2026-06-01 00:01:00,73684.42,73684.43,73667.45,73667.46,10.59377
2026-06-01 00:02:00,73667.46,73758.0,73667.44,73758.0,19.85803
2026-06-01 00:03:00,73758.0,73824.0,73757.99,73823.99,10.59691
2026-06-01 00:04:00,73824.0,73872.0,73800.0,73861.33,18.36501
2026-06-01 00:05:00,73861.33,73879.67,73806.0,73831.53,23.4713
2026-06-01 00:06:00,73831.52,73872.5,73806.0,73806.01,4.04182
2026-06-01 00:07:00,73806.01,73806.01,73748.0,73750.94,4.74638
2026-06-01 00:08:00,73750.94,73762.0,73732.48,73732.49,2.38447
2026-06-01 00:09:00,73732.48,73764.37,73732.48,73753.75,14.27152
2026-06-01 00:10:00,73753.74,73788.0,73732.97,73781.97,7.48255
2026-06-01 00:11:00,73781.98,73781.98,73765.81,73774.02,1.48925
2026-06-01 00:12:00,73774.03,73777.62,73718.57,73718.58,6.5659
2026-06-01 00:13:00,73718.58,73733.6,73718.57,73733.6,2.81439
2026-06-01 00:14:00,73733.6,73806.16,73733.59,73806.15,6.14788
2026-06-01 00:15:00,73806.15,73847.23,73806.14,73816.0,5.18185
2026-06-01 00:16:00,73816.01,73845.28,73802.98,73828.0,7.08168
2026-06-01 00:17:00,73828.0,73828.0,73763.27,73763.27,3.51465
2026-06-01 00:18:00,73763.27,73763.27,73736.0,73736.0,1.03698
2026-06-01 00:19:00,73736.01,73740.97,73724.57,73730.26,3.86501
2026-06-01 00:20:00,73730.27,73745.66,73720.94,73745.66,5.1044
2026-06-01 00:21:00,73745.65,73781.95,73745.65,73781.94,3.05241
2026-06-01 00:22:00,73781.95,73818.0,73781.94,73785.58,3.86562
2026-06-01 00:23:00,73785.25,73812.0,73763.18,73812.0,3.46445
2026-06-01 00:24:00,73812.0,73826.0,73802.25,73802.25,2.42757
2026-06-01 00:25:00,73802.25,73834.0,73802.25,73834.0,3.82118
2026-06-01 00:26:00,73833.99,73834.0,73818.0,73818.01,2.08385
2026-06-01 00:27:00,73818.01,73868.57,73818.0,73868.57,2.59925
2026-06-01 00:28:00,73868.57,73928.01,73868.56,73925.33,7.03807
2026-06-01 00:29:00,73925.34,73971.31,73925.34,73960.0,11.58717
2026-06-01 00:30:00,73960.0,74092.0,73959.99,73978.0,34.95683
2026-06-01 00:31:00,73978.01,73978.01,73859.0,73859.58,13.66922
2026-06-01 00:32:00,73859.59,73877.78,73848.0,73868.79,7.22896
2026-06-01 00:33:00,73868.79,73890.0,73836.0,73836.0,3.29284
2026-06-01 00:34:00,73836.01,73917.43,73836.0,73917.43,4.25642
2026-06-01 00:35:00,73917.43,73930.0,73892.0,73892.01,4.79642
2026-06-01 00:36:00,73892.01,73900.0,73884.61,73889.67,3.3227
2026-06-01 00:37:00,73889.66,73940.0,73889.66,73929.41,6.20612
2026-06-01 00:38:00,73929.42,73929.42,73894.0,73898.74,2.55643
2026-06-01 00:39:00,73898.75,73898.75,73892.52,73898.75,1.8368
2026-06-01 00:40:00,73898.75,73925.34,73868.56,73925.33,3.53253
2026-06-01 00:41:00,73925.33,73932.82,73914.08,73923.17,1.32976
2026-06-01 00:42:00,73923.17,73946.0,73923.17,73946.0,4.62502
2026-06-01 00:43:00,73946.0,73966.84,73945.99,73961.02,2.39063
2026-06-01 00:44:00,73961.02,73964.48,73946.0,73946.01,2.46539
2026-06-01 00:45:00,73946.0,73982.0,73942.0,73981.99,5.97177
2026-06-01 00:46:00,73982.0,74014.0,73976.0,74000.93,10.69297
2026-06-01 00:47:00,74000.93,74016.16,73976.0,73976.0,9.60315
2026-06-01 00:48:00,73976.0,73997.33,73971.3,73973.56,6.36634
2026-06-01 00:49:00,73973.55,73989.96,73962.72,73962.72,3.95288
2026-06-01 00:50:00,73962.73,73962.73,73900.36,73921.99,5.60812
2026-06-01 00:51:00,73922.0,73979.23,73922.0,73970.4,4.68731
2026-06-01 00:52:00,73970.41,73992.0,73970.4,73987.36,2.19609
2026-06-01 00:53:00,73987.36,74000.0,73980.01,73980.01,4.40577
2026-06-01 00:54:00,73980.0,73980.01,73924.0,73924.01,3.46858
2026-06-01 00:55:00,73924.01,73929.46,73896.0,73910.0,4.36451
2026-06-01 00:56:00,73910.01,73916.74,73910.0,73912.42,0.50288
2026-06-01 00:57:00,73912.41,73914.1,73906.83,73908.01,0.9418
2026-06-01 00:58:00,73908.02,73908.02,73892.66,73892.66,2.53246
2026-06-01 00:59:00,73892.67,73908.37,73876.17,73885.0,2.41335
2026-06-01 01:00:00,73885.01,73916.01,73862.0,73873.23,5.8094
2026-06-01 01:01:00,73873.22,73877.49,73844.0,73844.0,2.06846
2026-06-01 01:02:00,73844.0,73855.42,73820.0,73835.99,3.75518
2026-06-01 01:03:00,73835.99,73836.0,73770.0,73778.56,6.98634
2026-06-01 01:04:00,73778.55,73785.28,73736.0,73741.15,5.31386
2026-06-01 01:05:00,73741.16,73749.76,73685.14,73685.15,6.80029
2026-06-01 01:06:00,73685.14,73696.0,73676.0,73680.01,3.34072
2026-06-01 01:07:00,73680.0,73680.0,73613.33,73613.33,8.53681
2026-06-01 01:08:00,73613.33,73618.0,73595.0,73595.0,11.95974
2026-06-01 01:09:00,73595.01,73612.0,73576.0,73596.79,28.45554
2026-06-01 01:10:00,73596.79,73613.81,73580.0,73609.33,11.11622
2026-06-01 01:11:00,73609.33,73632.0,73609.33,73620.7,4.21427
2026-06-01 01:12:00,73620.7,73620.71,73601.48,73613.07,4.96754
2026-06-01 01:13:00,73613.06,73624.93,73591.98,73591.98,4.81844
2026-06-01 01:14:00,73591.98,73604.0,73573.0,73573.0,7.79117
2026-06-01 01:15:00,73573.0,73606.01,73573.0,73595.84,7.25812
2026-06-01 01:16:00,73595.84,73626.0,73595.84,73600.0,3.52708
2026-06-01 01:17:00,73600.0,73628.02,73598.0,73619.99,7.83198
2026-06-01 01:18:00,73619.99,73620.0,73605.41,73609.06,3.73114
2026-06-01 01:19:00,73609.06,73609.07,73600.18,73600.19,1.96413
2026-06-01 01:20:00,73600.19,73632.0,73600.18,73626.78,5.48197
2026-06-01 01:21:00,73626.78,73635.75,73610.5,73635.74,4.66666
2026-06-01 01:22:00,73635.75,73649.92,73628.0,73628.01,3.29227
2026-06-01 01:23:00,73628.01,73628.01,73619.99,73619.99,1.914
2026-06-01 01:24:00,73619.99,73619.99,73601.66,73601.69,8.26881
2026-06-01 01:25:00,73601.68,73640.47,73590.0,73640.46,25.65012
2026-06-01 01:26:00,73640.46,73643.63,73624.0,73627.83,4.3352
2026-06-01 01:27:00,73627.84,73639.7,73622.25,73637.11,6.94079
2026-06-01 01:28:00,73637.1,73637.1,73620.46,73620.47,1.82725
2026-06-01 01:29:00,73620.46,73630.53,73604.0,73604.0,2.09023
2026-06-01 01:30:00,73604.01,73626.04,73600.0,73600.0,11.71737
2026-06-01 01:31:00,73600.0,73600.0,73596.0,73596.0,5.08475
2026-06-01 01:32:00,73596.0,73597.01,73592.0,73593.0,6.90084
2026-06-01 01:33:00,73593.0,73606.01,73593.0,73598.64,5.13024
2026-06-01 01:34:00,73598.64,73616.0,73598.63,73615.98,1.90829
2026-06-01 01:35:00,73615.99,73640.0,73615.99,73633.13,8.38719
2026-06-01 01:36:00,73633.13,73642.0,73627.91,73640.0,1.35886
2026-06-01 01:37:00,73639.99,73640.0,73612.52,73625.31,5.02509
2026-06-01 01:38:00,73625.31,73625.33,73605.88,73605.88,1.18316
2026-06-01 01:39:00,73605.89,73620.74,73600.0,73603.9,1.01507
2026-06-01 01:40:00,73603.9,73652.0,73603.9,73651.99,6.5669
2026-06-01 01:41:00,73651.99,73651.99,73610.26,73610.27,2.28478
2026-06-01 01:42:00,73610.27,73610.27,73554.0,73554.0,49.38554
2026-06-01 01:43:00,73554.0,73554.01,73504.1,73504.1,15.0415
2026-06-01 01:44:00,73504.1,73504.11,73461.35,73498.0,19.67305
2026-06-01 01:45:00,73498.0,73498.0,73462.22,73484.0,7.07579
2026-06-01 01:46:00,73484.0,73484.0,73447.11,73448.44,2.94517
2026-06-01 01:47:00,73448.44,73484.0,73448.43,73479.67,5.00955
2026-06-01 01:48:00,73479.66,73532.0,73471.69,73532.0,3.70754
2026-06-01 01:49:00,73531.99,73572.0,73531.99,73563.73,6.95626
2026-06-01 01:50:00,73563.74,73563.74,73527.01,73530.72,2.07445
2026-06-01 01:51:00,73530.72,73530.73,73521.48,73521.49,1.85965
2026-06-01 01:52:00,73521.49,73521.49,73451.0,73451.0,13.34615
2026-06-01 01:53:00,73451.0,73451.01,73413.96,73429.01,19.95589
2026-06-01 01:54:00,73429.02,73437.75,73350.0,73370.0,10.05142
2026-06-01 01:55:00,73369.99,73370.0,73300.0,73360.89,18.75481
2026-06-01 01:56:00,73360.89,73365.25,73320.0,73320.0,6.82524
2026-06-01 01:57:00,73320.0,73339.34,73303.07,73333.59,5.37444
2026-06-01 01:58:00,73333.6,73338.0,73311.42,73311.43,3.14304
2026-06-01 01:59:00,73311.43,73311.43,73278.02,73292.92,12.08689
2026-06-01 02:00:00,73292.92,73294.22,73255.0,73276.0,29.66828
2026-06-01 02:01:00,73276.01,73304.49,73222.0,73243.99,111.92347
2026-06-01 02:02:00,73244.0,73326.25,73244.0,73322.28,10.27407
2026-06-01 02:03:00,73322.29,73354.84,73322.28,73354.84,7.39185
2026-06-01 02:04:00,73354.84,73388.0,73354.84,73370.01,7.30775
2026-06-01 02:05:00,73370.01,73430.72,73370.0,73429.99,8.29882
2026-06-01 02:06:00,73430.0,73443.98,73427.03,73432.55,24.53684
2026-06-01 02:07:00,73432.55,73511.69,73430.8,73511.69,18.45383
2026-06-01 02:08:00,73511.68,73548.09,73502.01,73502.01,3.37576
2026-06-01 02:09:00,73502.0,73520.0,73486.0,73520.0,3.08626
2026-06-01 02:10:00,73520.0,73524.0,73520.0,73524.0,2.42878
2026-06-01 02:11:00,73523.99,73524.0,73506.22,73506.23,1.22374
2026-06-01 02:12:00,73506.23,73538.0,73506.23,73521.67,1.40563
2026-06-01 02:13:00,73521.68,73540.0,73521.67,73522.0,2.23548
2026-06-01 02:14:00,73522.0,73562.29,73522.0,73548.46,3.26567
2026-06-01 02:15:00,73548.45,73553.52,73526.56,73528.32,2.70079
2026-06-01 02:16:00,73528.32,73528.32,73494.0,73504.55,8.73163
2026-06-01 02:17:00,73504.56,73534.0,73504.55,73528.17,4.72953
2026-06-01 02:18:00,73528.16,73528.16,73474.0,73474.0,3.47791
2026-06-01 02:19:00,73474.01,73474.01,73454.0,73464.29,1.14883
2026-06-01 02:20:00,73464.29,73523.68,73464.29,73523.68,5.20991
2026-06-01 02:21:00,73523.68,73545.25,73521.31,73521.31,6.21524
2026-06-01 02:22:00,73521.31,73534.71,73521.15,73521.15,2.10963
2026-06-01 02:23:00,73521.15,73521.15,73500.0,73500.0,1.98472
2026-06-01 02:24:00,73500.0,73500.01,73491.77,73493.0,2.66522
2026-06-01 02:25:00,73493.0,73530.45,73492.0,73504.59,8.13263
2026-06-01 02:26:00,73504.6,73524.0,73504.59,73520.39,2.42515
2026-06-01 02:27:00,73520.39,73521.56,73498.0,73521.55,2.25095
2026-06-01 02:28:00,73521.55,73524.0,73521.54,73524.0,0.92146
2026-06-01 02:29:00,73523.99,73524.0,73523.99,73523.99,0.5206
2026-06-01 02:30:00,73524.0,73524.68,73468.86,73468.87,3.47287
2026-06-01 02:31:00,73468.87,73500.0,73468.86,73500.0,1.94566
2026-06-01 02:32:00,73499.99,73500.0,73487.99,73499.98,1.59889
2026-06-01 02:33:00,73499.99,73499.99,73484.2,73488.0,0.66795
2026-06-01 02:34:00,73488.0,73498.34,73487.99,73498.34,0.67029
2026-06-01 02:35:00,73498.34,73499.98,73487.65,73487.66,1.72555
2026-06-01 02:36:00,73487.65,73498.66,73482.14,73498.65,2.14731
2026-06-01 02:37:00,73498.66,73543.34,73498.65,73531.98,3.50858
2026-06-01 02:38:00,73531.98,73542.73,73528.04,73528.05,4.29325
2026-06-01 02:39:00,73528.05,73572.27,73528.05,73572.27,4.76632
2026-06-01 02:40:00,73572.27,73572.27,73554.0,73554.0,3.14444
2026-06-01 02:41:00,73554.0,73611.87,73554.0,73611.87,4.69746
2026-06-01 02:42:00,73611.87,73852.39,73611.86,73835.61,38.18623
2026-06-01 02:43:00,73835.61,73892.52,73816.0,73821.49,33.94724
2026-06-01 02:44:00,73821.48,73821.49,73782.0,73782.01,6.0078
2026-06-01 02:45:00,73782.0,73858.85,73778.0,73846.16,6.40337
2026-06-01 02:46:00,73846.16,73857.05,73808.0,73808.01,3.99925
2026-06-01 02:47:00,73808.01,73808.01,73746.0,73746.0,4.51781
2026-06-01 02:48:00,73746.01,73772.0,73746.0,73771.99,3.41426
2026-06-01 02:49:00,73772.0,73819.7,73771.99,73802.0,4.87075
2026-06-01 02:50:00,73802.01,73846.39,73792.01,73834.16,3.64056
2026-06-01 02:51:00,73834.17,73834.17,73776.64,73776.64,4.70576
2026-06-01 02:52:00,73776.24,73812.01,73772.0,73812.0,4.75203
2026-06-01 02:53:00,73812.0,73828.0,73812.0,73814.0,11.19031
2026-06-01 02:54:00,73814.0,73820.96,73794.0,73794.0,13.15094
2026-06-01 02:55:00,73794.0,73794.0,73758.0,73774.18,10.8659
2026-06-01 02:56:00,73774.18,73807.51,73774.18,73801.34,2.57472
2026-06-01 02:57:00,73801.34,73807.5,73790.0,73790.01,2.47094
2026-06-01 02:58:00,73790.0,73790.01,73788.0,73788.01,1.1425
2026-06-01 02:59:00,73788.01,73809.8,73787.97,73790.0,29.92088
2026-06-01 03:00:00,73789.99,73842.15,73788.01,73834.13,65.237
2026-06-01 03:01:00,73834.14,73860.0,73832.07,73832.09,7.50574
2026-06-01 03:02:00,73832.09,73839.47,73832.07,73832.08,5.0542
2026-06-01 03:03:00,73832.08,73906.67,73832.08,73906.41,7.46772
2026-06-01 03:04:00,73906.42,74019.58,73906.42,73971.3,32.57043
2026-06-01 03:05:00,73971.31,73976.74,73920.28,73920.29,6.30197
2026-06-01 03:06:00,73920.29,73925.34,73912.68,73916.45,5.39394
2026-06-01 03:07:00,73916.46,73961.72,73916.46,73961.72,3.86208
2026-06-01 03:08:00,73961.73,73984.0,73961.73,73962.0,5.32093
2026-06-01 03:09:00,73962.01,73982.0,73962.0,73973.48,2.93916
2026-06-01 03:10:00,73973.48,73973.48,73926.11,73926.12,10.38067
2026-06-01 03:11:00,73926.12,73944.0,73924.0,73943.99,2.37543
2026-06-01 03:12:00,73944.0,73944.0,73907.73,73907.73,5.49727
2026-06-01 03:13:00,73907.73,73907.74,73886.0,73888.03,2.23001
2026-06-01 03:14:00,73888.03,73888.04,73875.99,73882.01,3.54158
2026-06-01 03:15:00,73882.0,73912.0,73882.0,73912.0,6.1114
2026-06-01 03:16:00,73911.99,73918.0,73866.78,73881.17,5.1639
2026-06-01 03:17:00,73881.17,73907.95,73881.17,73894.72,1.94115
2026-06-01 03:18:00,73894.72,73894.73,73800.0,73844.01,24.82768
2026-06-01 03:19:00,73844.01,73947.12,73844.0,73918.09,7.92857
2026-06-01 03:20:00,73918.09,73939.94,73918.08,73937.58,2.64625
2026-06-01 03:21:00,73937.59,73937.59,73920.0,73920.0,9.44245
2026-06-01 03:22:00,73920.0,73971.31,73906.33,73971.3,7.94488
2026-06-01 03:23:00,73971.31,73974.0,73939.94,73939.94,9.10183
2026-06-01 03:24:00,73939.95,73949.9,73939.94,73949.89,6.19614
2026-06-01 03:25:00,73949.9,73949.9,73897.97,73897.97,9.36816
2026-06-01 03:26:00,73897.27,73922.01,73887.21,73922.0,5.18893
2026-06-01 03:27:00,73922.0,73929.86,73919.15,73922.23,3.19998
2026-06-01 03:28:00,73922.23,73922.53,73918.08,73918.09,3.65043
2026-06-01 03:29:00,73918.08,73929.86,73918.08,73921.77,4.12001
2026-06-01 03:30:00,73921.78,73968.0,73921.77,73967.99,3.25053
2026-06-01 03:31:00,73968.0,73979.23,73955.46,73964.0,12.51394
2026-06-01 03:32:00,73964.01,73975.29,73964.0,73975.28,1.41338
2026-06-01 03:33:00,73975.29,73975.29,73962.0,73962.08,5.63684
2026-06-01 03:34:00,73962.08,73962.08,73928.0,73944.29,3.43102
2026-06-01 03:35:00,73944.29,73955.57,73938.0,73938.0,3.29383
2026-06-01 03:36:00,73938.01,73953.98,73938.0,73953.97,4.2112
2026-06-01 03:37:00,73953.97,73969.72,73953.97,73957.08,3.05814
2026-06-01 03:38:00,73957.09,73957.09,73942.09,73942.09,5.75956
2026-06-01 03:39:00,73942.09,73942.09,73892.0,73892.0,4.62488
2026-06-01 03:40:00,73892.01,73904.89,73858.0,73858.0,10.03987
2026-06-01 03:41:00,73858.0,73858.01,73800.0,73824.41,7.68299
2026-06-01 03:42:00,73824.4,73827.96,73820.62,73823.99,2.98774
2026-06-01 03:43:00,73823.99,73832.91,73823.99,73829.99,9.09214
2026-06-01 03:44:00,73830.0,73850.0,73825.53,73849.99,2.63819
2026-06-01 03:45:00,73850.0,73871.99,73850.0,73861.09,3.52531
2026-06-01 03:46:00,73861.1,73864.18,73848.69,73864.18,2.7992
2026-06-01 03:47:00,73864.18,73909.05,73864.17,73906.18,4.60498
2026-06-01 03:48:00,73906.17,73906.18,73897.71,73899.51,2.14644
2026-06-01 03:49:00,73899.52,73899.52,73878.61,73890.45,2.19322
2026-06-01 03:50:00,73890.44,73898.08,73890.44,73894.39,0.71662
2026-06-01 03:51:00,73894.38,73900.0,73883.69,73899.99,2.8921
2026-06-01 03:52:00,73900.0,73900.0,73832.09,73842.77,9.68373
2026-06-01 03:53:00,73842.78,73842.78,73807.43,73807.43,4.46192
2026-06-01 03:54:00,73807.43,73807.43,73752.8,73752.81,52.41507
2026-06-01 03:55:00,73752.8,73756.53,73743.52,73755.24,4.94111
2026-06-01 03:56:00,73755.24,73755.25,73735.47,73753.99,8.32628
2026-06-01 03:57:00,73753.99,73754.0,73738.0,73753.99,2.37539
2026-06-01 03:58:00,73754.0,73754.0,73742.79,73753.99,4.19388
2026-06-01 03:59:00,73754.0,73773.72,73753.99,73769.06,3.02304
2026-06-01 04:00:00,73769.06,73820.94,73762.32,73817.55,43.42183
2026-06-01 04:01:00,73817.54,73830.0,73812.25,73830.0,1.6668
2026-06-01 04:02:00,73830.0,73841.37,73824.02,73824.03,2.56207
2026-06-01 04:03:00,73824.04,73840.15,73803.0,73803.0,4.09219
2026-06-01 04:04:00,73803.01,73803.01,73782.0,73785.43,6.4346
2026-06-01 04:05:00,73785.44,73785.44,73750.0,73750.0,3.57467
2026-06-01 04:06:00,73750.0,73750.0,73703.0,73709.99,9.24307
2026-06-01 04:07:00,73710.0,73718.36,73674.62,73674.63,6.25038
2026-06-01 04:08:00,73674.62,73679.2,73663.07,73679.19,2.98948
2026-06-01 04:09:00,73679.2,73679.21,73676.6,73676.6,0.62424
2026-06-01 04:10:00,73676.61,73676.61,73640.3,73640.3,6.85565
2026-06-01 04:11:00,73640.3,73640.31,73590.0,73602.91,6.91866
2026-06-01 04:12:00,73602.92,73624.0,73596.09,73596.09,3.30073
2026-06-01 04:13:00,73596.1,73608.35,73584.93,73592.28,3.62753
2026-06-01 04:14:00,73592.28,73604.92,73592.28,73604.91,3.26665
2026-06-01 04:15:00,73604.91,73619.48,73604.91,73619.47,3.79852
2026-06-01 04:16:00,73619.48,73619.48,73606.01,73606.01,1.5744
2026-06-01 04:17:00,73606.0,73606.0,73575.99,73575.99,4.16227
2026-06-01 04:18:00,73576.0,73576.0,73511.99,73526.48,9.38268
2026-06-01 04:19:00,73526.48,73532.0,73505.37,73513.11,9.4719
2026-06-01 04:20:00,73513.11,73513.11,73472.0,73504.6,11.85048
2026-06-01 04:21:00,73504.6,73504.6,73454.0,73457.57,7.10519
2026-06-01 04:22:00,73457.57,73457.58,73408.1,73439.99,8.71169
2026-06-01 04:23:00,73440.0,73450.0,73438.0,73441.28,1.85417
2026-06-01 04:24:00,73441.27,73441.28,73407.86,73434.87,5.63316
2026-06-01 04:25:00,73434.88,73454.0,73428.83,73443.93,4.49437
2026-06-01 04:26:00,73443.93,73447.94,73432.3,73441.0,3.68247
2026-06-01 04:27:00,73441.0,73446.39,73421.31,73426.38,2.48762
2026-06-01 04:28:00,73426.38,73440.0,73408.06,73439.99,5.87536
2026-06-01 04:29:00,73440.0,73450.0,73408.0,73408.01,6.41736
2026-06-01 04:30:00,73408.01,73428.0,73408.0,73428.0,1.25002
2026-06-01 04:31:00,73428.0,73466.0,73427.99,73466.0,9.72515
2026-06-01 04:32:00,73466.0,73478.34,73448.0,73460.0,11.04169
2026-06-01 04:33:00,73460.0,73460.01,73428.13,73439.39,3.92905
2026-06-01 04:34:00,73439.4,73452.0,73439.39,73443.17,5.09725
2026-06-01 04:35:00,73443.17,73469.47,73436.0,73469.47,5.46137
2026-06-01 04:36:00,73469.47,73471.99,73457.57,73471.99,2.34797
2026-06-01 04:37:00,73472.0,73474.01,73454.43,73463.03,4.43737
2026-06-01 04:38:00,73463.03,73473.41,73457.57,73457.66,8.05786
2026-06-01 04:39:00,73457.65,73457.66,73436.47,73450.24,2.38177
2026-06-01 04:40:00,73450.24,73466.08,73450.24,73466.08,2.1975
2026-06-01 04:41:00,73466.08,73492.5,73466.08,73490.85,7.77237
2026-06-01 04:42:00,73490.85,73490.85,73478.0,73478.0,3.88164
2026-06-01 04:43:00,73478.01,73478.01,73466.06,73474.08,2.48168
2026-06-01 04:44:00,73474.08,73492.0,73474.08,73491.99,3.44338
2026-06-01 04:45:00,73491.99,73492.0,73448.0,73448.0,3.28473
2026-06-01 04:46:00,73448.01,73464.0,73448.0,73463.99,1.97666
2026-06-01 04:47:00,73463.99,73464.0,73448.0,73448.01,1.11249
2026-06-01 04:48:00,73448.0,73448.01,73416.01,73416.01,1.58529
2026-06-01 04:49:00,73416.01,73416.02,73348.74,73414.0,17.2555
2026-06-01 04:50:00,73414.0,73450.0,73414.0,73444.48,3.47379
2026-06-01 04:51:00,73444.47,73491.12,73444.47,73491.12,4.31387
2026-06-01 04:52:00,73491.11,73519.32,73491.11,73511.34,5.79339
2026-06-01 04:53:00,73511.33,73515.33,73511.33,73515.33,1.06467
2026-06-01 04:54:00,73515.32,73521.69,73507.04,73521.68,2.41142
2026-06-01 04:55:00,73521.68,73521.69,73505.42,73517.0,4.07483
2026-06-01 04:56:00,73517.0,73589.51,73516.99,73570.01,14.60248
2026-06-01 04:57:00,73570.0,73586.0,73564.18,73584.34,6.62343
2026-06-01 04:58:00,73584.33,73584.34,73572.67,73572.67,1.46945
2026-06-01 04:59:00,73572.68,73572.68,73536.0,73536.01,1.76901
2026-06-01 05:00:00,73536.01,73536.01,73519.98,73529.02,5.07808
2026-06-01 05:01:00,73529.03,73529.03,73457.57,73457.58,4.33288
2026-06-01 05:02:00,73457.58,73491.36,73457.57,73491.36,4.88009
2026-06-01 05:03:00,73491.36,73491.91,73482.04,73490.17,2.07373
2026-06-01 05:04:00,73490.17,73511.68,73490.17,73511.68,2.67961
2026-06-01 05:05:00,73511.68,73524.19,73511.68,73512.08,3.24072
2026-06-01 05:06:00,73512.09,73512.09,73484.01,73504.6,1.45106
2026-06-01 05:07:00,73504.6,73526.0,73504.59,73526.0,2.17772
2026-06-01 05:08:00,73526.0,73526.0,73520.0,73520.01,2.99004
2026-06-01 05:09:00,73520.0,73520.0,73494.0,73494.0,2.63247
2026-06-01 05:10:00,73494.01,73495.25,73478.0,73478.0,1.13137
2026-06-01 05:11:00,73478.0,73491.99,73473.97,73491.99,3.27502
2026-06-01 05:12:00,73491.99,73504.6,73491.98,73504.6,3.58016
2026-06-01 05:13:00,73504.59,73511.99,73497.05,73511.98,1.8136
2026-06-01 05:14:00,73511.99,73540.1,73510.0,73540.0,51.66676
2026-06-01 05:15:00,73540.0,73541.48,73509.66,73512.14,21.66148
2026-06-01 05:16:00,73512.14,73512.15,73476.01,73476.01,1.65804
2026-06-01 05:17:00,73476.02,73480.0,73463.38,73479.99,3.34424
2026-06-01 05:18:00,73479.99,73486.01,73471.46,73484.26,4.88951
2026-06-01 05:19:00,73484.25,73484.26,73468.16,73468.17,1.77143
2026-06-01 05:20:00,73468.17,73489.39,73468.16,73489.39,1.16835
2026-06-01 05:21:00,73489.39,73513.7,73489.39,73513.69,1.73325
2026-06-01 05:22:00,73513.7,73533.11,73500.01,73500.01,5.32042
2026-06-01 05:23:00,73500.02,73504.8,73500.01,73500.02,1.53328
2026-06-01 05:24:00,73500.02,73500.02,73457.99,73457.99,13.61871
2026-06-01 05:25:00,73458.0,73458.0,73381.48,73381.49,6.90025
2026-06-01 05:26:00,73381.49,73403.19,73381.49,73403.18,1.51999
2026-06-01 05:27:00,73403.19,73403.19,73360.0,73381.37,2.83724
2026-06-01 05:28:00,73381.38,73381.38,73372.54,73372.55,3.59181
2026-06-01 05:29:00,73372.55,73373.68,73350.39,73351.7,9.87257
2026-06-01 05:30:00,73351.7,73366.06,73351.69,73366.06,5.71317
2026-06-01 05:31:00,73366.06,73415.76,73366.06,73402.79,5.07949
2026-06-01 05:32:00,73402.79,73420.0,73396.0,73419.99,1.46187
2026-06-01 05:33:00,73420.0,73423.34,73398.0,73398.0,2.44615
2026-06-01 05:34:00,73398.01,73399.49,73396.0,73396.01,3.83492
2026-06-01 05:35:00,73396.01,73409.01,73396.0,73397.98,3.72642
2026-06-01 05:36:00,73397.97,73405.4,73378.0,73378.0,3.45381
2026-06-01 05:37:00,73378.0,73378.0,73328.32,73360.0,7.22459
2026-06-01 05:38:00,73360.0,73376.0,73359.98,73375.43,2.77818
2026-06-01 05:39:00,73375.43,73391.84,73375.43,73391.84,1.8956
2026-06-01 05:40:00,73391.84,73416.54,73391.84,73412.91,3.04087
2026-06-01 05:41:00,73412.92,73415.79,73403.31,73415.79,3.45802
2026-06-01 05:42:00,73415.79,73415.79,73415.78,73415.79,0.60328
2026-06-01 05:43:00,73415.78,73426.38,73412.55,73414.39,4.61818
2026-06-01 05:44:00,73414.4,73426.38,73413.47,73426.37,8.45478
2026-06-01 05:45:00,73426.37,73426.38,73410.11,73410.12,3.87511
2026-06-01 05:46:00,73410.12,73416.84,73410.11,73416.83,3.01861
2026-06-01 05:47:00,73416.84,73457.58,73416.83,73457.58,5.21491
2026-06-01 05:48:00,73457.57,73457.58,73445.44,73445.45,3.48379
2026-06-01 05:49:00,73445.45,73465.56,73419.84,73419.85,85.67595
2026-06-01 05:50:00,73419.85,73428.0,73404.36,73428.0,50.38604
2026-06-01 05:51:00,73427.99,73445.66,73427.99,73442.29,2.72467
2026-06-01 05:52:00,73442.3,73442.3,73432.25,73434.31,4.00028
2026-06-01 05:53:00,73434.3,73434.3,73400.0,73400.01,1.99257
2026-06-01 05:54:00,73400.01,73400.01,73400.0,73400.0,0.81199
2026-06-01 05:55:00,73400.01,73406.95,73400.0,73406.94,1.36957
2026-06-01 05:56:00,73406.94,73406.95,73405.0,73405.0,1.9661
2026-06-01 05:57:00,73405.0,73405.01,73380.0,73380.01,2.59955
2026-06-01 05:58:00,73380.0,73380.01,73340.46,73340.46,2.47854
2026-06-01 05:59:00,73340.46,73350.0,73340.0,73350.0,2.38702
2026-06-01 06:00:00,73349.99,73367.57,73349.99,73367.57,4.53485
2026-06-01 06:01:00,73367.56,73367.56,73340.72,73358.85,2.62751
2026-06-01 06:02:00,73358.84,73368.0,73358.84,73360.34,3.76157
2026-06-01 06:03:00,73360.35,73360.35,73307.69,73309.49,6.6479
2026-06-01 06:04:00,73309.5,73329.98,73294.21,73313.5,8.76913
2026-06-01 06:05:00,73313.51,73313.51,73278.92,73288.13,11.45707
2026-06-01 06:06:00,73288.13,73312.0,73288.13,73307.66,4.9284
2026-06-01 06:07:00,73307.66,73307.67,73288.13,73288.13,2.75008
2026-06-01 06:08:00,73288.13,73301.72,73265.39,73276.76,10.25338
2026-06-01 06:09:00,73276.76,73276.77,73242.02,73248.35,9.04211
2026-06-01 06:10:00,73248.34,73264.0,73242.02,73257.58,7.14936
2026-06-01 06:11:00,73257.59,73276.0,73257.59,73276.0,3.88591
2026-06-01 06:12:00,73275.99,73314.0,73275.99,73308.79,9.99695
2026-06-01 06:13:00,73308.78,73308.79,73274.71,73274.71,2.66768
2026-06-01 06:14:00,73274.71,73289.99,73272.33,73289.99,3.15011
2026-06-01 06:15:00,73289.98,73326.0,73289.98,73322.46,4.04292
2026-06-01 06:16:00,73322.46,73324.26,73296.03,73302.81,25.13659
2026-06-01 06:17:00,73302.8,73304.0,73282.76,73304.0,11.17669
2026-06-01 06:18:00,73304.0,73306.0,73284.17,73284.18,2.35763
2026-06-01 06:19:00,73284.18,73294.22,73280.0,73280.0,5.0418
2026-06-01 06:20:00,73280.0,73280.0,73226.0,73226.01,8.67988
2026-06-01 06:21:00,73226.01,73246.34,73226.0,73246.34,8.07617
2026-06-01 06:22:00,73246.33,73246.34,73226.0,73230.64,3.90853
2026-06-01 06:23:00,73230.65,73242.8,73180.0,73188.0,33.11392
2026-06-01 06:24:00,73188.0,73238.0,73144.0,73238.0,17.4174
2026-06-01 06:25:00,73237.99,73237.99,73180.48,73205.72,13.55353
2026-06-01 06:26:00,73205.72,73205.72,73177.5,73190.01,10.54907
2026-06-01 06:27:00,73190.0,73211.62,73190.0,73210.45,5.18297
2026-06-01 06:28:00,73210.44,73224.0,73186.01,73186.02,2.73913
2026-06-01 06:29:00,73186.01,73192.82,73186.01,73192.82,2.85235
2026-06-01 06:30:00,73192.81,73203.9,73144.0,73175.99,15.80679
2026-06-01 06:31:00,73175.99,73191.1,73165.24,73188.52,5.27806
2026-06-01 06:32:00,73188.52,73211.38,73188.52,73205.75,44.63832
2026-06-01 06:33:00,73205.75,73234.0,73195.98,73196.0,29.90575
2026-06-01 06:34:00,73196.01,73207.72,73179.84,73197.16,32.24654
2026-06-01 06:35:00,73197.16,73197.16,73146.0,73161.77,20.36933
2026-06-01 06:36:00,73161.76,73178.0,73158.01,73167.62,8.36384
2026-06-01 06:37:00,73167.62,73167.63,73129.03,73145.95,12.77159
2026-06-01 06:38:00,73145.96,73164.73,73145.95,73154.73,7.95203
2026-06-01 06:39:00,73154.72,73154.73,73117.0,73142.14,8.80351
2026-06-01 06:40:00,73142.14,73142.14,73122.99,73123.0,4.6671
2026-06-01 06:41:00,73122.99,73123.34,73107.34,73121.48,15.24785
2026-06-01 06:42:00,73121.48,73131.42,73092.7,73104.0,11.32818
2026-06-01 06:43:00,73104.0,73117.92,73058.96,73061.52,38.11096
2026-06-01 06:44:00,73061.53,73061.53,73004.99,73009.81,20.53615
2026-06-01 06:45:00,73009.81,73058.0,72950.01,73057.99,71.58505
2026-06-01 06:46:00,73057.99,73095.36,73040.0,73044.01,19.89718
2026-06-01 06:47:00,73044.01,73054.23,72994.21,73008.64,15.88481
2026-06-01 06:48:00,73008.64,73060.0,73005.32,73056.73,14.54683
2026-06-01 06:49:00,73056.73,73184.43,73056.73,73183.77,23.56366
2026-06-01 06:50:00,73183.76,73211.91,73168.0,73194.01,8.07575
2026-06-01 06:51:00,73194.0,73194.01,73186.67,73192.03,2.61198
2026-06-01 06:52:00,73192.03,73192.03,73187.62,73192.02,3.02487
2026-06-01 06:53:00,73192.02,73192.03,73161.6,73174.56,11.66743
2026-06-01 06:54:00,73174.57,73184.0,73124.01,73124.01,14.57144
2026-06-01 06:55:00,73124.0,73124.0,73069.99,73100.0,8.56145
2026-06-01 06:56:00,73100.0,73130.0,73100.0,73115.28,7.07742
2026-06-01 06:57:00,73115.27,73115.28,73094.42,73097.76,4.55831
2026-06-01 06:58:00,73097.76,73114.26,73097.76,73114.25,6.6105
2026-06-01 06:59:00,73114.26,73146.57,73114.25,73135.74,6.57672
2026-06-01 07:00:00,73135.75,73135.75,73110.0,73132.64,6.84977
2026-06-01 07:01:00,73132.64,73132.64,73086.79,73086.8,4.64709
2026-06-01 07:02:00,73086.8,73086.8,73046.59,73046.59,10.83026
2026-06-01 07:03:00,73046.59,73086.8,73046.59,73086.8,17.37026
2026-06-01 07:04:00,73086.79,73120.01,73086.79,73120.0,10.3696
2026-06-01 07:05:00,73119.99,73182.86,73119.99,73167.99,11.4829
2026-06-01 07:06:00,73167.99,73203.85,73151.22,73201.24,8.93416
2026-06-01 07:07:00,73201.23,73201.24,73177.03,73183.88,8.01112
2026-06-01 07:08:00,73183.88,73196.61,73183.88,73191.91,2.10722
2026-06-01 07:09:00,73191.9,73195.56,73182.01,73195.56,2.63536
2026-06-01 07:10:00,73195.56,73201.0,73195.55,73200.99,3.08964
2026-06-01 07:11:00,73201.0,73201.0,73167.41,73167.41,3.1865
2026-06-01 07:12:00,73167.41,73167.42,73140.86,73143.53,11.4618
2026-06-01 07:13:00,73143.54,73143.54,73129.99,73132.01,4.91773
2026-06-01 07:14:00,73132.01,73132.02,73094.73,73117.33,5.78397
2026-06-01 07:15:00,73117.33,73136.32,73100.0,73100.0,11.16279
2026-06-01 07:16:00,73100.01,73109.37,73088.0,73094.52,8.56242
2026-06-01 07:17:00,73094.52,73094.53,73000.01,73008.48,26.23898
2026-06-01 07:18:00,73008.48,73032.24,73000.51,73032.23,16.43653
2026-06-01 07:19:00,73032.24,73125.01,73032.24,73125.0,36.80164
2026-06-01 07:20:00,73125.0,73125.01,73086.0,73086.01,14.13956
2026-06-01 07:21:00,73086.01,73090.01,73032.0,73032.0,6.60884
2026-06-01 07:22:00,73032.0,73048.72,73031.79,73042.52,4.21389
2026-06-01 07:23:00,73042.52,73057.78,73020.0,73020.0,5.22868
2026-06-01 07:24:00,73020.0,73020.0,72954.36,72980.79,30.56589
2026-06-01 07:25:00,72980.79,73014.0,72980.79,73012.37,6.43425
2026-06-01 07:26:00,73012.37,73024.0,72988.0,73023.99,15.02652
2026-06-01 07:27:00,73024.0,73024.0,72994.99,73000.43,8.00991
2026-06-01 07:28:00,73000.43,73011.46,72979.7,72987.16,11.33992
2026-06-01 07:29:00,72987.16,72993.88,72979.71,72979.71,5.43641
2026-06-01 07:30:00,72979.72,72979.72,72954.85,72962.01,13.55592
2026-06-01 07:31:00,72962.01,72962.01,72910.0,72915.98,21.11274
2026-06-01 07:32:00,72915.99,72933.34,72912.0,72929.89,8.26846
2026-06-01 07:33:00,72929.89,72929.9,72866.0,72888.54,34.62072
2026-06-01 07:34:00,72888.54,72921.4,72887.07,72907.52,18.80053
2026-06-01 07:35:00,72907.52,72920.0,72883.42,72919.99,14.26437
2026-06-01 07:36:00,72920.0,72921.4,72912.7,72921.4,17.53278
2026-06-01 07:37:00,72921.4,72963.15,72921.4,72963.14,14.2533
2026-06-01 07:38:00,72963.14,72963.15,72958.08,72961.44,11.06521
2026-06-01 07:39:00,72961.44,72968.0,72948.88,72956.0,18.72725
2026-06-01 07:40:00,72956.0,72974.12,72936.54,72974.11,14.7529
2026-06-01 07:41:00,72974.11,72996.0,72972.8,72975.57,12.23302
2026-06-01 07:42:00,72975.56,72975.57,72956.51,72956.52,11.36222
2026-06-01 07:43:00,72956.52,72965.86,72948.0,72961.87,11.6545
2026-06-01 07:44:00,72961.88,72961.88,72950.0,72952.4,15.07462
2026-06-01 07:45:00,72952.4,72963.92,72946.5,72962.45,6.62891
2026-06-01 07:46:00,72962.46,72962.46,72946.5,72946.51,6.11706
2026-06-01 07:47:00,72946.51,72946.51,72770.37,72771.26,38.48918
2026-06-01 07:48:00,72771.27,72810.0,72751.0,72751.0,39.0456
2026-06-01 07:49:00,72751.0,72780.3,72704.0,72752.0,39.07191
2026-06-01 07:50:00,72752.0,72869.53,72751.99,72852.83,20.00604
2026-06-01 07:51:00,72852.84,72856.03,72827.99,72831.7,13.03924
2026-06-01 07:52:00,72831.7,72856.95,72831.69,72840.0,21.9598
2026-06-01 07:53:00,72840.0,72840.01,72786.0,72790.71,28.5475
2026-06-01 07:54:00,72790.7,72865.11,72790.7,72833.95,15.68766
2026-06-01 07:55:00,72833.95,72865.58,72822.78,72862.17,10.50882
2026-06-01 07:56:00,72862.17,72862.18,72827.11,72827.53,9.94524
2026-06-01 07:57:00,72827.52,72827.98,72820.01,72820.01,7.96291
2026-06-01 07:58:00,72820.01,72820.01,72791.05,72802.0,10.70678
2026-06-01 07:59:00,72801.99,72842.0,72801.99,72818.0,10.76183
2026-06-01 08:00:00,72818.0,72852.25,72798.1,72823.58,16.8116
2026-06-01 08:01:00,72823.58,72823.59,72795.38,72809.99,7.28179
2026-06-01 08:02:00,72809.99,72838.05,72809.99,72838.04,5.43142
2026-06-01 08:03:00,72838.05,72841.11,72819.99,72841.11,3.66322
2026-06-01 08:04:00,72841.1,72862.17,72835.99,72835.99,11.5145
2026-06-01 08:05:00,72835.99,72855.81,72831.43,72851.67,8.28131
2026-06-01 08:06:00,72851.67,72851.67,72833.21,72846.16,2.05052
2026-06-01 08:07:00,72846.16,72860.0,72831.59,72831.59,5.03799
2026-06-01 08:08:00,72831.59,72831.6,72784.69,72800.0,8.56468
2026-06-01 08:09:00,72800.0,72824.0,72800.0,72809.87,7.81757
2026-06-01 08:10:00,72809.86,72844.24,72808.0,72844.24,8.71962
2026-06-01 08:11:00,72844.24,72848.0,72829.03,72829.04,6.98155
2026-06-01 08:12:00,72829.04,72855.8,72829.03,72855.8,7.40213
2026-06-01 08:13:00,72855.8,72855.8,72841.12,72841.13,5.35175
2026-06-01 08:14:00,72841.13,72841.13,72817.82,72821.33,6.97613
2026-06-01 08:15:00,72821.33,72830.0,72814.0,72815.84,5.62553
2026-06-01 08:16:00,72815.84,72815.85,72790.3,72790.31,6.53697
2026-06-01 08:17:00,72790.31,72807.23,72778.0,72792.01,5.83833
2026-06-01 08:18:00,72792.0,72794.0,72752.0,72793.99,12.39276
2026-06-01 08:19:00,72794.0,72830.72,72789.41,72830.71,4.64629
2026-06-01 08:20:00,72830.72,72849.52,72829.99,72841.13,4.37956
2026-06-01 08:21:00,72841.13,72860.0,72827.09,72830.0,9.8516
2026-06-01 08:22:00,72830.0,72862.43,72829.99,72862.42,4.84723
2026-06-01 08:23:00,72862.43,72862.43,72855.13,72855.13,4.14108
2026-06-01 08:24:00,72855.13,72855.13,72836.0,72836.01,13.79319
2026-06-01 08:25:00,72836.0,72840.0,72832.6,72840.0,6.20068
2026-06-01 08:26:00,72839.99,72840.0,72839.99,72840.0,0.86844
2026-06-01 08:27:00,72839.99,72840.0,72832.17,72832.18,2.28625
2026-06-01 08:28:00,72832.18,72832.18,72762.04,72762.04,7.22591
2026-06-01 08:29:00,72762.04,72762.05,72642.85,72733.03,52.00939
2026-06-01 08:30:00,72733.03,72765.32,72619.98,72644.97,112.61447
2026-06-01 08:31:00,72644.97,72652.0,72610.03,72645.04,31.36943
2026-06-01 08:32:00,72645.04,72693.83,72644.0,72693.83,14.65309
2026-06-01 08:33:00,72693.82,72802.0,72693.82,72800.79,17.99318
2026-06-01 08:34:00,72800.8,72848.4,72800.79,72827.29,10.78732
2026-06-01 08:35:00,72827.29,72855.12,72827.29,72848.02,8.43983
2026-06-01 08:36:00,72848.02,72848.03,72836.0,72840.01,4.31238
2026-06-01 08:37:00,72840.0,72840.01,72824.0,72833.89,3.8449
2026-06-01 08:38:00,72833.88,72848.13,72833.88,72846.58,7.22373
2026-06-01 08:39:00,72846.59,72860.0,72844.28,72860.0,6.98215
2026-06-01 08:40:00,72859.99,72859.99,72850.0,72850.0,4.22878
2026-06-01 08:41:00,72850.01,72850.01,72792.59,72792.59,61.81406
2026-06-01 08:42:00,72792.58,72792.59,72693.33,72694.0,49.9894
2026-06-01 08:43:00,72694.01,72744.71,72668.64,72744.71,25.48889
2026-06-01 08:44:00,72744.71,72756.73,72744.7,72756.73,9.93566
2026-06-01 08:45:00,72756.72,72795.15,72756.72,72773.17,7.15755
2026-06-01 08:46:00,72773.18,72808.0,72770.0,72808.0,27.29188
2026-06-01 08:47:00,72808.0,72835.14,72808.0,72835.14,6.64563
2026-06-01 08:48:00,72835.15,72835.15,72817.13,72817.14,3.09852
2026-06-01 08:49:00,72817.13,72827.58,72817.13,72819.07,7.86474
2026-06-01 08:50:00,72819.07,72826.0,72805.14,72817.26,17.49306
2026-06-01 08:51:00,72817.25,72817.26,72808.78,72808.79,6.61975
2026-06-01 08:52:00,72808.79,72817.26,72808.78,72817.26,4.77353
2026-06-01 08:53:00,72817.26,72820.0,72817.25,72819.01,2.13103
2026-06-01 08:54:00,72819.01,72819.01,72816.48,72816.49,1.14581
2026-06-01 08:55:00,72816.49,72834.2,72816.48,72834.19,3.41074
2026-06-01 08:56:00,72834.2,72878.0,72834.2,72873.73,6.02221
2026-06-01 08:57:00,72873.72,72918.0,72873.47,72912.0,26.61781
2026-06-01 08:58:00,72911.99,72921.38,72911.99,72917.2,4.96359
2026-06-01 08:59:00,72917.2,72917.21,72891.63,72902.65,4.05397
2026-06-01 09:00:00,72902.64,72925.14,72902.64,72925.14,5.49499
2026-06-01 09:01:00,72925.14,72960.61,72925.13,72944.0,14.54732
2026-06-01 09:02:00,72944.0,72960.61,72943.99,72956.82,6.54729
2026-06-01 09:03:00,72956.82,72985.46,72951.29,72980.01,8.13215
2026-06-01 09:04:00,72980.01,72980.01,72966.15,72966.16,2.22057
2026-06-01 09:05:00,72966.15,73003.8,72966.15,73003.8,6.01828
2026-06-01 09:06:00,73003.8,73003.8,72996.0,72996.01,3.50893
2026-06-01 09:07:00,72996.0,72997.75,72978.08,72997.75,4.38395
2026-06-01 09:08:00,72997.74,73018.14,72997.74,73000.01,4.56601
2026-06-01 09:09:00,73000.01,73015.03,73000.0,73015.03,7.62501
2026-06-01 09:10:00,73015.03,73015.03,73015.02,73015.03,5.15291
2026-06-01 09:11:00,73015.02,73016.26,73015.02,73016.25,3.69228
2026-06-01 09:12:00,73016.26,73018.13,72993.85,72993.86,57.36835
2026-06-01 09:13:00,72993.85,72993.86,72980.01,72980.02,4.02445
2026-06-01 09:14:00,72980.01,72980.02,72973.33,72973.34,3.10028
2026-06-01 09:15:00,72973.34,72989.25,72966.0,72966.01,7.55319
2026-06-01 09:16:00,72966.0,72966.0,72950.0,72950.0,3.76076
2026-06-01 09:17:00,72950.0,72973.28,72946.0,72973.28,5.06272
2026-06-01 09:18:00,72973.28,72973.28,72962.91,72972.13,5.7343
2026-06-01 09:19:00,72972.12,72993.78,72972.12,72993.78,2.97495
2026-06-01 09:20:00,72993.78,73031.59,72993.77,73031.59,4.92786
2026-06-01 09:21:00,73031.59,73033.16,73019.0,73019.01,11.52466
2026-06-01 09:22:00,73019.0,73019.01,73006.49,73015.18,9.01584
2026-06-01 09:23:00,73015.19,73029.76,72939.24,72998.32,134.39383
2026-06-01 09:24:00,72998.32,73002.76,72998.31,73002.76,1.15491
2026-06-01 09:25:00,73002.75,73021.67,73000.0,73021.67,3.51521
2026-06-01 09:26:00,73021.66,73065.82,73021.66,73050.83,12.92834
2026-06-01 09:27:00,73050.82,73095.64,73049.42,73078.08,13.84156
2026-06-01 09:28:00,73078.07,73078.08,73015.44,73015.44,3.82808
2026-06-01 09:29:00,73015.45,73015.45,73004.02,73011.7,5.95397
2026-06-01 09:30:00,73011.7,73011.7,73002.48,73002.49,6.06628
2026-06-01 09:31:00,73002.48,73002.49,72976.29,72979.98,13.15334
2026-06-01 09:32:00,72979.97,73048.07,72979.97,73048.06,10.75549
2026-06-01 09:33:00,73048.06,73048.07,72994.37,72998.0,4.55717
2026-06-01 09:34:00,72997.99,72998.0,72977.88,72993.64,5.45827
2026-06-01 09:35:00,72993.65,73001.92,72956.68,72956.69,6.48721
2026-06-01 09:36:00,72956.69,72956.69,72938.31,72938.32,6.65136
2026-06-01 09:37:00,72938.32,72954.62,72938.31,72954.61,2.32656
2026-06-01 09:38:00,72954.62,72954.62,72948.15,72950.99,6.27839
2026-06-01 09:39:00,72951.0,72983.88,72950.99,72980.0,10.12084
2026-06-01 09:40:00,72980.01,72994.19,72980.0,72980.17,11.35874
2026-06-01 09:41:00,72980.17,72985.5,72963.97,72963.98,9.37925
2026-06-01 09:42:00,72963.97,72968.11,72934.0,72934.01,20.78458
2026-06-01 09:43:00,72934.0,72936.0,72919.77,72936.0,4.02067
2026-06-01 09:44:00,72936.0,72948.38,72936.0,72948.38,6.93657
2026-06-01 09:45:00,72948.38,73000.01,72948.38,72961.49,16.9195
2026-06-01 09:46:00,72961.5,72966.0,72950.0,72958.04,13.93543
2026-06-01 09:47:00,72958.04,72984.0,72958.04,72984.0,6.90254
2026-06-01 09:48:00,72983.99,73000.0,72983.99,72990.0,5.03599
2026-06-01 09:49:00,72990.01,73006.44,72979.99,72979.99,6.27721
2026-06-01 09:50:00,72980.0,72984.28,72970.0,72970.01,7.88956
2026-06-01 09:51:00,72970.01,73004.01,72774.72,72920.96,337.56098
2026-06-01 09:52:00,72920.97,72920.97,72600.0,72861.94,1110.29971
2026-06-01 09:53:00,72861.94,72910.0,72861.93,72902.02,24.53211
2026-06-01 09:54:00,72902.01,72902.02,72867.89,72867.9,14.1651
2026-06-01 09:55:00,72867.9,72867.9,72855.5,72856.0,9.30359
2026-06-01 09:56:00,72856.01,72863.83,72852.38,72863.83,4.18782
2026-06-01 09:57:00,72863.82,72880.77,72863.82,72877.53,8.19994
2026-06-01 09:58:00,72877.52,72877.53,72875.59,72875.6,5.52883
2026-06-01 09:59:00,72875.59,72880.0,72875.59,72880.0,3.59022
2026-06-01 10:00:00,72880.0,72900.73,72880.0,72893.31,5.61445
2026-06-01 10:01:00,72893.3,72893.31,72868.0,72869.8,15.30305
2026-06-01 10:02:00,72869.79,72869.8,72860.58,72862.71,8.09785
2026-06-01 10:03:00,72862.72,72862.72,72784.51,72788.95,18.34086
2026-06-01 10:04:00,72788.94,72788.95,72780.0,72783.15,7.7391
2026-06-01 10:05:00,72783.15,72785.63,72772.82,72779.99,10.40324
2026-06-01 10:06:00,72779.99,72826.0,72779.99,72826.0,12.97988
2026-06-01 10:07:00,72825.99,72826.0,72802.0,72802.01,7.28706
2026-06-01 10:08:00,72802.0,72867.11,72802.0,72867.11,11.09546
2026-06-01 10:09:00,72867.11,72867.11,72826.59,72826.6,7.52361
2026-06-01 10:10:00,72826.6,72836.32,72826.59,72836.32,6.26109
2026-06-01 10:11:00,72836.31,72839.33,72810.27,72834.25,7.22816
2026-06-01 10:12:00,72834.25,72834.25,72794.88,72794.88,5.05778
2026-06-01 10:13:00,72794.89,72794.89,72781.18,72781.19,5.60201
2026-06-01 10:14:00,72781.19,72791.04,72781.18,72785.46,2.95424
2026-06-01 10:15:00,72785.46,72785.47,72774.81,72774.81,2.0771
2026-06-01 10:16:00,72774.81,72796.0,72771.0,72796.0,4.80499
2026-06-01 10:17:00,72796.0,72800.28,72740.0,72740.0,13.95343
2026-06-01 10:18:00,72740.01,72756.56,72740.0,72756.55,6.28077
2026-06-01 10:19:00,72756.55,72756.56,72738.36,72740.34,7.14537
2026-06-01 10:20:00,72740.34,72766.01,72740.33,72756.01,6.32303
2026-06-01 10:21:00,72756.0,72800.28,72742.17,72745.86,8.27916
2026-06-01 10:22:00,72745.86,72745.86,72718.91,72718.91,2.61786
2026-06-01 10:23:00,72718.91,72718.92,72678.0,72678.01,14.03347
2026-06-01 10:24:00,72678.0,72706.67,72668.73,72698.0,6.04351
2026-06-01 10:25:00,72698.01,72720.64,72682.0,72682.0,7.74188
2026-06-01 10:26:00,72682.0,72687.59,72669.8,72672.32,13.62897
2026-06-01 10:27:00,72672.32,72690.05,72672.0,72690.05,7.80195
2026-06-01 10:28:00,72690.04,72690.05,72680.76,72680.76,3.23644
2026-06-01 10:29:00,72680.76,72705.72,72680.76,72705.71,7.30755
2026-06-01 10:30:00,72705.72,72772.06,72705.71,72771.99,8.68819
2026-06-01 10:31:00,72772.0,72790.25,72738.35,72738.35,7.03763
2026-06-01 10:32:00,72738.35,72738.35,72663.1,72663.1,15.06765
2026-06-01 10:33:00,72663.11,72663.11,72648.1,72648.11,5.95258
2026-06-01 10:34:00,72648.1,72648.1,72626.08,72635.99,6.79823
2026-06-01 10:35:00,72635.99,72665.74,72635.99,72663.82,9.28504
2026-06-01 10:36:00,72663.81,72663.82,72632.91,72647.49,10.55814
2026-06-01 10:37:00,72647.48,72647.49,72622.0,72622.01,4.25978
2026-06-01 10:38:00,72622.0,72622.01,72592.27,72613.99,18.67716
2026-06-01 10:39:00,72613.99,72642.32,72613.99,72642.32,8.45669
2026-06-01 10:40:00,72642.33,72665.74,72642.33,72660.5,7.43141
2026-06-01 10:41:00,72660.5,72700.0,72660.49,72700.0,8.05416
2026-06-01 10:42:00,72700.0,72704.91,72685.73,72704.9,5.0725
2026-06-01 10:43:00,72704.9,72704.9,72675.64,72675.64,5.93564
2026-06-01 10:44:00,72675.64,72704.49,72670.0,72704.49,10.54616
2026-06-01 10:45:00,72704.48,72738.36,72704.48,72736.56,9.72916
2026-06-01 10:46:00,72736.56,72762.57,72718.01,72726.22,5.51534
2026-06-01 10:47:00,72726.21,72738.0,72726.21,72737.99,3.10361
2026-06-01 10:48:00,72737.99,72745.29,72734.41,72740.01,4.88837
2026-06-01 10:49:00,72740.0,72754.06,72730.3,72749.8,10.06793
2026-06-01 10:50:00,72749.8,72749.8,72733.99,72742.62,6.46541
2026-06-01 10:51:00,72742.61,72759.39,72738.69,72759.39,8.3424
2026-06-01 10:52:00,72759.39,72781.56,72759.38,72773.0,6.98502
2026-06-01 10:53:00,72773.0,72779.09,72770.0,72776.01,13.56067
2026-06-01 10:54:00,72776.01,72776.01,72769.01,72769.63,2.51224
2026-06-01 10:55:00,72769.62,72796.74,72736.0,72736.0,19.6343
2026-06-01 10:56:00,72736.0,72741.9,72730.84,72741.89,4.99364
2026-06-01 10:57:00,72741.89,72741.9,72736.0,72736.0,5.49125
2026-06-01 10:58:00,72736.01,72746.0,72736.0,72745.99,4.58913
2026-06-01 10:59:00,72745.99,72748.88,72745.99,72748.88,2.02465
2026-06-01 11:00:00,72748.88,72763.16,72742.0,72742.01,4.77071
2026-06-01 11:01:00,72742.0,72742.0,72709.47,72715.99,9.17658
2026-06-01 11:02:00,72716.0,72736.0,72711.99,72735.99,3.23603
2026-06-01 11:03:00,72736.0,72748.8,72722.0,72734.02,3.39737
2026-06-01 11:04:00,72734.03,72736.96,72704.0,72704.0,3.94586
2026-06-01 11:05:00,72704.01,72704.01,72673.26,72699.99,11.08978
2026-06-01 11:06:00,72700.0,72710.38,72686.87,72710.38,4.60228
2026-06-01 11:07:00,72710.38,72724.0,72680.4,72680.4,7.22083
2026-06-01 11:08:00,72680.41,72724.74,72680.0,72724.74,11.87649
2026-06-01 11:09:00,72724.73,72751.26,72724.73,72751.26,4.01178
2026-06-01 11:10:00,72751.25,72756.0,72726.0,72726.01,11.83294
2026-06-01 11:11:00,72726.0,72726.0,72659.33,72659.34,4.74324
2026-06-01 11:12:00,72659.33,72676.45,72659.33,72676.44,2.96833
2026-06-01 11:13:00,72676.45,72689.59,72676.44,72689.58,1.7527
2026-06-01 11:14:00,72689.58,72689.59,72683.25,72683.25,1.36371
2026-06-01 11:15:00,72683.25,72683.26,72667.99,72667.99,3.58146
2026-06-01 11:16:00,72667.99,72671.34,72667.99,72671.34,8.27014
2026-06-01 11:17:00,72671.33,72702.93,72671.33,72702.93,6.38331
2026-06-01 11:18:00,72702.92,72716.84,72702.92,72709.21,4.62424
2026-06-01 11:19:00,72709.21,72725.31,72709.21,72725.31,2.77092
2026-06-01 11:20:00,72725.31,72737.69,72710.1,72715.1,4.12767
2026-06-01 11:21:00,72715.1,72715.1,72660.0,72686.95,9.56756
2026-06-01 11:22:00,72686.96,72708.97,72686.95,72708.97,4.49326
2026-06-01 11:23:00,72708.97,72708.97,72690.8,72707.01,4.31911
2026-06-01 11:24:00,72707.02,72707.02,72686.32,72686.32,4.69907
2026-06-01 11:25:00,72686.32,72686.33,72660.0,72660.01,2.20323
2026-06-01 11:26:00,72660.01,72660.01,72654.24,72660.01,1.90856
2026-06-01 11:27:00,72660.01,72678.0,72660.01,72666.55,14.66809
2026-06-01 11:28:00,72666.55,72671.15,72666.54,72671.14,4.33646
2026-06-01 11:29:00,72671.15,72675.77,72671.14,72672.0,3.46407
2026-06-01 11:30:00,72672.01,72672.01,72648.19,72648.19,2.02149
2026-06-01 11:31:00,72648.19,72650.17,72638.02,72638.8,3.69029
2026-06-01 11:32:00,72638.79,72644.0,72610.17,72620.4,26.50323
2026-06-01 11:33:00,72620.41,72631.56,72610.91,72620.01,8.24424
2026-06-01 11:34:00,72620.02,72644.0,72620.01,72644.0,4.46985
2026-06-01 11:35:00,72643.99,72679.66,72643.99,72660.38,9.96589
2026-06-01 11:36:00,72660.38,72680.0,72660.35,72680.0,8.74627
2026-06-01 11:37:00,72680.0,72685.23,72674.0,72674.01,6.00667
2026-06-01 11:38:00,72674.0,72674.01,72659.99,72660.0,2.74041
2026-06-01 11:39:00,72660.0,72665.62,72641.2,72658.0,4.32186
2026-06-01 11:40:00,72658.0,72701.65,72658.0,72693.61,7.36274
2026-06-01 11:41:00,72693.62,72712.0,72688.0,72700.74,9.42257
2026-06-01 11:42:00,72700.73,72741.28,72700.73,72726.01,5.25776
2026-06-01 11:43:00,72726.01,72738.0,72726.0,72732.68,2.71534
2026-06-01 11:44:00,72732.69,72732.69,72721.06,72721.07,1.74552
2026-06-01 11:45:00,72721.07,72744.0,72721.06,72736.5,3.51832
2026-06-01 11:46:00,72736.5,72743.68,72736.5,72743.68,1.48949
2026-06-01 11:47:00,72743.67,72758.23,72743.67,72753.58,6.76908
2026-06-01 11:48:00,72753.58,72768.11,72753.58,72760.01,4.11831
2026-06-01 11:49:00,72760.0,72760.0,72702.01,72719.17,5.09637
2026-06-01 11:50:00,72719.18,72719.18,72672.86,72672.87,4.1555
2026-06-01 11:51:00,72672.87,72706.32,72670.0,72705.38,4.08923
2026-06-01 11:52:00,72705.38,72716.0,72702.0,72702.01,2.11395
2026-06-01 11:53:00,72702.0,72702.01,72702.0,72702.0,1.07772
2026-06-01 11:54:00,72702.01,72702.01,72672.3,72672.31,2.81997
2026-06-01 11:55:00,72672.31,72678.0,72672.3,72673.14,2.6491
2026-06-01 11:56:00,72673.13,72673.14,72673.13,72673.14,1.88327
2026-06-01 11:57:00,72673.14,72673.14,72550.1,72558.76,40.35875
2026-06-01 11:58:00,72558.76,72572.17,72290.0,72377.75,291.1346
2026-06-01 11:59:00,72377.76,72480.0,72346.0,72479.99,129.71679
2026-06-01 12:00:00,72480.0,72610.0,72338.78,72338.78,95.35252
2026-06-01 12:01:00,72338.78,72373.17,72288.16,72356.0,58.84031
2026-06-01 12:02:00,72356.0,72356.01,72279.44,72280.46,23.83986
2026-06-01 12:03:00,72280.47,72287.94,72194.03,72239.98,74.50379
2026-06-01 12:04:00,72239.99,72376.0,72239.99,72319.77,94.89233
2026-06-01 12:05:00,72318.55,72332.0,72292.0,72323.46,61.00122
2026-06-01 12:06:00,72323.46,72384.0,72318.32,72318.33,14.0403
2026-06-01 12:07:00,72318.32,72318.32,72226.67,72241.02,20.54666
2026-06-01 12:08:00,72240.0,72240.0,72130.0,72130.01,38.37454
2026-06-01 12:09:00,72130.0,72139.21,72051.0,72108.01,101.98893
2026-06-01 12:10:00,72108.01,72189.99,72078.0,72078.01,39.23157
2026-06-01 12:11:00,72078.01,72095.54,71902.98,71966.0,278.15987
2026-06-01 12:12:00,71965.99,72034.95,71931.69,72002.98,73.34755
2026-06-01 12:13:00,72002.98,72054.53,71992.02,72017.21,121.25329
2026-06-01 12:14:00,72017.21,72055.23,71992.02,72052.55,30.54146
2026-06-01 12:15:00,72052.55,72121.89,72052.55,72106.03,25.58838
2026-06-01 12:16:00,72106.03,72116.35,72072.01,72076.01,16.39993
2026-06-01 12:17:00,72076.01,72103.79,72061.6,72101.73,11.09462
2026-06-01 12:18:00,72101.73,72116.03,72028.0,72077.76,45.05109
2026-06-01 12:19:00,72077.76,72130.77,72073.42,72098.02,27.67837
2026-06-01 12:20:00,72098.02,72220.68,72094.83,72217.08,44.58162
2026-06-01 12:21:00,72217.08,72298.44,72202.0,72254.0,26.49428
2026-06-01 12:22:00,72254.0,72256.34,72162.0,72162.01,9.24328
2026-06-01 12:23:00,72162.01,72183.02,72162.0,72183.02,57.30902
2026-06-01 12:24:00,72183.02,72213.6,72183.01,72209.62,8.83056
2026-06-01 12:25:00,72209.61,72238.02,72209.61,72229.81,12.02606
2026-06-01 12:26:00,72229.82,72230.91,72186.08,72211.43,17.77779
2026-06-01 12:27:00,72211.43,72235.82,72211.37,72228.01,10.84745
2026-06-01 12:28:00,72228.01,72228.01,72218.01,72226.0,4.95305
2026-06-01 12:29:00,72226.0,72250.0,72226.0,72227.44,17.27729
2026-06-01 12:30:00,72227.44,72236.0,72198.69,72214.02,9.86161
2026-06-01 12:31:00,72214.01,72228.0,72188.88,72224.6,20.68185
2026-06-01 12:32:00,72224.61,72255.18,72224.6,72227.52,10.39691
2026-06-01 12:33:00,72226.86,72230.0,72216.61,72224.01,19.99975
2026-06-01 12:34:00,72224.01,72227.45,72205.05,72220.33,18.35212
2026-06-01 12:35:00,72220.33,72236.93,72212.65,72224.68,7.60544
2026-06-01 12:36:00,72224.69,72307.69,72224.68,72307.69,16.50945
2026-06-01 12:37:00,72307.69,72311.99,72226.0,72240.0,14.32084
2026-06-01 12:38:00,72240.0,72304.98,72239.99,72303.31,14.29265
2026-06-01 12:39:00,72303.31,72321.95,72291.61,72316.0,8.92643
2026-06-01 12:40:00,72316.0,72316.01,72248.0,72248.0,6.68889
2026-06-01 12:41:00,72248.01,72270.55,72220.7,72258.73,9.19962
2026-06-01 12:42:00,72258.74,72278.08,72255.34,72255.35,5.61147
2026-06-01 12:43:00,72255.34,72255.35,72210.33,72227.26,11.76514
2026-06-01 12:44:00,72227.25,72278.0,72227.25,72275.22,11.71724
2026-06-01 12:45:00,72275.22,72294.0,72231.15,72231.16,10.18973
2026-06-01 12:46:00,72231.16,72231.16,72160.0,72160.0,10.76606
2026-06-01 12:47:00,72160.01,72172.41,72144.01,72152.33,12.26181
2026-06-01 12:48:00,72152.32,72152.32,72116.34,72149.99,42.56156
2026-06-01 12:49:00,72150.0,72165.46,72149.99,72162.01,6.28901
2026-06-01 12:50:00,72162.01,72165.01,72149.99,72165.0,12.93629
2026-06-01 12:51:00,72165.01,72180.69,72165.01,72179.77,9.82356
2026-06-01 12:52:00,72179.76,72208.0,72174.0,72190.16,13.50045
2026-06-01 12:53:00,72190.16,72206.0,72188.0,72197.02,6.26173
2026-06-01 12:54:00,72197.03,72200.01,72122.0,72130.0,6.54128
2026-06-01 12:55:00,72130.0,72149.97,72130.0,72144.0,5.02748
2026-06-01 12:56:00,72144.01,72230.0,72144.0,72190.57,30.43523
2026-06-01 12:57:00,72190.58,72202.0,72176.0,72202.0,9.18339
2026-06-01 12:58:00,72202.0,72221.99,72194.97,72198.0,14.56061
2026-06-01 12:59:00,72198.0,72221.74,72198.0,72221.73,17.40426
2026-06-01 13:00:00,72221.74,72236.0,72195.0,72218.27,12.32054
2026-06-01 13:01:00,72218.27,72243.52,72190.31,72190.31,44.06176
2026-06-01 13:02:00,72190.32,72199.38,72050.1,72079.99,50.85918
2026-06-01 13:03:00,72080.0,72096.0,72044.0,72059.86,14.9303
2026-06-01 13:04:00,72059.87,72077.65,72016.04,72030.96,14.14053
2026-06-01 13:05:00,72030.95,72030.96,72016.04,72019.81,5.8868
2026-06-01 13:06:00,72019.82,72026.76,72005.21,72025.4,14.62453
2026-06-01 13:07:00,72025.4,72025.4,72001.34,72001.34,17.07795
2026-06-01 13:08:00,72001.35,72010.0,72000.0,72000.0,16.1504
2026-06-01 13:09:00,72000.01,72031.91,71990.93,72004.0,33.01801
2026-06-01 13:10:00,72004.01,72004.01,71909.2,71909.21,37.78928
2026-06-01 13:11:00,71909.2,71961.26,71826.03,71849.41,74.11142
2026-06-01 13:12:00,71849.41,71920.34,71767.17,71826.54,95.97344
2026-06-01 13:13:00,71826.54,71890.0,71738.75,71742.27,51.83345
2026-06-01 13:14:00,71742.27,71899.0,71736.2,71843.01,60.88902
2026-06-01 13:15:00,71843.02,71960.91,71840.0,71900.0,56.8385
2026-06-01 13:16:00,71899.99,71950.86,71874.21,71906.66,36.41909
2026-06-01 13:17:00,71906.66,72025.99,71906.66,71972.53,29.56764
2026-06-01 13:18:00,71972.53,71982.0,71936.0,71982.0,12.84416
2026-06-01 13:19:00,71982.0,72000.0,71921.62,71937.94,24.32715
2026-06-01 13:20:00,71937.94,71973.13,71937.94,71965.61,18.66561
2026-06-01 13:21:00,71965.61,71999.66,71905.0,71928.0,51.55624
2026-06-01 13:22:00,71928.0,71949.2,71896.0,71926.0,34.43343
2026-06-01 13:23:00,71926.01,71927.17,71844.64,71844.64,29.45711
2026-06-01 13:24:00,71844.64,71858.0,71776.11,71805.99,20.90737
2026-06-01 13:25:00,71805.99,71839.46,71775.2,71838.68,33.46921
2026-06-01 13:26:00,71838.67,71839.03,71775.41,71775.42,22.41884
2026-06-01 13:27:00,71775.42,71846.67,71750.0,71846.67,36.76643
2026-06-01 13:28:00,71846.66,71862.27,71806.0,71806.01,39.02625
2026-06-01 13:29:00,71806.0,71838.95,71791.62,71828.58,29.84569
2026-06-01 13:30:00,71828.59,71903.18,71647.01,71775.98,210.70792
2026-06-01 13:31:00,71775.98,71894.79,71712.8,71823.7,81.33418
2026-06-01 13:32:00,71823.7,71966.1,71785.21,71950.87,48.83957
2026-06-01 13:33:00,71950.87,72002.0,71918.6,71958.72,48.52058
2026-06-01 13:34:00,71958.71,72051.2,71935.2,71961.99,45.79645
2026-06-01 13:35:00,71961.99,72029.83,71945.22,72023.04,35.92928
2026-06-01 13:36:00,72023.04,72023.04,71910.36,71931.67,51.08784
2026-06-01 13:37:00,71931.67,71931.67,71871.93,71899.63,25.48299
2026-06-01 13:38:00,71899.64,71956.0,71898.0,71938.62,24.51661
2026-06-01 13:39:00,71938.63,71951.8,71880.0,71880.0,37.17572
2026-06-01 13:40:00,71880.0,71880.0,71624.0,71630.01,69.17856
2026-06-01 13:41:00,71630.0,71765.37,71608.0,71760.83,69.29523
2026-06-01 13:42:00,71760.84,71806.68,71721.74,71742.04,32.07525
2026-06-01 13:43:00,71742.04,71748.07,71713.07,71722.13,22.61598
2026-06-01 13:44:00,71722.13,71723.39,71581.03,71599.99,68.70863
2026-06-01 13:45:00,71599.99,71727.9,71599.98,71704.0,43.6364
2026-06-01 13:46:00,71704.0,71728.8,71680.0,71703.47,26.39772
2026-06-01 13:47:00,71703.48,71756.0,71678.0,71695.99,23.75846
2026-06-01 13:48:00,71696.0,71733.94,71665.97,71672.26,22.27408
2026-06-01 13:49:00,71672.27,71672.27,71595.43,71636.01,31.45124
2026-06-01 13:50:00,71636.02,71724.55,71636.02,71693.45,35.70289
2026-06-01 13:51:00,71693.45,71738.0,71610.78,71671.27,50.083
2026-06-01 13:52:00,71671.26,71671.26,71581.0,71602.0,28.69819
2026-06-01 13:53:00,71602.0,71648.65,71588.03,71600.82,24.82209
2026-06-01 13:54:00,71600.83,71618.0,71580.0,71603.42,22.00819
2026-06-01 13:55:00,71603.42,71603.42,71389.88,71549.8,235.21787
2026-06-01 13:56:00,71549.8,71549.8,71448.67,71462.98,81.16416
2026-06-01 13:57:00,71462.97,71465.99,71395.14,71395.15,45.94416
2026-06-01 13:58:00,71395.15,72094.7,71391.43,71636.0,399.67273
2026-06-01 13:59:00,71635.99,71744.0,71614.03,71711.89,74.22966
2026-06-01 14:00:00,71711.89,71730.0,71605.82,71623.99,54.25364
2026-06-01 14:01:00,71623.99,71882.0,71623.99,71856.36,68.13966
2026-06-01 14:02:00,71856.36,71880.61,71790.83,71860.68,46.23963
2026-06-01 14:03:00,71860.68,71860.68,71777.0,71810.0,41.7782
2026-06-01 14:04:00,71809.99,71887.6,71809.99,71879.99,24.36934
2026-06-01 14:05:00,71880.0,71880.0,71808.81,71812.0,24.72395
2026-06-01 14:06:00,71812.0,71812.0,71699.78,71700.01,29.71388
2026-06-01 14:07:00,71700.0,71700.01,71629.96,71666.67,33.22518
2026-06-01 14:08:00,71666.68,71766.43,71666.67,71766.42,22.47542
2026-06-01 14:09:00,71766.43,71767.57,71696.0,71698.0,24.94797
2026-06-01 14:10:00,71698.0,71703.77,71629.99,71629.99,17.85184
2026-06-01 14:11:00,71629.99,71639.83,71526.7,71542.44,55.17366
2026-06-01 14:12:00,71540.74,71622.01,71540.74,71595.98,43.37406
2026-06-01 14:13:00,71595.99,71655.24,71590.01,71653.7,99.55757
2026-06-01 14:14:00,71653.69,71691.53,71642.15,71670.49,39.02357
2026-06-01 14:15:00,71670.49,71670.49,71560.0,71560.0,30.53498
2026-06-01 14:16:00,71560.01,71714.05,71536.02,71712.39,86.02245
2026-06-01 14:17:00,71712.4,71719.55,71634.93,71696.59,56.48008
2026-06-01 14:18:00,71696.59,71735.17,71633.62,71663.4,67.60315
2026-06-01 14:19:00,71663.4,71696.21,71585.98,71585.99,22.16028
2026-06-01 14:20:00,71585.99,71648.0,71580.0,71605.96,22.24836
2026-06-01 14:21:00,71605.95,71632.43,71562.67,71577.41,22.13888
2026-06-01 14:22:00,71577.41,71631.09,71562.27,71587.15,21.61968
2026-06-01 14:23:00,71587.16,71661.5,71587.16,71661.5,29.61814
2026-06-01 14:24:00,71661.5,71661.5,71598.89,71598.9,16.51295
2026-06-01 14:25:00,71598.9,71661.8,71574.01,71649.99,18.76978
2026-06-01 14:26:00,71650.0,71650.0,71529.99,71547.06,25.36666
2026-06-01 14:27:00,71547.06,71547.07,71472.0,71488.05,26.63499
2026-06-01 14:28:00,71488.06,71580.07,71488.05,71576.02,30.21317
2026-06-01 14:29:00,71576.02,71576.02,71519.71,71532.0,35.56584
2026-06-01 14:30:00,71532.0,71591.05,71503.36,71581.96,25.47505
2026-06-01 14:31:00,71581.97,71581.97,71501.35,71514.0,27.88178
2026-06-01 14:32:00,71513.99,71597.8,71490.81,71553.47,50.93419
2026-06-01 14:33:00,71553.46,71553.47,71363.43,71471.6,165.51154
2026-06-01 14:34:00,71471.6,71503.28,71447.37,71482.02,48.64942
2026-06-01 14:35:00,71482.01,71576.42,71482.01,71560.02,28.77395
2026-06-01 14:36:00,71560.01,71581.95,71499.7,71499.7,23.70406
2026-06-01 14:37:00,71498.41,71546.6,71494.52,71526.01,21.01287
2026-06-01 14:38:00,71526.01,71533.05,71506.0,71522.81,15.03332
2026-06-01 14:39:00,71522.82,71522.82,71457.72,71482.67,27.08429
2026-06-01 14:40:00,71482.67,71536.0,71482.66,71523.96,29.99561
2026-06-01 14:41:00,71523.96,71523.96,71496.4,71505.59,15.90891
2026-06-01 14:42:00,71505.59,71529.28,71490.0,71501.53,18.95524
2026-06-01 14:43:00,71501.54,71522.83,71414.28,71510.36,37.14424
2026-06-01 14:44:00,71510.37,71510.37,71426.98,71491.98,46.27381
2026-06-01 14:45:00,71491.99,71510.0,71464.01,71498.78,26.37552
2026-06-01 14:46:00,71498.79,71539.29,71497.11,71532.91,22.2448
2026-06-01 14:47:00,71532.91,71532.91,71501.7,71508.2,17.41941
2026-06-01 14:48:00,71508.21,71600.0,71496.0,71582.42,41.81815
2026-06-01 14:49:00,71582.43,71582.43,71498.93,71507.26,21.83887
2026-06-01 14:50:00,71507.26,71586.72,71507.26,71586.72,36.61297
2026-06-01 14:51:00,71586.72,71617.09,71504.01,71504.02,22.24572
2026-06-01 14:52:00,71504.01,71504.02,71414.28,71417.26,23.51117
2026-06-01 14:53:00,71417.27,71483.48,71417.26,71458.01,20.2264
2026-06-01 14:54:00,71458.01,71471.15,71432.14,71437.75,20.56402
2026-06-01 14:55:00,71437.75,71464.0,71433.5,71441.37,21.18286
2026-06-01 14:56:00,71441.36,71441.37,71428.0,71435.14,11.75734
2026-06-01 14:57:00,71435.13,71446.0,71430.42,71446.0,11.50195
2026-06-01 14:58:00,71445.99,71492.81,71445.99,71492.8,17.70662
2026-06-01 14:59:00,71492.81,71567.91,71492.8,71567.91,27.03464
2026-06-01 15:00:00,71567.91,71591.72,71550.46,71577.39,20.96877
2026-06-01 15:01:00,71577.39,71638.0,71571.93,71632.94,25.73052
2026-06-01 15:02:00,71632.94,71668.76,71608.0,71625.18,21.84782
2026-06-01 15:03:00,71625.18,71648.0,71570.0,71570.0,14.50108
2026-06-01 15:04:00,71570.0,71618.0,71570.0,71608.01,20.22426
2026-06-01 15:05:00,71608.01,71608.01,71538.72,71574.0,24.86074
2026-06-01 15:06:00,71573.99,71638.37,71564.66,71624.0,19.44091
2026-06-01 15:07:00,71624.0,71650.0,71584.0,71650.0,10.48405
2026-06-01 15:08:00,71650.0,71677.55,71606.35,71606.36,15.80796
2026-06-01 15:09:00,71606.35,71606.36,71569.38,71569.39,23.84995
2026-06-01 15:10:00,71569.38,71596.47,71563.99,71573.99,9.8903
2026-06-01 15:11:00,71573.99,71573.99,71442.25,71460.0,13.85843
2026-06-01 15:12:00,71460.0,71518.0,71426.15,71509.21,32.65272
2026-06-01 15:13:00,71509.2,71524.1,71509.2,71523.44,9.20164
2026-06-01 15:14:00,71523.45,71525.32,71515.91,71515.92,5.73279
2026-06-01 15:15:00,71515.92,71528.65,71480.63,71488.0,12.91805
2026-06-01 15:16:00,71488.0,71488.0,71400.0,71403.62,17.96414
2026-06-01 15:17:00,71403.62,71426.84,71333.33,71354.16,52.68578
2026-06-01 15:18:00,71354.16,71376.0,71250.0,71299.0,93.07214
2026-06-01 15:19:00,71299.0,71343.29,71248.0,71254.48,38.75045
2026-06-01 15:20:00,71254.49,71331.01,71230.0,71309.59,53.75217
2026-06-01 15:21:00,71309.59,71335.35,71287.5,71300.0,19.24396
2026-06-01 15:22:00,71300.01,71316.0,71271.09,71282.47,18.02674
2026-06-01 15:23:00,71282.47,71282.47,71197.96,71199.82,43.22735
2026-06-01 15:24:00,71199.83,71214.0,71177.72,71178.29,23.95763
2026-06-01 15:25:00,71178.29,71200.43,71138.49,71163.96,54.87234
2026-06-01 15:26:00,71163.97,71217.34,71149.22,71158.0,34.4292
2026-06-01 15:27:00,71158.0,71224.05,71151.97,71216.0,63.74758
2026-06-01 15:28:00,71216.0,71224.04,71134.27,71134.27,22.04042
2026-06-01 15:29:00,71134.27,71146.31,71066.33,71084.35,77.02465
2026-06-01 15:30:00,71084.35,71355.43,71076.0,71264.01,108.26276
2026-06-01 15:31:00,71264.01,71350.0,71254.0,71321.07,36.21815
2026-06-01 15:32:00,71321.06,71336.0,71288.0,71319.05,8.68552
2026-06-01 15:33:00,71319.05,71366.46,71288.0,71341.34,31.49141
2026-06-01 15:34:00,71341.34,71412.0,71339.97,71378.0,22.04961
2026-06-01 15:35:00,71377.99,71430.26,71334.01,71418.57,18.2308
2026-06-01 15:36:00,71418.57,71491.77,71418.56,71479.45,29.93182
2026-06-01 15:37:00,71479.45,71480.16,71337.19,71381.36,56.51584
2026-06-01 15:38:00,71381.35,71388.99,71335.57,71354.08,12.58656
2026-06-01 15:39:00,71354.07,71354.08,71268.13,71300.0,32.65988
2026-06-01 15:40:00,71299.99,71326.0,71274.59,71279.99,23.18571
2026-06-01 15:41:00,71279.99,71310.0,71261.68,71279.11,21.84413
2026-06-01 15:42:00,71279.12,71318.96,71275.4,71308.66,14.42163
2026-06-01 15:43:00,71308.65,71316.0,71282.54,71290.01,17.63253
2026-06-01 15:44:00,71290.01,71307.62,71274.42,71274.43,7.5502
2026-06-01 15:45:00,71274.42,71298.0,71274.42,71286.02,8.73222
2026-06-01 15:46:00,71286.01,71292.8,71188.0,71188.0,22.74804
2026-06-01 15:47:00,71188.0,71229.21,71180.0,71216.0,21.16777
2026-06-01 15:48:00,71216.01,71216.01,71154.0,71197.99,30.07262
2026-06-01 15:49:00,71198.0,71198.0,71155.98,71166.02,25.73541
2026-06-01 15:50:00,71166.02,71170.98,71128.97,71153.99,18.60904
2026-06-01 15:51:00,71154.0,71179.95,71136.0,71150.0,16.42291
2026-06-01 15:52:00,71150.01,71155.0,71110.52,71118.99,19.54545
2026-06-01 15:53:00,71119.0,71139.75,71116.58,71120.47,27.29121
2026-06-01 15:54:00,71120.46,71129.05,71092.11,71092.11,15.49891
2026-06-01 15:55:00,71092.12,71122.91,71083.34,71108.01,28.77278
2026-06-01 15:56:00,71108.01,71150.0,71108.0,71113.99,25.39119
2026-06-01 15:57:00,71113.99,71113.99,71086.02,71107.0,22.02493
2026-06-01 15:58:00,71107.01,71107.01,71072.57,71072.58,10.18219
2026-06-01 15:59:00,71072.57,71131.1,71072.57,71129.62,28.23839
2026-06-01 16:00:00,71129.62,71196.25,71124.0,71161.39,38.36644
2026-06-01 16:01:00,71161.38,71187.4,71106.67,71126.9,19.4521
2026-06-01 16:02:00,71126.9,71183.44,71126.9,71154.61,12.06916
2026-06-01 16:03:00,71154.61,71154.61,71118.77,71119.44,18.03173
2026-06-01 16:04:00,71119.44,71147.87,71119.44,71138.01,16.43918
2026-06-01 16:05:00,71138.01,71138.01,71097.71,71119.56,14.70288
2026-06-01 16:06:00,71119.56,71119.56,71073.11,71073.11,12.92825
2026-06-01 16:07:00,71073.11,71075.72,70985.0,71022.12,146.3275
2026-06-01 16:08:00,71022.12,71022.13,70906.58,70914.11,98.79777
2026-06-01 16:09:00,70914.11,70936.11,70896.85,70896.85,24.7325
2026-06-01 16:10:00,70896.86,70923.9,70828.59,70841.39,30.63762
2026-06-01 16:11:00,70841.38,70841.39,70792.78,70793.12,48.14778
2026-06-01 16:12:00,70793.13,70798.0,70712.0,70716.01,101.26583
2026-06-01 16:13:00,70716.01,70777.81,70686.68,70763.95,92.93765
2026-06-01 16:14:00,70763.94,70908.0,70748.0,70884.01,69.6577
2026-06-01 16:15:00,70884.01,70928.96,70852.66,70859.76,92.89868
2026-06-01 16:16:00,70859.75,70875.91,70813.88,70871.99,36.34587
2026-06-01 16:17:00,70872.0,70953.92,70856.28,70940.0,73.70873
2026-06-01 16:18:00,70940.0,70945.99,70912.64,70941.38,27.03695
2026-06-01 16:19:00,70941.38,70953.89,70908.0,70913.03,14.9815
2026-06-01 16:20:00,70913.02,70913.03,70889.82,70907.99,16.43049
2026-06-01 16:21:00,70907.99,70932.0,70907.99,70932.0,12.15766
2026-06-01 16:22:00,70932.0,70964.17,70932.0,70956.01,24.55483
2026-06-01 16:23:00,70956.01,70956.01,70922.23,70923.54,29.3898
2026-06-01 16:24:00,70923.54,70956.01,70923.54,70924.65,15.75504
2026-06-01 16:25:00,70924.65,70982.0,70918.04,70977.37,49.67429
2026-06-01 16:26:00,70977.37,71034.0,70977.36,70994.69,23.50696
2026-06-01 16:27:00,70994.69,71045.44,70970.0,71045.44,27.73726
2026-06-01 16:28:00,71045.44,71053.33,71028.5,71042.58,15.4845
2026-06-01 16:29:00,71042.58,71092.0,71020.61,71092.0,20.32576
2026-06-01 16:30:00,71091.99,71123.31,71042.58,71069.24,63.57856
2026-06-01 16:31:00,71069.25,71102.65,71058.0,71102.65,73.80923
2026-06-01 16:32:00,71102.65,71149.52,71099.02,71134.0,93.1601
2026-06-01 16:33:00,71134.0,71198.87,71130.0,71193.24,102.09684
2026-06-01 16:34:00,71193.24,71200.84,71160.0,71200.84,86.47463
2026-06-01 16:35:00,71200.83,71200.84,71152.0,71156.0,79.87761
2026-06-01 16:36:00,71155.99,71165.17,71110.0,71110.01,6.26281
2026-06-01 16:37:00,71110.01,71182.39,71102.1,71182.19,165.62327
2026-06-01 16:38:00,71182.19,71256.52,71156.08,71255.99,172.91274
2026-06-01 16:39:00,71255.98,71264.09,71216.0,71226.01,106.91702
2026-06-01 16:40:00,71226.01,71315.29,71203.38,71302.77,48.2405
2026-06-01 16:41:00,71302.76,71308.0,71254.02,71307.99,24.36332
2026-06-01 16:42:00,71308.0,71349.72,71298.0,71349.71,50.97531
2026-06-01 16:43:00,71349.72,71356.0,71336.43,71343.98,36.62957
2026-06-01 16:44:00,71343.99,71344.0,71324.64,71344.0,16.17531
2026-06-01 16:45:00,71344.0,71379.77,71343.99,71372.63,21.5224
2026-06-01 16:46:00,71372.62,71379.77,71372.62,71372.65,4.2916
2026-06-01 16:47:00,71372.65,71426.16,71372.64,71414.0,26.66092
2026-06-01 16:48:00,71414.0,71426.15,71404.0,71422.01,31.3693
2026-06-01 16:49:00,71422.01,71422.01,71352.02,71379.77,19.95131
2026-06-01 16:50:00,71379.77,71404.08,71341.94,71352.01,28.46886
2026-06-01 16:51:00,71352.01,71368.0,71350.42,71358.2,11.71348
2026-06-01 16:52:00,71358.21,71404.08,71358.21,71394.68,14.73674
2026-06-01 16:53:00,71394.69,71421.87,71389.1,71413.48,25.16528
2026-06-01 16:54:00,71413.48,71426.15,71379.76,71426.15,13.11612
2026-06-01 16:55:00,71426.15,71475.24,71426.14,71456.01,41.47049
2026-06-01 16:56:00,71456.01,71480.0,71455.99,71479.99,13.56541
2026-06-01 16:57:00,71479.99,71580.57,71479.99,71550.0,133.82808
2026-06-01 16:58:00,71550.0,71599.95,71513.99,71578.39,61.24894
2026-06-01 16:59:00,71578.4,71585.11,71538.84,71564.01,21.88593
2026-06-01 17:00:00,71564.01,71564.02,71495.95,71528.59,40.65934
2026-06-01 17:01:00,71528.6,71535.08,71473.16,71510.01,15.6115
2026-06-01 17:02:00,71510.01,71564.39,71510.0,71564.38,11.47073
2026-06-01 17:03:00,71564.39,71584.56,71534.45,71550.22,15.30195
2026-06-01 17:04:00,71550.22,71615.87,71544.01,71592.22,19.38319
2026-06-01 17:05:00,71592.22,71613.08,71559.29,71601.12,16.65074
2026-06-01 17:06:00,71601.12,71616.0,71587.0,71587.0,15.19173
2026-06-01 17:07:00,71587.0,71600.0,71584.55,71594.01,5.93344
2026-06-01 17:08:00,71594.01,71594.01,71564.0,71582.0,10.38449
2026-06-01 17:09:00,71581.99,71594.58,71564.01,71564.02,10.26429
2026-06-01 17:10:00,71564.01,71617.68,71564.01,71592.0,18.98858
2026-06-01 17:11:00,71592.0,71604.52,71592.0,71593.99,7.47025
2026-06-01 17:12:00,71594.0,71628.0,71593.99,71626.0,7.94843
2026-06-01 17:13:00,71625.99,71626.0,71614.97,71614.99,10.06371
2026-06-01 17:14:00,71614.99,71614.99,71586.95,71586.96,3.37666
2026-06-01 17:15:00,71586.95,71656.6,71586.95,71602.55,21.06909
2026-06-01 17:16:00,71602.56,71602.56,71548.57,71557.79,14.10115
2026-06-01 17:17:00,71557.8,71572.22,71522.78,71522.78,14.07312
2026-06-01 17:18:00,71522.78,71522.78,71469.64,71488.01,14.67863
2026-06-01 17:19:00,71488.01,71548.05,71484.0,71532.12,13.83841
2026-06-01 17:20:00,71532.12,71541.72,71524.9,71534.0,12.5241
2026-06-01 17:21:00,71534.01,71562.0,71524.9,71550.01,10.54175
2026-06-01 17:22:00,71550.01,71550.01,71533.33,71534.01,3.52343
2026-06-01 17:23:00,71534.01,71569.38,71534.0,71564.01,6.43838
2026-06-01 17:24:00,71564.0,71564.0,71545.68,71545.68,5.30038
2026-06-01 17:25:00,71545.69,71545.69,71516.02,71529.37,7.08758
2026-06-01 17:26:00,71529.37,71578.0,71529.37,71578.0,7.04821
2026-06-01 17:27:00,71578.0,71578.0,71554.0,71559.79,5.3918
2026-06-01 17:28:00,71559.79,71571.1,71548.01,71548.02,5.10241
2026-06-01 17:29:00,71548.01,71736.87,71548.01,71733.33,66.35456
2026-06-01 17:30:00,71733.32,71780.4,71692.4,71725.11,51.93507
2026-06-01 17:31:00,71725.11,71736.0,71680.0,71680.0,12.2755
2026-06-01 17:32:00,71679.01,71679.02,71557.68,71557.69,17.71036
2026-06-01 17:33:00,71557.68,71560.0,71538.46,71552.92,7.71764
2026-06-01 17:34:00,71552.93,71572.48,71531.51,71540.0,44.07619
2026-06-01 17:35:00,71540.01,71553.26,71532.41,71547.99,7.79163
2026-06-01 17:36:00,71548.0,71598.88,71548.0,71594.72,24.05377
2026-06-01 17:37:00,71594.72,71625.44,71594.72,71607.19,14.76983
2026-06-01 17:38:00,71607.2,71607.2,71584.55,71584.56,4.78085
2026-06-01 17:39:00,71584.55,71584.56,71542.71,71581.99,9.87631
2026-06-01 17:40:00,71582.0,71610.0,71568.0,71602.8,65.73549
2026-06-01 17:41:00,71602.81,71602.81,71564.0,71578.0,11.22039
2026-06-01 17:42:00,71578.0,71590.0,71574.0,71590.0,7.88583
2026-06-01 17:43:00,71590.0,71750.0,71584.55,71682.95,62.19526
2026-06-01 17:44:00,71682.95,71731.87,71665.99,71722.16,62.92831
2026-06-01 17:45:00,71722.16,71745.76,71655.98,71655.98,12.18843
2026-06-01 17:46:00,71655.99,71736.0,71655.99,71735.31,14.76519
2026-06-01 17:47:00,71735.31,71735.31,71686.96,71686.96,9.02228
2026-06-01 17:48:00,71686.96,71696.0,71686.95,71694.76,3.45227
2026-06-01 17:49:00,71694.77,71741.38,71694.76,71741.38,7.00524
2026-06-01 17:50:00,71741.37,71779.0,71725.42,71779.0,17.81449
2026-06-01 17:51:00,71779.0,71800.73,71739.38,71739.39,37.88533
2026-06-01 17:52:00,71739.39,71754.83,71710.97,71745.18,22.23226
2026-06-01 17:53:00,71745.17,71745.17,71687.05,71706.4,5.80493
2026-06-01 17:54:00,71706.4,71715.99,71700.12,71715.98,4.90148
2026-06-01 17:55:00,71715.98,71734.0,71708.0,71714.0,9.4953
2026-06-01 17:56:00,71714.0,71750.23,71714.0,71750.03,7.7191
2026-06-01 17:57:00,71750.02,71750.02,71723.67,71723.68,3.60896
2026-06-01 17:58:00,71723.68,71725.49,71656.52,71656.52,9.39003
2026-06-01 17:59:00,71656.52,71663.36,71622.67,71646.01,13.44764
2026-06-01 18:00:00,71646.0,71656.02,71630.0,71640.01,6.75669
2026-06-01 18:01:00,71640.78,71687.28,71640.78,71662.01,7.69834
2026-06-01 18:02:00,71662.0,71662.0,71616.31,71622.88,9.27949
2026-06-01 18:03:00,71622.88,71641.72,71604.23,71604.24,9.71839
2026-06-01 18:04:00,71604.24,71604.24,71600.0,71600.01,2.96421
2026-06-01 18:05:00,71600.0,71604.24,71596.0,71596.64,10.09332
2026-06-01 18:06:00,71596.63,71596.64,71584.55,71596.29,7.66936
2026-06-01 18:07:00,71596.28,71602.01,71559.69,71568.0,10.34464
2026-06-01 18:08:00,71568.01,71568.01,71542.96,71557.85,10.41746
2026-06-01 18:09:00,71557.86,71588.0,71555.28,71582.0,15.65311
2026-06-01 18:10:00,71582.0,71598.86,71564.0,71564.0,12.4974
2026-06-01 18:11:00,71564.0,71564.01,71508.22,71508.22,21.66774
2026-06-01 18:12:00,71508.22,71508.23,71472.0,71472.0,17.86631
2026-06-01 18:13:00,71472.0,71491.15,71465.28,71482.16,8.07144
2026-06-01 18:14:00,71482.17,71482.17,71477.45,71477.46,2.93102
2026-06-01 18:15:00,71477.46,71507.59,71477.45,71480.0,10.31172
2026-06-01 18:16:00,71480.0,71480.0,71448.79,71448.8,9.12523
2026-06-01 18:17:00,71448.8,71451.42,71384.38,71389.56,15.26865
2026-06-01 18:18:00,71389.55,71422.98,71386.0,71411.52,9.05544
2026-06-01 18:19:00,71411.53,71411.53,71399.57,71399.58,11.94074
2026-06-01 18:20:00,71399.57,71399.58,71382.0,71397.68,8.7448
2026-06-01 18:21:00,71397.68,71464.57,71392.79,71446.0,12.8493
2026-06-01 18:22:00,71446.01,71446.01,71421.59,71428.43,6.70536
2026-06-01 18:23:00,71428.43,71446.0,71428.43,71440.19,11.50388
2026-06-01 18:24:00,71440.19,71440.19,71419.93,71419.93,10.69136
2026-06-01 18:25:00,71419.93,71442.0,71419.93,71442.0,9.65429
2026-06-01 18:26:00,71442.0,71442.0,71438.01,71438.02,3.67411
2026-06-01 18:27:00,71438.02,71494.72,71438.02,71494.71,7.20538
2026-06-01 18:28:00,71494.71,71508.19,71494.71,71508.19,8.74631
2026-06-01 18:29:00,71508.19,71545.16,71504.0,71545.15,6.98064
2026-06-01 18:30:00,71545.16,71580.52,71524.74,71524.74,9.21018
2026-06-01 18:31:00,71524.4,71545.78,71524.4,71545.75,5.92438
2026-06-01 18:32:00,71545.76,71643.78,71545.75,71643.77,19.70485
2026-06-01 18:33:00,71643.76,71675.99,71643.76,71646.93,10.68058
2026-06-01 18:34:00,71646.94,71646.94,71598.9,71623.31,9.25182
2026-06-01 18:35:00,71623.32,71653.33,71622.31,71622.32,5.79139
2026-06-01 18:36:00,71622.31,71637.17,71606.0,71632.0,8.42062
2026-06-01 18:37:00,71632.0,71632.01,71606.0,71606.0,3.65255
2026-06-01 18:38:00,71606.01,71606.01,71572.01,71573.96,4.84631
2026-06-01 18:39:00,71573.97,71582.0,71569.42,71581.99,4.76617
2026-06-01 18:40:00,71582.0,71619.99,71582.0,71614.13,5.38499
2026-06-01 18:41:00,71614.12,71620.0,71598.0,71598.01,6.60565
2026-06-01 18:42:00,71598.0,71598.01,71584.55,71584.56,1.49555
2026-06-01 18:43:00,71584.56,71584.56,71564.0,71564.69,4.80957
2026-06-01 18:44:00,71564.69,71564.7,71506.67,71506.67,9.23786
2026-06-01 18:45:00,71506.67,71506.68,71430.8,71430.81,14.14002
2026-06-01 18:46:00,71430.81,71448.0,71420.5,71420.5,6.81652
2026-06-01 18:47:00,71420.5,71491.55,71419.93,71484.4,14.90206
2026-06-01 18:48:00,71484.4,71490.0,71470.87,71470.87,16.05933
2026-06-01 18:49:00,71470.87,71480.68,71429.48,71429.48,8.24165
2026-06-01 18:50:00,71429.48,71467.45,71424.0,71448.65,8.64047
2026-06-01 18:51:00,71448.64,71448.65,71396.0,71445.99,13.46254
2026-06-01 18:52:00,71446.0,71491.19,71445.99,71491.19,60.04088
2026-06-01 18:53:00,71491.18,71553.32,71491.18,71553.31,6.68909
2026-06-01 18:54:00,71553.32,71553.32,71536.79,71545.21,6.07728
2026-06-01 18:55:00,71545.22,71545.22,71499.51,71508.0,4.17277
2026-06-01 18:56:00,71507.99,71540.21,71507.99,71535.86,42.85148
2026-06-01 18:57:00,71535.86,71540.21,71493.99,71494.0,23.97904
2026-06-01 18:58:00,71494.0,71527.1,71492.0,71518.01,26.92064
2026-06-01 18:59:00,71518.0,71518.0,71498.64,71498.64,8.49431
2026-06-01 19:00:00,71498.64,71499.85,71462.0,71466.01,8.04268
2026-06-01 19:01:00,71466.01,71485.87,71462.01,71482.16,5.04803
2026-06-01 19:02:00,71482.17,71485.84,71482.16,71482.18,5.82903
2026-06-01 19:03:00,71482.17,71482.18,71456.0,71456.01,3.09564
2026-06-01 19:04:00,71456.01,71464.0,71452.0,71464.0,2.44818
2026-06-01 19:05:00,71464.0,71474.0,71458.0,71466.0,3.55442
2026-06-01 19:06:00,71466.0,71470.0,71464.0,71464.0,2.29785
2026-06-01 19:07:00,71464.0,71472.83,71442.0,71472.83,4.91688
2026-06-01 19:08:00,71472.82,71472.83,71442.0,71447.01,7.6551
2026-06-01 19:09:00,71447.0,71447.01,71431.17,71445.81,4.62292
2026-06-01 19:10:00,71445.81,71454.0,71430.12,71436.34,9.02628
2026-06-01 19:11:00,71436.35,71436.35,71414.21,71420.03,3.36709
2026-06-01 19:12:00,71420.03,71447.99,71420.02,71443.26,2.7895
2026-06-01 19:13:00,71443.26,71443.26,71423.64,71423.65,3.76961
2026-06-01 19:14:00,71423.65,71433.02,71423.64,71433.02,2.01459
2026-06-01 19:15:00,71433.02,71443.26,71412.82,71421.99,7.27919
2026-06-01 19:16:00,71422.0,71431.44,71415.61,71425.99,7.56314
2026-06-01 19:17:00,71425.99,71426.0,71388.0,71399.96,10.58908
2026-06-01 19:18:00,71399.97,71406.0,71386.0,71402.35,11.13889
2026-06-01 19:19:00,71402.35,71418.0,71399.03,71418.0,9.39249
2026-06-01 19:20:00,71417.99,71449.78,71417.99,71438.01,16.6391
2026-06-01 19:21:00,71438.01,71476.0,71438.0,71470.0,4.26933
2026-06-01 19:22:00,71470.0,71470.0,71448.47,71461.99,7.62599
2026-06-01 19:23:00,71462.0,71476.0,71461.99,71468.01,3.09828
2026-06-01 19:24:00,71468.01,71468.01,71466.52,71466.53,1.86816
2026-06-01 19:25:00,71466.52,71476.58,71452.51,71472.69,6.42606
2026-06-01 19:26:00,71472.69,71492.63,71471.96,71492.62,4.69546
2026-06-01 19:27:00,71492.63,71517.62,71492.62,71510.01,5.97123
2026-06-01 19:28:00,71510.0,71513.01,71496.72,71513.0,5.44442
2026-06-01 19:29:00,71513.01,71621.62,71513.0,71621.61,27.15162
2026-06-01 19:30:00,71621.61,71650.0,71614.0,71649.99,11.39942
2026-06-01 19:31:00,71649.99,71663.03,71615.65,71615.65,8.96399
2026-06-01 19:32:00,71615.66,71656.0,71605.91,71656.0,6.2225
2026-06-01 19:33:00,71655.99,71664.94,71654.0,71664.94,5.223
2026-06-01 19:34:00,71664.94,71666.0,71646.83,71646.83,5.62676
2026-06-01 19:35:00,71646.84,71646.84,71618.66,71624.0,4.87598
2026-06-01 19:36:00,71623.99,71638.0,71613.99,71630.0,5.43907
2026-06-01 19:37:00,71630.0,71630.0,71563.31,71565.67,9.98824
2026-06-01 19:38:00,71565.99,71591.88,71565.99,71590.81,2.93893
2026-06-01 19:39:00,71590.81,71641.52,71590.8,71641.52,13.95482
2026-06-01 19:40:00,71641.51,71641.52,71538.0,71547.99,14.73369
2026-06-01 19:41:00,71548.0,71555.95,71540.01,71546.16,4.62535
2026-06-01 19:42:00,71546.16,71554.0,71540.01,71546.15,7.95579
2026-06-01 19:43:00,71546.15,71560.0,71535.94,71559.96,10.47987
2026-06-01 19:44:00,71559.95,71650.92,71559.95,71638.93,11.81181
2026-06-01 19:45:00,71638.01,71638.01,71584.01,71584.02,10.23137
2026-06-01 19:46:00,71584.02,71584.02,71546.28,71546.28,7.96979
2026-06-01 19:47:00,71546.29,71546.29,71532.0,71538.0,2.39897
2026-06-01 19:48:00,71538.01,71552.0,71528.64,71546.54,4.63225
2026-06-01 19:49:00,71546.53,71550.51,71520.4,71520.41,4.18824
2026-06-01 19:50:00,71520.4,71549.54,71507.6,71549.54,17.76509
2026-06-01 19:51:00,71549.54,71587.87,71549.54,71584.56,3.65795
2026-06-01 19:52:00,71584.55,71584.56,71540.25,71540.26,4.55106
2026-06-01 19:53:00,71540.26,71551.99,71540.25,71542.48,9.24872
2026-06-01 19:54:00,71542.48,71566.0,71542.47,71542.48,8.39717
2026-06-01 19:55:00,71542.47,71550.01,71538.0,71542.47,2.6525
2026-06-01 19:56:00,71542.47,71546.0,71524.0,71544.37,8.04171
2026-06-01 19:57:00,71544.36,71569.38,71544.36,71569.37,4.0125
2026-06-01 19:58:00,71569.38,71569.38,71550.0,71550.0,1.84984
2026-06-01 19:59:00,71550.01,71597.72,71550.0,71595.24,21.37917
2026-06-01 20:00:00,71595.24,71595.24,71578.0,71578.0,5.65845
2026-06-01 20:01:00,71578.0,71578.01,71522.0,71530.0,3.77768
2026-06-01 20:02:00,71530.0,71532.0,71520.01,71532.0,1.32572
2026-06-01 20:03:00,71532.0,71561.45,71532.0,71561.44,2.00384
2026-06-01 20:04:00,71561.44,71561.45,71536.06,71536.07,1.1231
2026-06-01 20:05:00,71536.07,71544.0,71526.87,71526.87,1.42939
2026-06-01 20:06:00,71526.88,71553.24,71526.87,71552.0,2.06702
2026-06-01 20:07:00,71552.0,71552.01,71542.0,71542.0,1.4333
2026-06-01 20:08:00,71542.01,71564.0,71542.0,71558.03,1.53088
2026-06-01 20:09:00,71558.02,71558.03,71540.57,71540.58,0.96817
2026-06-01 20:10:00,71540.58,71542.0,71524.74,71527.61,5.10653
2026-06-01 20:11:00,71527.62,71539.27,71527.61,71534.99,2.97038
2026-06-01 20:12:00,71534.98,71568.97,71534.98,71568.96,3.05166
2026-06-01 20:13:00,71568.97,71576.0,71564.23,71564.23,1.72749
2026-06-01 20:14:00,71564.24,71570.8,71564.23,71570.8,0.69973
2026-06-01 20:15:00,71570.8,71588.0,71560.12,71560.13,3.52639
2026-06-01 20:16:00,71560.12,71560.13,71534.99,71534.99,1.40611
2026-06-01 20:17:00,71534.99,71560.0,71525.1,71555.93,3.7626
2026-06-01 20:18:00,71555.92,71592.87,71555.92,71592.87,1.56003
2026-06-01 20:19:00,71592.86,71616.08,71589.43,71616.07,1.20591
2026-06-01 20:20:00,71616.08,71630.0,71610.0,71610.0,7.01734
2026-06-01 20:21:00,71610.01,71650.92,71600.0,71650.92,5.62722
2026-06-01 20:22:00,71650.92,71690.0,71650.91,71690.0,16.50205
2026-06-01 20:23:00,71690.0,71690.0,71650.0,71650.0,8.41656
2026-06-01 20:24:00,71650.0,71650.01,71614.02,71614.02,4.70977
2026-06-01 20:25:00,71614.02,71614.03,71584.55,71584.56,4.65837
2026-06-01 20:26:00,71584.56,71584.56,71563.55,71563.55,3.21365
2026-06-01 20:27:00,71563.56,71570.01,71563.56,71566.61,1.70769
2026-06-01 20:28:00,71566.6,71577.34,71566.6,71572.26,1.47675
2026-06-01 20:29:00,71572.25,71602.0,71566.42,71602.0,2.33202
2026-06-01 20:30:00,71602.0,71623.78,71602.0,71618.58,3.16708
2026-06-01 20:31:00,71618.59,71629.58,71604.0,71629.58,2.89718
2026-06-01 20:32:00,71629.57,71629.58,71584.55,71584.55,4.11096
2026-06-01 20:33:00,71584.55,71611.32,71584.55,71611.32,4.27034
2026-06-01 20:34:00,71611.32,71620.0,71611.31,71619.99,1.94581
2026-06-01 20:35:00,71620.0,71658.0,71619.99,71658.0,2.95181
2026-06-01 20:36:00,71658.0,71670.01,71657.99,71659.02,3.77918
2026-06-01 20:37:00,71659.01,71659.02,71634.2,71642.01,4.2704
2026-06-01 20:38:00,71642.01,71651.76,71642.01,71646.89,4.65918
2026-06-01 20:39:00,71646.89,71646.9,71646.89,71646.9,5.36305
2026-06-01 20:40:00,71646.89,71646.89,71606.13,71606.13,14.37226
2026-06-01 20:41:00,71606.14,71625.19,71606.13,71620.01,7.52198
2026-06-01 20:42:00,71620.0,71621.42,71579.99,71580.0,3.36241
2026-06-01 20:43:00,71579.99,71592.85,71577.41,71592.84,3.15744
2026-06-01 20:44:00,71592.85,71607.48,71584.55,71591.65,10.61962
2026-06-01 20:45:00,71591.65,71608.0,71591.64,71608.0,3.70445
2026-06-01 20:46:00,71608.0,71608.0,71584.55,71604.43,2.3716
2026-06-01 20:47:00,71604.43,71604.93,71574.75,71574.91,8.04844
2026-06-01 20:48:00,71574.9,71593.99,71568.51,71593.98,3.49327
2026-06-01 20:49:00,71593.98,71593.99,71590.39,71593.12,7.27129
2026-06-01 20:50:00,71593.12,71593.12,71570.0,71570.0,6.11694
2026-06-01 20:51:00,71570.0,71571.43,71570.0,71570.01,1.69226
2026-06-01 20:52:00,71570.01,71571.42,71542.84,71552.57,9.82013
2026-06-01 20:53:00,71552.58,71557.99,71540.0,71540.02,4.14723
2026-06-01 20:54:00,71540.02,71541.18,71504.0,71504.0,3.99698
2026-06-01 20:55:00,71504.0,71504.01,71470.76,71496.0,26.28645
2026-06-01 20:56:00,71496.0,71496.0,71490.01,71490.01,2.095
2026-06-01 20:57:00,71490.01,71490.01,71436.89,71437.12,7.3242
2026-06-01 20:58:00,71437.12,71442.0,71419.64,71435.68,5.85313
2026-06-01 20:59:00,71435.68,71446.0,71435.67,71446.0,2.60643
2026-06-01 21:00:00,71445.99,71446.0,71419.64,71419.64,4.01975
2026-06-01 21:01:00,71419.64,71419.65,71381.11,71405.78,9.06615
2026-06-01 21:02:00,71405.79,71426.0,71393.14,71425.99,4.75994
2026-06-01 21:03:00,71426.0,71449.98,71425.99,71432.04,5.87266
2026-06-01 21:04:00,71432.05,71447.85,71420.19,71420.19,15.64592
2026-06-01 21:05:00,71420.2,71428.57,71324.78,71329.4,25.76318
2026-06-01 21:06:00,71329.4,71354.0,71325.74,71340.0,8.63516
2026-06-01 21:07:00,71340.0,71340.01,71277.37,71277.37,11.98541
2026-06-01 21:08:00,71277.38,71277.38,71237.99,71241.2,6.12338
2026-06-01 21:09:00,71241.2,71248.49,71156.0,71156.0,28.59165
2026-06-01 21:10:00,71156.01,71202.44,71156.0,71181.37,14.17832
2026-06-01 21:11:00,71181.37,71225.22,71174.97,71180.01,8.40787
2026-06-01 21:12:00,71180.01,71214.24,71176.44,71197.57,7.65138
2026-06-01 21:13:00,71197.56,71212.47,71154.36,71154.36,23.59207
2026-06-01 21:14:00,71154.37,71220.0,71154.37,71220.0,7.39164
2026-06-01 21:15:00,71220.0,71223.13,71206.85,71206.85,2.40447
2026-06-01 21:16:00,71206.86,71209.05,71155.42,71155.42,5.2613
2026-06-01 21:17:00,71155.43,71157.23,71118.54,71125.53,15.73454
2026-06-01 21:18:00,71125.52,71125.52,71108.0,71108.9,5.60494
2026-06-01 21:19:00,71108.9,71129.52,71083.33,71124.66,20.69848
2026-06-01 21:20:00,71124.67,71212.0,71124.67,71207.37,13.38534
2026-06-01 21:21:00,71207.37,71217.35,71201.81,71217.35,5.2147
2026-06-01 21:22:00,71217.35,71226.0,71212.28,71212.29,5.53773
2026-06-01 21:23:00,71212.29,71212.93,71184.0,71184.01,7.12505
2026-06-01 21:24:00,71184.0,71218.0,71184.0,71217.99,3.10748
2026-06-01 21:25:00,71218.0,71230.0,71200.01,71204.0,13.49527
2026-06-01 21:26:00,71203.99,71206.0,71170.0,71170.0,7.66317
2026-06-01 21:27:00,71170.0,71172.85,71095.83,71129.99,40.42729
2026-06-01 21:28:00,71129.99,71144.76,71129.99,71134.01,3.15149
2026-06-01 21:29:00,71134.01,71148.56,71134.0,71148.56,5.05503
2026-06-01 21:30:00,71148.57,71158.0,71148.56,71150.01,2.25861
2026-06-01 21:31:00,71150.01,71155.92,71150.0,71155.91,2.65097
2026-06-01 21:32:00,71155.92,71155.92,71154.08,71155.91,6.6171
2026-06-01 21:33:00,71155.92,71155.92,71132.0,71132.01,4.54517
2026-06-01 21:34:00,71132.0,71132.0,71116.0,71124.0,3.72254
2026-06-01 21:35:00,71124.0,71126.8,71124.0,71124.52,1.95513
2026-06-01 21:36:00,71124.51,71124.52,71068.2,71081.99,6.09715
2026-06-01 21:37:00,71082.0,71130.0,71082.0,71130.0,3.49851
2026-06-01 21:38:00,71130.0,71130.0,71114.77,71118.01,4.63427
2026-06-01 21:39:00,71118.0,71126.72,71106.85,71106.86,3.37092
2026-06-01 21:40:00,71106.85,71138.0,71080.0,71128.37,6.45677
2026-06-01 21:41:00,71128.36,71129.27,71110.13,71129.26,3.7676
2026-06-01 21:42:00,71129.27,71142.41,71086.28,71086.29,5.40539
2026-06-01 21:43:00,71086.29,71095.9,70941.95,70945.52,41.68597
2026-06-01 21:44:00,70945.52,71047.93,70945.52,71014.38,17.8868
2026-06-01 21:45:00,71014.37,71018.72,70994.0,71000.71,5.73643
2026-06-01 21:46:00,71000.72,71033.23,70975.54,71028.2,26.52813
2026-06-01 21:47:00,71028.2,71056.7,71010.0,71053.77,8.44087
2026-06-01 21:48:00,71053.77,71093.49,71053.77,71078.0,13.95403
2026-06-01 21:49:00,71078.0,71106.67,71075.73,71102.56,6.01987
2026-06-01 21:50:00,71102.55,71112.0,71094.17,71112.0,4.95399
2026-06-01 21:51:00,71112.0,71120.0,71104.16,71104.17,1.93462
2026-06-01 21:52:00,71104.17,71120.0,71104.16,71114.0,4.09644
2026-06-01 21:53:00,71114.01,71114.01,71060.0,71060.0,5.75444
2026-06-01 21:54:00,71060.0,71060.01,71029.99,71043.99,9.36201
2026-06-01 21:55:00,71043.99,71046.0,70999.99,71025.32,10.50976
2026-06-01 21:56:00,71025.33,71025.33,70989.31,70989.31,3.36398
2026-06-01 21:57:00,70989.31,70994.0,70974.06,70993.99,2.93012
2026-06-01 21:58:00,70993.99,71082.0,70993.99,71082.0,14.18217
2026-06-01 21:59:00,71082.0,71086.0,71038.01,71038.01,5.98744
2026-06-01 22:00:00,71038.01,71038.01,70951.98,70981.99,10.48788
2026-06-01 22:01:00,70981.99,70981.99,70927.66,70938.13,11.26215
2026-06-01 22:02:00,70938.13,70948.01,70888.0,70933.21,23.64783
2026-06-01 22:03:00,70933.22,70957.04,70918.0,70932.53,9.33643
2026-06-01 22:04:00,70932.52,70943.99,70899.74,70899.75,6.34475
2026-06-01 22:05:00,70899.74,70934.4,70858.61,70934.4,16.40463
2026-06-01 22:06:00,70934.41,70948.63,70867.78,70867.79,11.41584
2026-06-01 22:07:00,70867.79,70867.79,70844.0,70844.01,1.96696
2026-06-01 22:08:00,70844.01,70861.25,70840.9,70846.01,7.12834
2026-06-01 22:09:00,70846.01,70914.85,70846.01,70914.85,11.87672
2026-06-01 22:10:00,70914.84,70978.9,70914.84,70976.73,18.89641
2026-06-01 22:11:00,70976.73,70976.73,70950.17,70957.99,7.00105
2026-06-01 22:12:00,70957.99,70991.11,70950.16,70987.6,21.67732
2026-06-01 22:13:00,70987.6,70987.61,70970.18,70970.19,2.0145
2026-06-01 22:14:00,70970.18,70994.0,70970.18,70976.01,15.66744
2026-06-01 22:15:00,70976.01,70983.67,70976.0,70983.66,9.79105
2026-06-01 22:16:00,70983.66,71000.0,70979.73,71000.0,3.3705
2026-06-01 22:17:00,71000.0,71061.48,71000.0,71042.01,14.50352
2026-06-01 22:18:00,71042.01,71150.01,71042.0,71150.01,40.76583
2026-06-01 22:19:00,71150.01,71174.98,71150.0,71172.6,54.26127
2026-06-01 22:20:00,71172.6,71181.55,71156.0,71171.21,8.60686
2026-06-01 22:21:00,71171.2,71171.2,71152.55,71152.55,1.47672
2026-06-01 22:22:00,71152.56,71190.0,71152.55,71178.0,6.23225
2026-06-01 22:23:00,71177.68,71185.89,71151.04,71153.01,13.38706
2026-06-01 22:24:00,71153.02,71153.02,71142.77,71142.78,37.09965
2026-06-01 22:25:00,71142.78,71249.49,71142.77,71249.48,93.20666
2026-06-01 22:26:00,71249.48,71326.0,71249.48,71313.49,25.95831
2026-06-01 22:27:00,71313.49,71320.02,71295.25,71295.26,12.36797
2026-06-01 22:28:00,71295.26,71310.0,71292.85,71305.92,6.24101
2026-06-01 22:29:00,71305.92,71305.93,71277.37,71284.3,10.99276
2026-06-01 22:30:00,71284.29,71307.75,71284.29,71301.23,4.16035
2026-06-01 22:31:00,71301.24,71301.24,71301.23,71301.23,4.63166
2026-06-01 22:32:00,71301.23,71357.5,71301.23,71357.5,8.83009
2026-06-01 22:33:00,71357.49,71357.5,71251.13,71251.14,15.15775
2026-06-01 22:34:00,71251.13,71251.14,71206.0,71206.01,9.1937
2026-06-01 22:35:00,71206.01,71222.18,71204.0,71222.18,4.91919
2026-06-01 22:36:00,71222.18,71222.18,71188.0,71188.0,2.91072
2026-06-01 22:37:00,71188.0,71188.01,71127.14,71127.15,7.70584
2026-06-01 22:38:00,71127.15,71127.15,71082.0,71085.52,10.08996
2026-06-01 22:39:00,71085.52,71146.76,71082.09,71127.45,10.1742
2026-06-01 22:40:00,71127.45,71127.45,71090.0,71104.01,9.75509
2026-06-01 22:41:00,71104.01,71129.88,71091.25,71129.88,4.42565
2026-06-01 22:42:00,71129.88,71156.0,71129.87,71156.0,4.37561
2026-06-01 22:43:00,71156.0,71172.49,71148.63,71148.64,9.66395
2026-06-01 22:44:00,71148.64,71148.64,71128.91,71141.29,5.96646
2026-06-01 22:45:00,71141.29,71182.0,71141.28,71174.98,5.26324
2026-06-01 22:46:00,71174.98,71244.0,71174.97,71244.0,14.61974
2026-06-01 22:47:00,71244.0,71272.0,71243.99,71271.99,8.90258
2026-06-01 22:48:00,71272.0,71376.0,71268.16,71376.0,16.58092
2026-06-01 22:49:00,71375.99,71379.77,71360.0,71378.0,15.9146
2026-06-01 22:50:00,71378.0,71378.0,71360.65,71362.55,8.04339
2026-06-01 22:51:00,71362.54,71400.65,71357.81,71397.98,17.38781
2026-06-01 22:52:00,71397.99,71400.64,71390.0,71398.01,6.27198
2026-06-01 22:53:00,71398.01,71398.01,71352.33,71358.22,10.73707
2026-06-01 22:54:00,71358.21,71366.26,71352.85,71365.47,4.176
2026-06-01 22:55:00,71365.46,71385.54,71365.46,71376.37,5.08578
2026-06-01 22:56:00,71376.37,71412.94,71376.36,71412.93,5.12997
2026-06-01 22:57:00,71412.93,71438.0,71412.93,71416.24,7.36295
2026-06-01 22:58:00,71416.24,71460.0,71416.23,71446.01,13.70505
2026-06-01 22:59:00,71446.0,71446.0,71407.99,71408.0,6.10426
2026-06-01 23:00:00,71407.99,71415.09,71380.0,71391.99,8.00332
2026-06-01 23:01:00,71392.0,71420.23,71385.96,71385.96,4.76371
2026-06-01 23:02:00,71385.96,71385.96,71355.36,71355.36,15.11746
2026-06-01 23:03:00,71355.36,71380.0,71355.36,71379.99,4.93507
2026-06-01 23:04:00,71379.99,71382.0,71379.99,71382.0,3.37243
2026-06-01 23:05:00,71381.99,71382.0,71363.74,71363.75,2.79781
2026-06-01 23:06:00,71363.75,71375.99,71320.27,71320.28,5.61007
2026-06-01 23:07:00,71320.28,71378.0,71320.27,71378.0,7.3357
2026-06-01 23:08:00,71378.0,71384.37,71363.98,71370.49,13.20772
2026-06-01 23:09:00,71370.48,71393.83,71368.0,71371.26,6.0456
2026-06-01 23:10:00,71371.26,71385.25,71368.01,71381.03,4.68392
2026-06-01 23:11:00,71381.0,71441.42,71376.0,71441.41,9.76039
2026-06-01 23:12:00,71441.41,71441.42,71399.79,71399.8,7.41822
2026-06-01 23:13:00,71399.79,71399.8,71376.0,71376.0,6.10562
2026-06-01 23:14:00,71376.0,71376.01,71352.0,71366.24,2.68819
2026-06-01 23:15:00,71366.24,71412.81,71366.23,71412.81,6.15937
2026-06-01 23:16:00,71412.81,71432.09,71412.81,71424.57,4.18373
2026-06-01 23:17:00,71424.58,71424.58,71400.19,71409.97,4.16489
2026-06-01 23:18:00,71409.96,71470.0,71409.96,71448.27,39.1349
2026-06-01 23:19:00,71448.28,71448.28,71428.0,71428.0,5.38464
2026-06-01 23:20:00,71428.0,71428.01,71406.26,71406.26,6.03421
2026-06-01 23:21:00,71406.26,71406.26,71376.01,71385.68,7.27103
2026-06-01 23:22:00,71385.67,71390.0,71385.67,71389.99,1.92883
2026-06-01 23:23:00,71390.0,71400.0,71386.0,71399.99,6.42524
2026-06-01 23:24:00,71399.99,71400.0,71346.44,71346.44,3.26749
2026-06-01 23:25:00,71346.45,71361.14,71341.71,71341.72,6.26031
2026-06-01 23:26:00,71341.72,71341.72,71308.98,71308.99,16.23907
2026-06-01 23:27:00,71308.99,71308.99,71277.37,71289.88,7.4003
2026-06-01 23:28:00,71289.88,71289.89,71268.18,71274.0,7.20892
2026-06-01 23:29:00,71274.0,71274.0,71248.0,71248.0,4.94928
2026-06-01 23:30:00,71248.01,71256.0,71248.0,71256.0,2.6954
2026-06-01 23:31:00,71255.99,71274.0,71232.0,71232.0,11.13825
2026-06-01 23:32:00,71232.01,71273.65,71225.29,71273.64,8.25596
2026-06-01 23:33:00,71273.64,71308.0,71270.52,71307.99,10.03789
2026-06-01 23:34:00,71308.0,71327.81,71307.99,71327.29,4.30637
2026-06-01 23:35:00,71327.29,71345.42,71327.29,71336.51,5.31279
2026-06-01 23:36:00,71336.51,71412.12,71315.7,71410.7,31.84676
2026-06-01 23:37:00,71410.7,71546.44,71404.02,71533.0,50.78964
2026-06-01 23:38:00,71533.01,71550.2,71518.0,71536.69,33.72045
2026-06-01 23:39:00,71536.69,71583.29,71502.42,71510.0,25.17833
2026-06-01 23:40:00,71510.0,71569.15,71510.0,71569.14,11.76822
2026-06-01 23:41:00,71569.14,71583.29,71554.0,71554.0,7.76196
2026-06-01 23:42:00,71554.0,71563.38,71526.63,71526.63,5.59688
2026-06-01 23:43:00,71526.63,71536.17,71525.67,71530.0,2.91436
2026-06-01 23:44:00,71530.0,71530.0,71498.37,71510.01,8.41529
2026-06-01 23:45:00,71510.0,71539.94,71482.16,71482.17,5.64476
2026-06-01 23:46:00,71482.16,71530.0,71482.16,71521.88,5.59917
2026-06-01 23:47:00,71521.88,71521.88,71478.0,71484.06,5.34875
2026-06-01 23:48:00,71484.05,71484.06,71484.05,71484.05,2.39899
2026-06-01 23:49:00,71484.06,71552.0,71484.05,71542.0,10.1721
2026-06-01 23:50:00,71542.0,71548.38,71534.5,71534.5,5.9068
2026-06-01 23:51:00,71534.5,71534.5,71496.87,71496.87,4.21217
2026-06-01 23:52:00,71496.87,71496.88,71490.0,71490.0,3.34332
2026-06-01 23:53:00,71490.0,71490.01,71396.84,71449.99,47.0789
2026-06-01 23:54:00,71450.0,71459.02,71436.0,71439.78,5.84198
2026-06-01 23:55:00,71439.77,71439.78,71403.3,71403.3,3.67152
2026-06-01 23:56:00,71403.29,71403.3,71372.21,71376.83,27.83352
2026-06-01 23:57:00,71376.83,71405.79,71376.83,71389.54,8.80075
2026-06-01 23:58:00,71389.54,71432.51,71389.53,71432.46,6.38682
2026-06-01 23:59:00,71432.46,71432.46,71408.89,71408.9,8.24235
2026-06-02 00:00:00,71408.9,71408.9,71340.0,71350.0,17.05132
2026-06-02 00:01:00,71349.99,71371.67,71325.0,71371.66,19.02101
2026-06-02 00:02:00,71371.66,71371.67,71327.94,71352.0,18.09621
2026-06-02 00:03:00,71352.0,71388.0,71346.86,71352.54,15.43666
2026-06-02 00:04:00,71352.54,71372.13,71319.99,71325.84,24.26573
2026-06-02 00:05:00,71325.85,71341.58,71292.0,71336.01,33.22075
2026-06-02 00:06:00,71336.01,71336.01,71287.41,71295.71,9.37321
2026-06-02 00:07:00,71295.71,71315.04,71287.74,71315.04,11.95238
2026-06-02 00:08:00,71315.04,71331.2,71304.65,71323.1,15.46542
2026-06-02 00:09:00,71323.1,71328.16,71282.25,71282.26,10.43072
2026-06-02 00:10:00,71282.26,71316.72,71268.0,71285.52,12.64824
2026-06-02 00:11:00,71285.52,71311.58,71277.38,71281.62,11.14586
2026-06-02 00:12:00,71281.62,71281.62,71255.16,71255.16,9.36548
2026-06-02 00:13:00,71255.16,71278.72,71255.16,71277.49,9.52053
2026-06-02 00:14:00,71277.49,71277.5,71255.99,71268.01,6.70224
2026-06-02 00:15:00,71268.01,71303.77,71248.0,71248.01,12.6611
2026-06-02 00:16:00,71248.01,71248.5,71208.16,71226.01,10.72517
2026-06-02 00:17:00,71226.01,71255.28,71226.0,71244.0,7.56506
2026-06-02 00:18:00,71244.0,71247.62,71212.0,71216.0,7.04338
2026-06-02 00:19:00,71216.0,71228.0,71208.01,71208.01,5.26279
2026-06-02 00:20:00,71208.01,71212.01,71180.0,71202.0,9.21536
2026-06-02 00:21:00,71202.0,71234.0,71196.81,71222.88,6.62896
2026-06-02 00:22:00,71222.88,71222.88,71200.76,71200.77,2.50936
2026-06-02 00:23:00,71200.77,71210.88,71186.96,71210.88,7.49411
2026-06-02 00:24:00,71210.87,71210.88,71166.96,71175.11,8.15799
2026-06-02 00:25:00,71175.1,71185.05,71154.01,71174.97,9.34913
2026-06-02 00:26:00,71174.97,71189.35,71173.39,71183.42,13.87961
2026-06-02 00:27:00,71183.42,71184.01,71182.87,71182.88,4.4287
2026-06-02 00:28:00,71182.88,71210.88,71182.88,71207.2,8.9181
2026-06-02 00:29:00,71207.2,71230.0,71199.57,71230.0,15.21582
2026-06-02 00:30:00,71230.0,71291.2,71230.0,71291.2,14.70616
2026-06-02 00:31:00,71291.2,71300.0,71260.94,71267.99,12.49127
2026-06-02 00:32:00,71267.99,71295.06,71232.16,71247.83,10.94495
2026-06-02 00:33:00,71247.84,71247.84,71196.0,71196.01,7.18602
2026-06-02 00:34:00,71196.01,71255.98,71196.0,71244.01,7.83821
2026-06-02 00:35:00,71244.01,71268.0,71244.0,71249.99,9.02412
2026-06-02 00:36:00,71250.0,71268.0,71240.87,71259.98,6.76887
2026-06-02 00:37:00,71259.97,71292.52,71259.97,71272.91,7.53474
2026-06-02 00:38:00,71272.9,71272.91,71199.04,71216.01,7.37793
2026-06-02 00:39:00,71216.01,71216.01,71160.84,71180.07,6.02979
2026-06-02 00:40:00,71180.07,71198.0,71170.87,71196.49,7.06703
2026-06-02 00:41:00,71196.5,71198.0,71180.9,71184.0,4.34547
2026-06-02 00:42:00,71183.99,71183.99,71100.0,71100.0,8.32996
2026-06-02 00:43:00,71100.01,71137.12,71100.0,71137.1,16.75044
2026-06-02 00:44:00,71137.1,71180.09,71137.1,71180.0,14.83134
2026-06-02 00:45:00,71180.01,71186.0,71149.99,71151.51,10.55514
2026-06-02 00:46:00,71151.51,71172.0,71151.5,71160.0,5.14409
2026-06-02 00:47:00,71160.0,71199.85,71159.99,71192.0,9.16018
2026-06-02 00:48:00,71192.0,71192.0,71178.0,71178.87,7.4759
2026-06-02 00:49:00,71178.87,71191.99,71178.86,71184.35,5.03914
2026-06-02 00:50:00,71184.34,71217.91,71184.34,71216.36,20.12299
2026-06-02 00:51:00,71216.36,71236.0,71216.35,71227.86,15.32032
2026-06-02 00:52:00,71227.86,71236.0,71214.48,71236.0,22.60975
2026-06-02 00:53:00,71236.0,71277.38,71236.0,71277.38,13.90473
2026-06-02 00:54:00,71277.37,71277.38,71277.37,71277.38,18.87617
2026-06-02 00:55:00,71277.38,71277.38,71255.99,71256.0,12.11665
2026-06-02 00:56:00,71256.0,71300.0,71255.99,71299.99,12.875
2026-06-02 00:57:00,71300.0,71300.0,71260.21,71275.58,6.74687
2026-06-02 00:58:00,71275.59,71303.09,71275.58,71296.0,10.68626
2026-06-02 00:59:00,71296.01,71296.01,71260.07,71289.23,13.09329
2026-06-02 01:00:00,71289.24,71311.84,71289.23,71306.01,13.45401
2026-06-02 01:01:00,71306.01,71310.61,71297.28,71297.29,12.7625
2026-06-02 01:02:00,71297.29,71337.49,71263.35,71332.01,19.63032
2026-06-02 01:03:00,71332.02,71355.62,71332.02,71332.79,10.27525
2026-06-02 01:04:00,71332.79,71332.79,71251.74,71261.99,13.75841
2026-06-02 01:05:00,71261.99,71318.0,71257.03,71299.37,9.34002
2026-06-02 01:06:00,71299.37,71317.99,71294.01,71317.99,4.70569
2026-06-02 01:07:00,71317.99,71317.99,71291.33,71303.12,11.4183
2026-06-02 01:08:00,71303.11,71332.61,71303.11,71319.03,4.11018
2026-06-02 01:09:00,71319.04,71323.2,71228.01,71239.99,10.63957
2026-06-02 01:10:00,71240.0,71295.14,71240.0,71264.0,7.64114
2026-06-02 01:11:00,71264.01,71270.21,71244.0,71270.2,4.61803
2026-06-02 01:12:00,71270.21,71341.55,71270.21,71328.25,10.22374
2026-06-02 01:13:00,71328.26,71353.99,71324.19,71353.99,8.13334
2026-06-02 01:14:00,71354.0,71372.0,71353.99,71369.99,10.04328
2026-06-02 01:15:00,71369.99,71370.0,71324.0,71336.0,8.27099
2026-06-02 01:16:00,71336.0,71336.0,71269.67,71300.0,14.56137
2026-06-02 01:17:00,71300.0,71351.68,71299.99,71338.01,14.98092
2026-06-02 01:18:00,71338.01,71338.01,71314.0,71315.29,5.77754
2026-06-02 01:19:00,71315.28,71320.57,71302.0,71302.01,4.658
2026-06-02 01:20:00,71302.0,71318.64,71269.67,71318.64,9.41447
2026-06-02 01:21:00,71318.64,71328.0,71306.83,71308.15,5.1676
2026-06-02 01:22:00,71308.16,71334.0,71307.01,71334.0,6.0012
2026-06-02 01:23:00,71333.99,71334.0,71269.67,71293.0,6.34341
2026-06-02 01:24:00,71293.0,71318.65,71289.99,71289.99,38.81738
2026-06-02 01:25:00,71289.99,71336.0,71289.99,71295.25,40.1259
2026-06-02 01:26:00,71295.25,71295.26,71258.01,71271.47,14.59738
2026-06-02 01:27:00,71271.47,71298.0,71271.46,71298.0,5.87737
2026-06-02 01:28:00,71297.99,71297.99,71264.63,71264.63,6.534
2026-06-02 01:29:00,71264.64,71269.28,71200.0,71207.77,29.46712
2026-06-02 01:30:00,71207.77,71223.13,71134.08,71156.0,43.08551
2026-06-02 01:31:00,71156.0,71156.0,71094.63,71105.93,93.13669
2026-06-02 01:32:00,71105.92,71105.93,71044.69,71054.0,48.19684
2026-06-02 01:33:00,71054.0,71078.0,71053.99,71060.01,13.98131
2026-06-02 01:34:00,71060.01,71060.01,70952.94,70969.82,79.90772
2026-06-02 01:35:00,70969.81,71003.99,70954.0,70954.0,24.52404
2026-06-02 01:36:00,70954.01,70970.0,70918.0,70929.38,12.08652
2026-06-02 01:37:00,70929.39,70929.39,70857.15,70895.99,16.14037
2026-06-02 01:38:00,70895.99,70896.0,70788.02,70802.0,37.259
2026-06-02 01:39:00,70802.0,70863.99,70792.57,70847.33,22.40175
2026-06-02 01:40:00,70847.14,70912.01,70838.0,70907.99,12.81343
2026-06-02 01:41:00,70908.0,70956.95,70908.0,70944.01,7.96302
2026-06-02 01:42:00,70944.01,70944.01,70916.0,70917.1,6.82576
2026-06-02 01:43:00,70917.1,70986.0,70900.0,70965.47,16.5203
2026-06-02 01:44:00,70965.46,70994.0,70960.0,70960.01,5.03325
2026-06-02 01:45:00,70960.01,70960.01,70930.01,70930.01,4.27969
2026-06-02 01:46:00,70930.01,70936.0,70870.0,70870.0,5.53094
2026-06-02 01:47:00,70870.0,70870.01,70767.75,70859.07,40.34378
2026-06-02 01:48:00,70859.08,70907.81,70859.08,70878.0,11.36956
2026-06-02 01:49:00,70878.01,70914.0,70878.0,70912.12,12.14072
2026-06-02 01:50:00,70912.12,70917.87,70876.0,70892.0,4.70378
2026-06-02 01:51:00,70892.0,70937.75,70891.99,70936.64,12.79043
2026-06-02 01:52:00,70936.65,70936.65,70912.11,70932.72,5.81
2026-06-02 01:53:00,70932.73,70937.22,70898.0,70898.0,5.84002
2026-06-02 01:54:00,70898.01,70898.01,70839.39,70839.4,4.31608
2026-06-02 01:55:00,70839.39,70866.45,70822.39,70832.0,9.99612
2026-06-02 01:56:00,70832.0,70850.01,70825.02,70834.64,9.07963
2026-06-02 01:57:00,70834.63,70834.64,70750.0,70788.0,15.14158
2026-06-02 01:58:00,70788.0,70793.99,70758.0,70758.0,7.11471
2026-06-02 01:59:00,70758.0,70762.66,70607.57,70652.47,85.17149
2026-06-02 02:00:00,70652.47,70724.01,70630.0,70630.01,26.50124
2026-06-02 02:01:00,70630.0,70716.0,70601.09,70715.99,33.8903
2026-06-02 02:02:00,70716.0,70716.0,70660.6,70660.6,12.74863
2026-06-02 02:03:00,70660.6,70702.0,70650.0,70654.0,8.62326
2026-06-02 02:04:00,70654.0,70654.0,70517.9,70578.59,65.01428
2026-06-02 02:05:00,70578.59,70582.45,70469.56,70471.27,93.65112
2026-06-02 02:06:00,70471.27,70492.0,70286.34,70288.78,136.28505
2026-06-02 02:07:00,70288.78,70364.88,70111.0,70318.57,161.84545
2026-06-02 02:08:00,70318.57,70365.94,70252.57,70364.99,69.78027
2026-06-02 02:09:00,70364.99,70364.99,70258.97,70260.4,24.86027
2026-06-02 02:10:00,70260.4,70269.47,70215.52,70215.53,18.59244
2026-06-02 02:11:00,70215.53,70232.0,70157.81,70224.23,21.94794
2026-06-02 02:12:00,70224.24,70248.84,70198.0,70210.01,17.44622
2026-06-02 02:13:00,70210.02,70241.74,70210.01,70226.65,9.57254
2026-06-02 02:14:00,70226.65,70346.64,70222.13,70346.64,27.45974
2026-06-02 02:15:00,70346.64,70359.96,70290.0,70290.01,11.75075
2026-06-02 02:16:00,70290.01,70290.01,70240.0,70271.24,10.50476
2026-06-02 02:17:00,70271.25,70275.27,70232.6,70250.01,14.14464
2026-06-02 02:18:00,70250.0,70259.26,70202.0,70209.87,18.56604
2026-06-02 02:19:00,70209.86,70260.0,70157.8,70253.92,31.85983
2026-06-02 02:20:00,70253.92,70386.0,70253.92,70386.0,23.72062
2026-06-02 02:21:00,70386.0,70475.98,70385.99,70465.93,26.4876
2026-06-02 02:22:00,70465.92,70508.0,70442.0,70476.75,33.11661
2026-06-02 02:23:00,70476.75,70476.75,70427.83,70450.41,10.03434
2026-06-02 02:24:00,70450.41,70555.0,70450.4,70547.55,24.4298
2026-06-02 02:25:00,70547.55,70638.0,70547.55,70581.92,35.03476
2026-06-02 02:26:00,70581.93,70609.68,70572.11,70600.51,14.3502
2026-06-02 02:27:00,70600.51,70708.64,70600.51,70708.63,24.47881
2026-06-02 02:28:00,70708.64,70808.49,70704.58,70791.74,26.66286
2026-06-02 02:29:00,70791.74,70822.0,70771.93,70807.51,29.54429
2026-06-02 02:30:00,70807.51,70812.0,70746.6,70779.76,11.27768
2026-06-02 02:31:00,70779.76,70826.0,70773.56,70773.57,10.14668
2026-06-02 02:32:00,70773.56,70806.0,70768.0,70776.01,13.22305
2026-06-02 02:33:00,70776.0,70791.35,70736.0,70786.89,11.53563
2026-06-02 02:34:00,70786.89,70786.89,70765.9,70776.01,6.87086
2026-06-02 02:35:00,70776.01,70814.0,70776.0,70810.37,12.39041
2026-06-02 02:36:00,70810.38,70864.0,70806.57,70856.01,19.48866
2026-06-02 02:37:00,70856.0,70880.63,70836.0,70856.6,11.02094
2026-06-02 02:38:00,70856.59,70861.64,70778.7,70778.71,4.48746
2026-06-02 02:39:00,70778.7,70778.7,70733.29,70741.14,8.95533
2026-06-02 02:40:00,70741.13,70741.13,70659.7,70662.6,7.56586
2026-06-02 02:41:00,70662.61,70662.61,70591.59,70591.6,8.53483
2026-06-02 02:42:00,70591.59,70604.0,70591.59,70604.0,3.26875
2026-06-02 02:43:00,70603.99,70607.06,70585.6,70607.06,6.43676
2026-06-02 02:44:00,70607.06,70608.0,70581.18,70599.26,5.12361
2026-06-02 02:45:00,70599.26,70689.07,70583.0,70689.07,11.01829
2026-06-02 02:46:00,70689.06,70694.0,70674.0,70694.0,4.11221
2026-06-02 02:47:00,70694.0,70752.63,70690.11,70728.2,5.00201
2026-06-02 02:48:00,70728.2,70728.2,70692.25,70692.26,2.7004
2026-06-02 02:49:00,70692.26,70692.26,70650.0,70650.0,3.52974
2026-06-02 02:50:00,70650.0,70746.01,70650.0,70739.9,10.43904
2026-06-02 02:51:00,70743.11,70775.61,70743.1,70762.01,5.98001
2026-06-02 02:52:00,70762.0,70762.0,70746.0,70750.0,10.37853
2026-06-02 02:53:00,70749.99,70750.0,70696.0,70696.01,5.72426
2026-06-02 02:54:00,70696.01,70696.01,70635.81,70687.99,10.77253
2026-06-02 02:55:00,70687.99,70692.0,70670.87,70670.88,4.00792
2026-06-02 02:56:00,70670.88,70766.0,70670.88,70765.99,28.08748
2026-06-02 02:57:00,70766.0,70766.0,70743.44,70753.61,4.54221
2026-06-02 02:58:00,70753.61,70781.99,70753.61,70781.98,4.93953
2026-06-02 02:59:00,70781.98,70846.65,70774.0,70846.49,5.67907
2026-06-02 03:00:00,70846.48,70846.49,70806.0,70846.48,8.46355
2026-06-02 03:01:00,70846.49,70885.12,70837.97,70848.24,6.13524
2026-06-02 03:02:00,70848.23,70868.43,70848.23,70861.1,8.71039
2026-06-02 03:03:00,70861.1,70878.37,70844.0,70859.37,14.72
2026-06-02 03:04:00,70859.36,70956.01,70857.38,70955.14,21.09753
2026-06-02 03:05:00,70955.15,71020.07,70955.14,71000.01,17.53812
2026-06-02 03:06:00,71000.01,71012.0,70984.0,71011.99,10.23396
2026-06-02 03:07:00,71012.0,71018.64,70996.0,71018.52,16.04477
2026-06-02 03:08:00,71018.53,71041.04,70996.0,70996.0,4.27099
2026-06-02 03:09:00,70996.01,71015.27,70966.0,71015.26,10.78122
2026-06-02 03:10:00,71015.27,71028.87,71000.1,71000.11,5.09284
2026-06-02 03:11:00,71000.11,71000.11,70921.99,70921.99,6.97049
2026-06-02 03:12:00,70921.99,70922.0,70900.0,70909.98,3.82467
2026-06-02 03:13:00,70909.99,70913.81,70900.0,70913.81,6.90216
2026-06-02 03:14:00,70913.81,70913.81,70896.0,70901.43,2.83814
2026-06-02 03:15:00,70901.43,70976.0,70901.43,70975.99,8.12075
2026-06-02 03:16:00,70976.0,70976.0,70924.0,70936.0,3.09904
2026-06-02 03:17:00,70936.0,71000.1,70936.0,70983.99,3.88315
2026-06-02 03:18:00,70983.99,70994.01,70948.0,70948.01,5.687
2026-06-02 03:19:00,70948.01,70948.01,70912.15,70912.15,9.02506
2026-06-02 03:20:00,70912.16,70912.16,70832.25,70833.06,10.46216
2026-06-02 03:21:00,70833.07,70873.33,70823.74,70873.32,6.82879
2026-06-02 03:22:00,70873.33,70929.77,70873.32,70929.77,2.39715
2026-06-02 03:23:00,70929.77,70967.87,70900.01,70967.87,5.62523
2026-06-02 03:24:00,70967.86,70967.86,70928.19,70946.8,5.49965
2026-06-02 03:25:00,70946.79,70973.83,70946.79,70973.83,1.58665
2026-06-02 03:26:00,70973.82,71000.11,70973.82,70982.74,13.2841
2026-06-02 03:27:00,70982.74,70985.64,70936.26,70976.01,6.03761
2026-06-02 03:28:00,70976.01,70976.01,70968.0,70970.01,2.72555
2026-06-02 03:29:00,70970.02,70970.02,70958.0,70958.0,5.79721
2026-06-02 03:30:00,70958.0,70964.25,70925.01,70925.01,5.25977
2026-06-02 03:31:00,70925.0,70935.99,70914.0,70930.83,9.94632
2026-06-02 03:32:00,70930.83,70968.0,70930.82,70968.0,5.5452
2026-06-02 03:33:00,70968.0,71004.72,70968.0,70990.01,7.83592
2026-06-02 03:34:00,70990.0,70990.01,70939.66,70939.66,5.96909
2026-06-02 03:35:00,70939.66,70970.0,70929.82,70967.2,3.67123
2026-06-02 03:36:00,70967.19,70967.19,70942.72,70949.93,6.02731
2026-06-02 03:37:00,70949.93,70970.0,70938.38,70939.94,19.19137
2026-06-02 03:38:00,70939.94,70963.0,70936.0,70959.95,8.38378
2026-06-02 03:39:00,70959.95,70980.0,70956.0,70958.97,4.78649
2026-06-02 03:40:00,70958.98,70974.79,70958.97,70974.79,17.41475
2026-06-02 03:41:00,70974.8,70980.0,70970.0,70970.01,6.91721
2026-06-02 03:42:00,70970.01,70970.01,70930.0,70945.46,13.54446
2026-06-02 03:43:00,70944.99,70962.4,70944.99,70962.4,8.9203
2026-06-02 03:44:00,70962.39,70989.26,70962.39,70989.26,8.84527
2026-06-02 03:45:00,70989.27,71000.0,70989.26,70999.99,6.07025
2026-06-02 03:46:00,70999.99,71000.0,70968.7,70978.45,12.28891
2026-06-02 03:47:00,70978.44,71011.1,70978.44,71011.09,8.51235
2026-06-02 03:48:00,71011.1,71011.1,70938.05,70938.05,9.96921
2026-06-02 03:49:00,70938.06,70953.95,70938.06,70950.83,5.65008
2026-06-02 03:50:00,70950.83,71007.05,70950.83,71002.0,10.56333
2026-06-02 03:51:00,71002.01,71002.67,70968.0,70968.0,13.67861
2026-06-02 03:52:00,70968.0,70995.76,70968.0,70995.72,23.80002
2026-06-02 03:53:00,70995.72,70995.73,70984.34,70985.0,6.3535
2026-06-02 03:54:00,70984.99,71014.54,70984.99,71010.53,7.66246
2026-06-02 03:55:00,71010.54,71010.54,70958.4,70958.41,4.63464
2026-06-02 03:56:00,70958.4,70968.0,70936.49,70941.82,6.56468
2026-06-02 03:57:00,70941.82,70952.06,70941.81,70948.01,3.90179
2026-06-02 03:58:00,70948.01,70952.0,70944.86,70952.0,2.88748
2026-06-02 03:59:00,70952.0,70965.45,70951.99,70953.69,4.46858
2026-06-02 04:00:00,70953.7,70990.0,70953.69,70971.43,7.2621
2026-06-02 04:01:00,70971.43,71013.9,70952.18,71013.9,10.30943
2026-06-02 04:02:00,71013.89,71013.9,70950.17,70950.18,5.04672
2026-06-02 04:03:00,70950.17,70952.0,70932.0,70951.99,2.92435
2026-06-02 04:04:00,70952.0,70952.17,70951.99,70952.0,3.60518
2026-06-02 04:05:00,70952.0,70970.0,70951.99,70967.99,3.66045
2026-06-02 04:06:00,70967.98,70988.06,70960.0,70968.8,7.71798
2026-06-02 04:07:00,70968.8,70968.81,70906.77,70906.78,7.61975
2026-06-02 04:08:00,70906.78,70914.0,70846.76,70851.04,8.5396
2026-06-02 04:09:00,70851.04,70864.0,70776.63,70794.45,25.90755
2026-06-02 04:10:00,70794.44,70794.45,70758.16,70758.17,7.96672
2026-06-02 04:11:00,70758.16,70758.17,70716.41,70728.0,7.1003
2026-06-02 04:12:00,70728.0,70744.01,70713.54,70744.01,7.71146
2026-06-02 04:13:00,70744.01,70803.17,70740.13,70803.17,7.60282
2026-06-02 04:14:00,70803.17,70803.17,70770.81,70770.81,6.50181
2026-06-02 04:15:00,70770.81,70808.07,70770.81,70808.07,6.82433
2026-06-02 04:16:00,70808.07,70864.0,70808.06,70808.07,13.95899
2026-06-02 04:17:00,70808.07,70834.0,70804.0,70804.01,10.3721
2026-06-02 04:18:00,70804.0,70886.71,70804.0,70874.51,11.74055
2026-06-02 04:19:00,70874.52,70905.91,70861.64,70888.0,18.66857
2026-06-02 04:20:00,70888.0,70911.7,70888.0,70911.69,7.43128
2026-06-02 04:21:00,70911.69,70911.69,70864.0,70864.0,5.6657
2026-06-02 04:22:00,70864.0,70864.0,70816.82,70820.44,7.79985
2026-06-02 04:23:00,70820.45,70872.0,70816.82,70871.87,5.57263
2026-06-02 04:24:00,70871.87,70878.5,70869.34,70876.49,6.91579
2026-06-02 04:25:00,70876.48,70876.48,70860.96,70875.29,2.78551
2026-06-02 04:26:00,70875.3,70942.92,70875.3,70942.91,9.44114
2026-06-02 04:27:00,70942.92,70960.0,70942.92,70957.99,5.64138
2026-06-02 04:28:00,70958.0,71000.0,70957.99,70999.99,7.05234
2026-06-02 04:29:00,71000.0,71028.25,70975.89,70975.89,32.45209
2026-06-02 04:30:00,70975.9,70975.9,70924.0,70933.02,4.56631
2026-06-02 04:31:00,70933.02,70933.02,70922.0,70933.02,2.94676
2026-06-02 04:32:00,70933.02,70958.0,70933.01,70952.47,5.92674
2026-06-02 04:33:00,70952.48,70997.09,70952.48,70992.01,7.73081
2026-06-02 04:34:00,70992.01,71030.0,70992.01,71030.0,9.9736
2026-06-02 04:35:00,71029.99,71041.75,71007.11,71041.74,15.20893
2026-06-02 04:36:00,71041.74,71048.0,71025.65,71025.65,5.70266
2026-06-02 04:37:00,71025.64,71025.65,71010.54,71022.29,2.42116
2026-06-02 04:38:00,71022.29,71022.3,71000.0,71017.81,5.64869
2026-06-02 04:39:00,71017.8,71038.0,71011.97,71037.99,4.87126
2026-06-02 04:40:00,71037.99,71038.0,71030.48,71037.89,4.94092
2026-06-02 04:41:00,71037.9,71037.9,71030.48,71030.48,1.91778
2026-06-02 04:42:00,71030.49,71036.91,71011.97,71011.98,4.38265
2026-06-02 04:43:00,71011.98,71018.01,70994.47,71018.01,6.31546
2026-06-02 04:44:00,71018.0,71027.64,71018.0,71027.34,5.96439
2026-06-02 04:45:00,71027.35,71027.35,70997.9,71009.99,4.47205
2026-06-02 04:46:00,71009.99,71010.0,70978.0,70978.01,6.03175
2026-06-02 04:47:00,70978.0,70993.73,70970.18,70972.13,6.93931
2026-06-02 04:48:00,70972.13,70989.79,70934.59,70934.59,15.08358
2026-06-02 04:49:00,70934.6,70939.92,70909.98,70909.98,10.5259
2026-06-02 04:50:00,70909.98,70916.0,70902.42,70916.0,4.32011
2026-06-02 04:51:00,70915.99,70916.0,70879.0,70879.0,5.08848
2026-06-02 04:52:00,70879.01,70885.16,70860.36,70863.39,6.16703
2026-06-02 04:53:00,70863.4,70904.28,70863.39,70902.42,6.07866
2026-06-02 04:54:00,70902.41,70902.42,70900.0,70900.01,3.56609
2026-06-02 04:55:00,70900.0,70900.0,70830.5,70848.01,13.13412
2026-06-02 04:56:00,70848.01,70848.01,70821.48,70821.49,3.41652
2026-06-02 04:57:00,70821.48,70847.56,70810.11,70820.49,5.94368
2026-06-02 04:58:00,70820.5,70820.5,70764.0,70801.0,29.44473
2026-06-02 04:59:00,70800.99,70810.0,70800.99,70810.0,8.83894
2026-06-02 05:00:00,70810.0,70816.0,70805.59,70816.0,2.92066
2026-06-02 05:01:00,70816.0,70847.66,70815.99,70830.0,6.69956
2026-06-02 05:02:00,70830.0,70830.0,70730.07,70733.62,5.92332
2026-06-02 05:03:00,70733.62,70733.62,70668.0,70668.2,7.17499
2026-06-02 05:04:00,70668.2,70694.0,70600.37,70608.53,14.97979
2026-06-02 05:05:00,70608.53,70626.06,70590.0,70621.88,9.61812
2026-06-02 05:06:00,70621.88,70664.7,70600.0,70655.01,13.70505
2026-06-02 05:07:00,70655.01,70655.01,70616.05,70644.0,11.43179
2026-06-02 05:08:00,70643.99,70652.0,70634.9,70651.5,10.6054
2026-06-02 05:09:00,70651.5,70699.17,70651.49,70682.01,18.91676
2026-06-02 05:10:00,70682.01,70703.52,70667.5,70703.52,24.53071
2026-06-02 05:11:00,70703.52,70750.4,70703.52,70742.9,5.53191
2026-06-02 05:12:00,70742.9,70776.0,70735.99,70765.38,3.73798
2026-06-02 05:13:00,70765.38,70782.0,70754.56,70782.0,5.13284
2026-06-02 05:14:00,70782.0,70835.35,70781.99,70810.01,5.60286
2026-06-02 05:15:00,70810.0,70814.01,70780.0,70792.1,4.54622
2026-06-02 05:16:00,70792.0,70792.0,70736.0,70736.0,4.80923
2026-06-02 05:17:00,70736.0,70742.0,70719.18,70742.0,3.06733
2026-06-02 05:18:00,70742.0,70766.0,70741.99,70766.0,4.84739
2026-06-02 05:19:00,70765.99,70766.0,70732.74,70732.75,5.773
2026-06-02 05:20:00,70732.74,70740.0,70720.58,70739.99,4.68668
2026-06-02 05:21:00,70740.0,70765.39,70733.91,70765.39,7.03933
2026-06-02 05:22:00,70765.38,70765.39,70719.18,70738.45,5.09906
2026-06-02 05:23:00,70738.45,70749.28,70736.0,70736.01,3.28658
2026-06-02 05:24:00,70736.01,70743.99,70715.23,70715.25,5.65618
2026-06-02 05:25:00,70715.25,70715.25,70639.54,70649.14,13.57274
2026-06-02 05:26:00,70649.14,70654.0,70605.58,70654.0,6.17658
2026-06-02 05:27:00,70654.0,70680.0,70649.99,70669.18,9.7079
2026-06-02 05:28:00,70669.18,70669.18,70582.29,70597.01,18.72
2026-06-02 05:29:00,70597.01,70622.51,70597.01,70602.61,9.90418
2026-06-02 05:30:00,70602.61,70637.44,70584.42,70584.43,7.99579
2026-06-02 05:31:00,70584.43,70626.0,70529.82,70626.0,21.72596
2026-06-02 05:32:00,70626.0,70708.35,70625.99,70697.25,12.72586
2026-06-02 05:33:00,70697.25,70723.73,70691.86,70717.41,18.63069
2026-06-02 05:34:00,70717.42,70717.42,70646.37,70669.99,7.74253
2026-06-02 05:35:00,70670.0,70681.2,70651.99,70661.52,4.1411
2026-06-02 05:36:00,70661.52,70674.0,70661.51,70664.53,4.88291
2026-06-02 05:37:00,70664.53,70679.3,70622.01,70640.01,33.92899
2026-06-02 05:38:00,70640.01,70640.01,70590.0,70636.0,25.44499
2026-06-02 05:39:00,70635.99,70642.61,70590.63,70610.03,20.03206
2026-06-02 05:40:00,70610.03,70610.03,70437.95,70508.0,41.85126
2026-06-02 05:41:00,70508.0,70553.7,70504.96,70504.96,18.4197
2026-06-02 05:42:00,70504.95,70542.0,70476.01,70492.0,19.01478
2026-06-02 05:43:00,70492.0,70511.99,70474.32,70480.13,18.42032
2026-06-02 05:44:00,70480.13,70537.42,70480.12,70534.91,21.99603
2026-06-02 05:45:00,70534.37,70534.37,70405.85,70419.12,49.65147
2026-06-02 05:46:00,70419.13,70482.53,70419.12,70482.53,18.26097
2026-06-02 05:47:00,70482.53,70483.91,70431.11,70431.75,17.72328
2026-06-02 05:48:00,70431.75,70436.0,70407.35,70415.34,15.38702
2026-06-02 05:49:00,70415.33,70446.01,70408.89,70434.33,24.24668
2026-06-02 05:50:00,70434.34,70459.99,70416.0,70416.01,9.97918
2026-06-02 05:51:00,70416.01,70422.8,70353.86,70367.84,27.91087
2026-06-02 05:52:00,70367.83,70420.0,70358.0,70392.52,13.69832
2026-06-02 05:53:00,70392.51,70400.62,70364.0,70364.01,4.23835
2026-06-02 05:54:00,70364.0,70398.0,70364.0,70385.99,4.88771
2026-06-02 05:55:00,70385.99,70386.0,70344.0,70378.15,8.76407
2026-06-02 05:56:00,70378.16,70394.85,70365.46,70380.81,9.45631
2026-06-02 05:57:00,70380.82,70380.82,70312.69,70325.83,23.48912
2026-06-02 05:58:00,70325.83,70334.52,70282.03,70308.0,58.92095
2026-06-02 05:59:00,70308.0,70321.87,70267.79,70268.96,15.1464
2026-06-02 06:00:00,70268.97,70319.04,70262.0,70319.04,22.61275
2026-06-02 06:01:00,70319.04,70387.99,70319.03,70354.01,17.41069
2026-06-02 06:02:00,70354.0,70380.2,70320.0,70356.48,9.13062
2026-06-02 06:03:00,70356.47,70389.56,70356.47,70389.56,14.81935
2026-06-02 06:04:00,70389.56,70389.56,70362.9,70367.83,4.6021
2026-06-02 06:05:00,70367.83,70442.0,70367.83,70442.0,21.47176
2026-06-02 06:06:00,70441.99,70441.99,70403.97,70432.03,7.31502
2026-06-02 06:07:00,70432.03,70432.03,70378.46,70378.46,6.13812
2026-06-02 06:08:00,70378.46,70378.46,70356.0,70356.0,7.67431
2026-06-02 06:09:00,70356.01,70414.45,70356.0,70410.01,15.31967
2026-06-02 06:10:00,70410.01,70410.01,70376.58,70382.4,11.02107
2026-06-02 06:11:00,70382.41,70400.0,70370.0,70373.34,6.36866
2026-06-02 06:12:00,70373.34,70373.34,70306.0,70306.01,9.86868
2026-06-02 06:13:00,70306.01,70306.01,70230.0,70253.92,20.16863
2026-06-02 06:14:00,70253.93,70326.4,70253.93,70310.01,10.73734
2026-06-02 06:15:00,70310.01,70338.0,70306.26,70322.0,5.7915
2026-06-02 06:16:00,70321.99,70383.89,70321.99,70376.01,10.62647
2026-06-02 06:17:00,70376.01,70393.99,70347.55,70347.55,5.41123
2026-06-02 06:18:00,70347.56,70347.56,70308.72,70327.22,7.80119
2026-06-02 06:19:00,70327.22,70333.81,70298.0,70298.0,6.18596
2026-06-02 06:20:00,70298.0,70312.0,70298.0,70311.99,5.42494
2026-06-02 06:21:00,70311.99,70314.17,70298.19,70303.99,5.41423
2026-06-02 06:22:00,70304.0,70332.16,70303.99,70323.94,11.65276
2026-06-02 06:23:00,70323.95,70330.44,70308.3,70308.31,21.26445
2026-06-02 06:24:00,70308.31,70314.2,70239.6,70242.21,13.59952
2026-06-02 06:25:00,70242.21,70283.72,70230.45,70283.72,17.03437
2026-06-02 06:26:00,70283.72,70342.98,70283.72,70342.96,4.53855
2026-06-02 06:27:00,70342.97,70348.0,70315.65,70315.65,6.62468
2026-06-02 06:28:00,70315.66,70377.06,70315.64,70374.54,5.69415
2026-06-02 06:29:00,70374.55,70378.0,70369.99,70370.19,6.1171
2026-06-02 06:30:00,70370.2,70420.0,70370.19,70420.0,17.37917
2026-06-02 06:31:00,70419.99,70424.4,70411.87,70424.4,11.8829
2026-06-02 06:32:00,70424.4,70424.4,70362.19,70369.23,17.57035
2026-06-02 06:33:00,70369.24,70369.24,70322.56,70326.79,26.04968
2026-06-02 06:34:00,70326.79,70380.61,70326.78,70360.01,27.83611
2026-06-02 06:35:00,70360.01,70364.0,70319.79,70346.5,64.36094
2026-06-02 06:36:00,70346.5,70346.5,70276.25,70302.02,19.01127
2026-06-02 06:37:00,70302.01,70319.8,70295.03,70299.99,9.7127
2026-06-02 06:38:00,70300.0,70311.88,70300.0,70306.0,5.64512
2026-06-02 06:39:00,70306.0,70322.95,70306.0,70322.94,11.77175
2026-06-02 06:40:00,70322.95,70343.66,70302.01,70302.02,45.20772
2026-06-02 06:41:00,70302.02,70331.54,70292.11,70330.44,13.79419
2026-06-02 06:42:00,70330.44,70352.0,70330.44,70346.01,6.13426
2026-06-02 06:43:00,70346.01,70346.01,70300.0,70300.0,12.59237
2026-06-02 06:44:00,70300.0,70301.6,70258.0,70258.0,17.22725
2026-06-02 06:45:00,70258.0,70314.97,70246.0,70304.08,14.01192
2026-06-02 06:46:00,70304.0,70304.0,70200.0,70200.0,24.51493
2026-06-02 06:47:00,70200.0,70208.01,70008.0,70140.01,202.71523
2026-06-02 06:48:00,70140.0,70175.76,70124.19,70148.84,35.08115
2026-06-02 06:49:00,70148.84,70237.03,70140.0,70237.03,18.72501
2026-06-02 06:50:00,70237.02,70289.7,70227.33,70282.67,14.86154
2026-06-02 06:51:00,70282.68,70335.39,70280.02,70315.86,22.85847
2026-06-02 06:52:00,70315.86,70315.86,70290.32,70292.36,5.04486
2026-06-02 06:53:00,70292.36,70292.36,70170.0,70170.01,29.60848
2026-06-02 06:54:00,70170.0,70177.87,70110.0,70177.15,17.10426
2026-06-02 06:55:00,70177.14,70177.14,70032.0,70037.34,31.15247
2026-06-02 06:56:00,70037.35,70070.01,69958.49,69970.2,334.45072
2026-06-02 06:57:00,69970.2,70090.39,69969.92,70090.39,72.38187
2026-06-02 06:58:00,70090.39,70121.04,70072.0,70102.01,21.82397
2026-06-02 06:59:00,70102.0,70121.04,70091.73,70106.31,38.79896
2026-06-02 07:00:00,70106.31,70166.66,70094.91,70094.91,25.79036
2026-06-02 07:01:00,70094.91,70094.91,69900.0,69907.13,75.75983
2026-06-02 07:02:00,69907.13,69940.53,69817.22,69833.24,123.60092
2026-06-02 07:03:00,69833.24,69918.0,69733.0,69841.15,169.52612
2026-06-02 07:04:00,69841.15,69858.68,69787.61,69839.98,48.93442
2026-06-02 07:05:00,69839.98,69914.43,69835.07,69899.99,44.97894
2026-06-02 07:06:00,69900.0,69900.0,69855.5,69873.83,16.98235
2026-06-02 07:07:00,69873.84,69968.83,69842.01,69968.83,19.34659
2026-06-02 07:08:00,69968.83,69997.13,69960.77,69995.12,10.68628
2026-06-02 07:09:00,69995.11,70016.48,69970.0,69982.0,16.34587
2026-06-02 07:10:00,69982.01,70019.6,69974.0,70019.6,14.26557
2026-06-02 07:11:00,70019.59,70050.0,70019.59,70040.76,14.88741
2026-06-02 07:12:00,70040.76,70040.76,69996.61,70026.13,23.58116
2026-06-02 07:13:00,70026.14,70060.49,70017.1,70060.48,10.7693
2026-06-02 07:14:00,70060.49,70073.48,70050.38,70050.38,11.57392
2026-06-02 07:15:00,70050.38,70142.98,70050.37,70142.97,18.81548
2026-06-02 07:16:00,70142.96,70203.1,70142.96,70203.09,17.45274
2026-06-02 07:17:00,70203.09,70239.57,70180.0,70230.96,12.62541
2026-06-02 07:18:00,70230.96,70275.86,70226.8,70259.99,16.8108
2026-06-02 07:19:00,70259.99,70259.99,70192.45,70192.46,10.36104
2026-06-02 07:20:00,70192.46,70192.46,70168.47,70173.75,10.32594
2026-06-02 07:21:00,70173.75,70173.75,70123.7,70149.99,10.65852
2026-06-02 07:22:00,70149.99,70150.0,70138.98,70140.14,10.13866
2026-06-02 07:23:00,70140.15,70140.15,70100.0,70101.16,11.96738
2026-06-02 07:24:00,70101.17,70101.17,70034.11,70034.12,10.45587
2026-06-02 07:25:00,70034.12,70034.12,69886.49,69937.78,28.59411
2026-06-02 07:26:00,69937.79,69942.52,69889.8,69920.13,20.09766
2026-06-02 07:27:00,69920.13,69920.13,69835.65,69854.01,10.18208
2026-06-02 07:28:00,69854.01,69927.79,69843.0,69882.16,14.80886
2026-06-02 07:29:00,69882.16,69914.0,69882.16,69913.99,4.64525
2026-06-02 07:30:00,69914.0,69947.13,69907.17,69947.13,22.6163
2026-06-02 07:31:00,69947.13,70024.0,69947.12,70024.0,20.35784
2026-06-02 07:32:00,70024.0,70118.08,70023.99,70113.01,20.58135
2026-06-02 07:33:00,70113.0,70140.11,70056.83,70104.43,59.13878
2026-06-02 07:34:00,70104.44,70127.32,70090.01,70111.55,13.46495
2026-06-02 07:35:00,70111.56,70122.0,70076.0,70116.74,13.08914
2026-06-02 07:36:00,70116.75,70205.32,70111.54,70179.11,24.40694
2026-06-02 07:37:00,70179.11,70248.71,70179.1,70248.7,18.92058
2026-06-02 07:38:00,70248.71,70257.8,70188.0,70189.23,22.62004
2026-06-02 07:39:00,70189.24,70210.72,70178.3,70204.22,18.38703
2026-06-02 07:40:00,70204.22,70218.0,70193.37,70218.0,26.44218
2026-06-02 07:41:00,70218.0,70226.23,70202.0,70212.01,16.50503
2026-06-02 07:42:00,70212.01,70235.09,70208.46,70235.09,9.69603
2026-06-02 07:43:00,70235.09,70244.36,70216.48,70244.35,13.68469
2026-06-02 07:44:00,70244.35,70246.3,70200.0,70213.38,20.52233
2026-06-02 07:45:00,70213.38,70213.38,70133.8,70146.84,19.53124
2026-06-02 07:46:00,70146.85,70158.56,70083.96,70087.73,24.56818
2026-06-02 07:47:00,70087.73,70107.75,70073.71,70095.73,12.99388
2026-06-02 07:48:00,70095.73,70134.0,70095.72,70134.0,11.97841
2026-06-02 07:49:00,70134.0,70159.47,70125.02,70125.24,20.05984
2026-06-02 07:50:00,70125.25,70172.97,70125.25,70172.97,12.1189
2026-06-02 07:51:00,70172.97,70172.97,70131.22,70151.19,14.80968
2026-06-02 07:52:00,70151.19,70151.19,70120.46,70128.67,10.80921
2026-06-02 07:53:00,70128.68,70128.68,70095.36,70095.37,16.76937
2026-06-02 07:54:00,70095.37,70133.99,70095.36,70133.98,10.22662
2026-06-02 07:55:00,70133.98,70211.24,70133.98,70210.0,14.5991
2026-06-02 07:56:00,70210.01,70218.49,70148.0,70148.0,13.76644
2026-06-02 07:57:00,70148.01,70148.01,70117.02,70144.0,17.04728
2026-06-02 07:58:00,70144.0,70144.0,70124.0,70137.6,10.4174
2026-06-02 07:59:00,70137.6,70137.6,70108.0,70118.42,23.70053
2026-06-02 08:00:00,70118.42,70128.0,70110.0,70114.56,16.11195
2026-06-02 08:01:00,70114.56,70172.0,70095.88,70146.01,15.80202
2026-06-02 08:02:00,70146.01,70150.0,70074.0,70078.0,10.53789
2026-06-02 08:03:00,70078.0,70092.0,70076.01,70089.03,5.91817
2026-06-02 08:04:00,70089.03,70089.03,70018.0,70021.99,13.20847
2026-06-02 08:05:00,70021.99,70057.99,70003.02,70057.99,18.64882
2026-06-02 08:06:00,70058.0,70085.99,70058.0,70064.0,11.08637
2026-06-02 08:07:00,70064.0,70069.77,70041.56,70069.77,8.96509
2026-06-02 08:08:00,70069.77,70069.77,70005.66,70027.23,12.37309
2026-06-02 08:09:00,70027.23,70039.58,70002.55,70005.82,5.53786
2026-06-02 08:10:00,70005.82,70010.0,70000.0,70003.47,7.10722
2026-06-02 08:11:00,70003.47,70011.45,70000.0,70000.01,8.69372
2026-06-02 08:12:00,70000.01,70038.0,69966.97,70016.0,69.90282
2026-06-02 08:13:00,70016.0,70032.0,69993.39,70031.99,15.0421
2026-06-02 08:14:00,70032.0,70076.0,70031.99,70055.01,9.2663
2026-06-02 08:15:00,70055.01,70055.01,70017.05,70023.31,5.54623
2026-06-02 08:16:00,70023.3,70054.0,70023.3,70027.38,3.99685
2026-06-02 08:17:00,70027.38,70027.38,69943.05,69943.05,9.73464
2026-06-02 08:18:00,69943.05,70046.0,69934.01,70031.99,10.39185
2026-06-02 08:19:00,70032.0,70032.0,69962.0,69977.83,11.56701
2026-06-02 08:20:00,69978.0,70004.03,69977.99,69978.0,7.88586
2026-06-02 08:21:00,69978.0,69978.0,69926.01,69930.01,35.55865
2026-06-02 08:22:00,69930.0,69969.77,69893.48,69893.49,26.43521
2026-06-02 08:23:00,69893.49,69968.5,69893.09,69956.1,27.10401
2026-06-02 08:24:00,69956.09,69956.1,69906.0,69908.6,7.99519
2026-06-02 08:25:00,69908.6,69940.0,69873.19,69939.99,14.09399
2026-06-02 08:26:00,69940.0,70020.0,69932.88,70020.0,16.62297
2026-06-02 08:27:00,70020.0,70088.0,70016.8,70079.99,18.39451
2026-06-02 08:28:00,70080.0,70080.0,69991.55,70007.99,16.41665
2026-06-02 08:29:00,70008.0,70020.0,69964.83,70020.0,13.47745
2026-06-02 08:30:00,70019.99,70055.86,70010.15,70048.0,19.4892
2026-06-02 08:31:00,70048.0,70066.6,70044.0,70044.26,8.4816
2026-06-02 08:32:00,70044.26,70050.0,70026.46,70050.0,13.83297
2026-06-02 08:33:00,70050.0,70080.0,70048.09,70048.1,11.15836
2026-06-02 08:34:00,70048.1,70058.01,70016.02,70027.69,6.77104
2026-06-02 08:35:00,70027.7,70027.7,69959.59,69996.48,24.92357
2026-06-02 08:36:00,69996.47,70010.0,69992.51,70002.0,8.32031
2026-06-02 08:37:00,70002.01,70018.01,70002.0,70013.63,5.24684
2026-06-02 08:38:00,70013.63,70013.64,69916.21,69916.21,7.82818
2026-06-02 08:39:00,69916.22,69951.86,69908.01,69951.86,13.08073
2026-06-02 08:40:00,69951.86,69955.32,69937.86,69947.21,6.39244
2026-06-02 08:41:00,69947.2,69947.2,69907.23,69907.24,1.72611
2026-06-02 08:42:00,69907.23,69918.0,69900.0,69906.0,2.36759
2026-06-02 08:43:00,69905.99,69906.0,69885.52,69887.99,4.55368
2026-06-02 08:44:00,69888.0,69900.42,69860.03,69861.75,7.68831
2026-06-02 08:45:00,69861.75,69908.07,69861.74,69902.0,16.16126
2026-06-02 08:46:00,69902.0,69923.94,69902.0,69911.51,8.25113
2026-06-02 08:47:00,69911.51,69943.33,69892.01,69894.9,15.98726
2026-06-02 08:48:00,69894.9,69894.91,69820.0,69820.0,54.6177
2026-06-02 08:49:00,69820.0,69832.0,69800.0,69801.3,23.99275
2026-06-02 08:50:00,69801.31,69833.62,69800.0,69833.62,35.52354
2026-06-02 08:51:00,69833.61,69833.62,69788.43,69808.64,36.12228
2026-06-02 08:52:00,69808.64,69822.64,69782.0,69782.0,19.13748
2026-06-02 08:53:00,69782.01,69804.0,69782.0,69782.01,16.47614
2026-06-02 08:54:00,69782.0,69788.0,69775.0,69775.0,24.31387
2026-06-02 08:55:00,69775.01,69779.69,69775.0,69775.01,8.86758
2026-06-02 08:56:00,69775.0,69775.01,69705.3,69755.01,51.61657
2026-06-02 08:57:00,69755.0,69808.0,69742.75,69808.0,10.6738
2026-06-02 08:58:00,69808.0,69849.0,69769.0,69780.0,18.29644
2026-06-02 08:59:00,69780.0,69830.0,69779.99,69821.99,9.32821
2026-06-02 09:00:00,69822.0,69849.0,69750.0,69753.23,18.1089
2026-06-02 09:01:00,69753.24,69764.44,69731.45,69736.02,21.90001
2026-06-02 09:02:00,69736.03,69736.03,69643.58,69650.01,80.7898
2026-06-02 09:03:00,69650.01,69694.52,69643.58,69643.58,26.48662
2026-06-02 09:04:00,69643.58,69660.43,69590.92,69597.09,123.60072
2026-06-02 09:05:00,69597.1,69655.85,69597.09,69616.58,62.17702
2026-06-02 09:06:00,69616.57,69642.87,69598.0,69609.49,36.93594
2026-06-02 09:07:00,69609.48,69706.67,69608.04,69700.0,50.62428
2026-06-02 09:08:00,69700.01,69714.0,69644.6,69649.99,24.88742
2026-06-02 09:09:00,69649.98,69654.58,69600.0,69654.57,9.41693
2026-06-02 09:10:00,69654.58,69654.58,69608.42,69621.99,10.93243
2026-06-02 09:11:00,69622.0,69638.59,69596.29,69602.01,57.46793
2026-06-02 09:12:00,69602.0,69602.0,69500.0,69534.01,91.87926
2026-06-02 09:13:00,69534.01,69586.16,69529.99,69545.99,13.75129
2026-06-02 09:14:00,69545.99,69569.89,69545.99,69555.96,11.18868
2026-06-02 09:15:00,69555.97,69585.59,69530.12,69585.59,12.24121
2026-06-02 09:16:00,69585.59,69619.49,69557.97,69557.97,24.95385
2026-06-02 09:17:00,69557.97,69557.98,69500.0,69500.0,38.12769
2026-06-02 09:18:00,69500.0,69625.99,69491.45,69621.99,48.13515
2026-06-02 09:19:00,69622.0,69628.53,69612.0,69612.75,9.84047
2026-06-02 09:20:00,69612.74,69614.0,69551.34,69551.35,9.7892
2026-06-02 09:21:00,69551.34,69551.34,69478.01,69478.01,20.21385
2026-06-02 09:22:00,69478.0,69505.2,69417.93,69444.08,59.18853
2026-06-02 09:23:00,69444.08,69490.0,69444.07,69475.94,23.26497
2026-06-02 09:24:00,69475.94,69489.99,69475.94,69489.99,14.31435
2026-06-02 09:25:00,69489.99,69489.99,69419.84,69440.0,18.01362
2026-06-02 09:26:00,69440.0,69452.98,69422.52,69442.0,21.59743
2026-06-02 09:27:00,69441.99,69441.99,69401.0,69406.77,12.1777
2026-06-02 09:28:00,69406.77,69439.89,69378.37,69378.53,35.82959
2026-06-02 09:29:00,69378.53,69418.0,69324.65,69399.1,42.3286
2026-06-02 09:30:00,69399.1,69418.0,69349.03,69417.99,26.4868
2026-06-02 09:31:00,69418.0,69456.0,69398.0,69426.0,28.27461
2026-06-02 09:32:00,69426.0,69488.0,69425.99,69487.99,10.47312
2026-06-02 09:33:00,69488.0,69510.96,69474.12,69500.0,26.73717
2026-06-02 09:34:00,69500.0,69550.0,69450.0,69526.71,24.33821
2026-06-02 09:35:00,69526.7,69566.96,69515.99,69550.0,13.90413
2026-06-02 09:36:00,69550.0,69550.17,69508.0,69525.85,15.89665
2026-06-02 09:37:00,69525.84,69525.85,69488.0,69488.01,10.30793
2026-06-02 09:38:00,69488.01,69526.24,69479.8,69526.24,15.37457
2026-06-02 09:39:00,69526.24,69526.24,69475.0,69475.31,12.381
2026-06-02 09:40:00,69475.31,69488.97,69424.29,69474.0,27.32096
2026-06-02 09:41:00,69473.99,69476.0,69447.96,69475.99,6.04652
2026-06-02 09:42:00,69476.0,69509.41,69460.55,69500.98,30.09999
2026-06-02 09:43:00,69500.99,69512.0,69490.0,69510.18,12.8496
2026-06-02 09:44:00,69510.18,69514.0,69490.0,69490.01,24.99118
2026-06-02 09:45:00,69490.01,69490.01,69419.09,69419.09,14.15354
2026-06-02 09:46:00,69419.08,69428.0,69380.01,69400.02,15.83344
2026-06-02 09:47:00,69400.02,69426.22,69391.35,69425.4,18.12464
2026-06-02 09:48:00,69425.39,69518.96,69416.0,69518.96,38.31292
2026-06-02 09:49:00,69518.95,69524.0,69496.27,69496.28,9.38398
2026-06-02 09:50:00,69496.28,69510.93,69435.84,69435.85,9.21668
2026-06-02 09:51:00,69435.84,69488.0,69430.67,69477.01,8.26342
2026-06-02 09:52:00,69477.01,69477.01,69434.2,69450.0,9.48314
2026-06-02 09:53:00,69450.0,69453.88,69441.08,69441.08,4.03622
2026-06-02 09:54:00,69441.09,69441.09,69396.46,69396.47,7.80097
2026-06-02 09:55:00,69396.47,69454.41,69396.47,69454.0,8.26064
2026-06-02 09:56:00,69454.0,69454.0,69410.59,69410.6,5.65612
2026-06-02 09:57:00,69410.59,69431.33,69404.0,69412.91,7.44514
2026-06-02 09:58:00,69412.91,69412.92,69392.16,69396.0,4.71251
2026-06-02 09:59:00,69396.0,69426.01,69395.99,69426.01,22.88929
2026-06-02 10:00:00,69426.01,69429.9,69426.0,69428.03,4.10722
2026-06-02 10:01:00,69428.03,69429.9,69401.64,69414.96,16.61603
2026-06-02 10:02:00,69414.97,69414.97,69336.98,69397.11,35.28612
2026-06-02 10:03:00,69397.11,69450.01,69397.11,69450.01,116.87716
2026-06-02 10:04:00,69450.0,69533.23,69450.0,69522.01,30.81931
2026-06-02 10:05:00,69522.01,69536.71,69501.23,69528.14,8.49859
2026-06-02 10:06:00,69528.13,69540.82,69503.38,69538.54,53.51613
2026-06-02 10:07:00,69538.54,69550.0,69506.27,69519.99,10.94256
2026-06-02 10:08:00,69520.0,69589.83,69520.0,69561.25,24.88659
2026-06-02 10:09:00,69561.26,69648.0,69544.53,69636.0,21.18005
2026-06-02 10:10:00,69636.0,69687.0,69602.75,69660.0,13.73157
2026-06-02 10:11:00,69660.01,69739.76,69660.0,69732.93,52.13022
2026-06-02 10:12:00,69732.93,69756.0,69710.45,69737.82,13.27697
2026-06-02 10:13:00,69737.81,69737.82,69690.17,69700.82,16.58274
2026-06-02 10:14:00,69700.82,69700.83,69656.0,69657.99,8.76512
2026-06-02 10:15:00,69658.0,69702.0,69642.0,69699.18,16.16846
2026-06-02 10:16:00,69699.17,69711.94,69692.13,69696.01,7.64558
2026-06-02 10:17:00,69696.01,69696.01,69658.0,69664.0,6.74122
2026-06-02 10:18:00,69663.99,69676.72,69663.99,69674.03,4.6884
2026-06-02 10:19:00,69674.02,69724.16,69674.02,69724.16,4.42255
2026-06-02 10:20:00,69724.15,69724.16,69690.17,69696.6,11.32341
2026-06-02 10:21:00,69696.61,69696.61,69644.0,69646.25,9.97724
2026-06-02 10:22:00,69646.25,69650.0,69560.0,69566.0,34.15616
2026-06-02 10:23:00,69565.99,69566.0,69518.0,69544.4,15.40625
2026-06-02 10:24:00,69544.4,69566.0,69544.39,69544.39,3.8445
2026-06-02 10:25:00,69544.4,69562.0,69533.41,69562.0,3.67809
2026-06-02 10:26:00,69561.99,69595.99,69557.04,69564.01,5.77122
2026-06-02 10:27:00,69564.01,69588.63,69564.01,69586.4,4.51611
2026-06-02 10:28:00,69586.4,69613.8,69586.39,69610.01,4.66732
2026-06-02 10:29:00,69610.01,69662.57,69610.0,69646.01,7.0072
2026-06-02 10:30:00,69646.0,69673.93,69646.0,69673.92,3.93583
2026-06-02 10:31:00,69673.93,69673.93,69619.23,69655.31,9.0049
2026-06-02 10:32:00,69655.3,69656.0,69640.0,69645.68,7.25395
2026-06-02 10:33:00,69645.68,69645.68,69566.0,69568.0,9.79616
2026-06-02 10:34:00,69568.0,69568.0,69504.01,69512.0,13.43374
2026-06-02 10:35:00,69512.0,69535.29,69467.33,69482.24,12.4049
2026-06-02 10:36:00,69482.23,69502.0,69474.87,69501.99,11.14292
2026-06-02 10:37:00,69501.99,69502.0,69460.39,69466.25,11.13618
2026-06-02 10:38:00,69466.26,69475.99,69450.0,69464.83,5.08551
2026-06-02 10:39:00,69464.84,69496.0,69448.0,69496.0,21.09598
2026-06-02 10:40:00,69495.99,69513.44,69479.01,69505.01,9.83845
2026-06-02 10:41:00,69505.01,69510.01,69489.23,69492.01,4.12639
2026-06-02 10:42:00,69492.0,69500.0,69484.32,69488.21,4.33425
2026-06-02 10:43:00,69488.21,69488.21,69478.78,69482.78,5.87531
2026-06-02 10:44:00,69482.79,69498.78,69470.0,69474.0,5.49169
2026-06-02 10:45:00,69474.0,69514.0,69473.99,69509.34,15.94114
2026-06-02 10:46:00,69509.34,69521.53,69509.33,69514.19,6.02956
2026-06-02 10:47:00,69514.2,69530.08,69480.0,69524.0,9.56903
2026-06-02 10:48:00,69524.0,69524.01,69480.0,69480.01,30.75804
2026-06-02 10:49:00,69480.0,69483.64,69470.73,69480.0,31.18255
2026-06-02 10:50:00,69480.0,69515.51,69479.99,69513.93,8.94905
2026-06-02 10:51:00,69513.93,69544.0,69513.92,69543.99,7.40386
2026-06-02 10:52:00,69544.0,69614.4,69544.0,69603.03,14.09642
2026-06-02 10:53:00,69603.04,69690.18,69603.03,69672.71,22.05622
2026-06-02 10:54:00,69672.7,69679.75,69643.57,69662.12,15.58768
2026-06-02 10:55:00,69662.11,69662.12,69645.05,69652.19,4.19369
2026-06-02 10:56:00,69652.19,69690.18,69652.18,69680.76,12.69391
2026-06-02 10:57:00,69680.76,69684.02,69667.82,69676.5,6.81178
2026-06-02 10:58:00,69676.5,69689.34,69676.49,69678.01,6.36044
2026-06-02 10:59:00,69678.0,69678.01,69652.18,69652.19,12.0483
2026-06-02 11:00:00,69652.18,69659.47,69640.75,69659.47,9.61748
2026-06-02 11:01:00,69659.47,69659.47,69607.23,69607.24,7.91233
2026-06-02 11:02:00,69607.23,69607.24,69568.21,69602.0,7.20785
2026-06-02 11:03:00,69602.0,69626.0,69601.99,69614.01,4.02622
2026-06-02 11:04:00,69614.0,69614.01,69587.25,69587.25,3.33637
2026-06-02 11:05:00,69587.26,69599.95,69573.11,69573.12,6.1122
2026-06-02 11:06:00,69573.12,69593.62,69573.11,69587.26,4.19912
2026-06-02 11:07:00,69587.26,69587.26,69568.0,69568.0,4.31734
2026-06-02 11:08:00,69568.01,69586.68,69557.08,69586.68,4.95233
2026-06-02 11:09:00,69586.67,69611.52,69586.67,69602.0,4.94758
2026-06-02 11:10:00,69602.0,69608.01,69601.99,69608.01,3.82097
2026-06-02 11:11:00,69608.0,69608.01,69524.96,69526.01,12.35758
2026-06-02 11:12:00,69526.01,69557.0,69504.98,69508.53,11.6545
2026-06-02 11:13:00,69508.52,69536.0,69497.14,69535.99,7.3546
2026-06-02 11:14:00,69535.99,69552.0,69535.99,69552.0,3.02143
2026-06-02 11:15:00,69551.99,69566.06,69540.36,69548.27,7.77525
2026-06-02 11:16:00,69548.27,69548.27,69495.0,69499.99,7.06378
2026-06-02 11:17:00,69499.99,69500.0,69492.76,69495.99,10.67512
2026-06-02 11:18:00,69495.99,69499.85,69430.0,69433.99,14.92924
2026-06-02 11:19:00,69434.0,69464.46,69433.99,69450.01,4.75406
2026-06-02 11:20:00,69450.01,69478.0,69450.0,69474.0,5.63759
2026-06-02 11:21:00,69474.01,69482.0,69443.51,69461.99,9.78267
2026-06-02 11:22:00,69462.0,69492.0,69458.67,69491.99,9.41606
2026-06-02 11:23:00,69492.0,69513.51,69488.21,69507.09,8.15813
2026-06-02 11:24:00,69507.09,69522.2,69507.08,69522.08,3.34845
2026-06-02 11:25:00,69522.09,69536.0,69514.01,69526.01,3.50383
2026-06-02 11:26:00,69526.01,69530.7,69473.64,69473.64,8.24561
2026-06-02 11:27:00,69473.64,69484.15,69465.64,69484.15,4.75166
2026-06-02 11:28:00,69484.14,69512.15,69472.41,69472.42,8.7224
2026-06-02 11:29:00,69472.41,69495.99,69472.41,69495.99,4.28621
2026-06-02 11:30:00,69495.99,69495.99,69452.59,69463.23,7.03799
2026-06-02 11:31:00,69463.24,69463.24,69426.01,69430.0,5.01213
2026-06-02 11:32:00,69430.0,69431.05,69412.01,69426.46,7.1339
2026-06-02 11:33:00,69426.46,69456.28,69422.0,69449.7,20.57775
2026-06-02 11:34:00,69449.7,69449.71,69397.83,69430.0,15.21105
2026-06-02 11:35:00,69429.99,69450.9,69429.99,69438.93,9.94694
2026-06-02 11:36:00,69438.93,69457.69,69435.51,69435.52,7.49074
2026-06-02 11:37:00,69435.52,69468.44,69420.0,69462.01,6.03508
2026-06-02 11:38:00,69462.01,69517.36,69462.0,69517.35,8.55729
2026-06-02 11:39:00,69517.36,69517.36,69514.0,69516.74,7.12697
2026-06-02 11:40:00,69516.73,69524.6,69516.73,69521.0,4.34749
2026-06-02 11:41:00,69521.0,69531.76,69514.01,69531.75,4.32966
2026-06-02 11:42:00,69531.76,69531.76,69494.0,69499.36,8.77473
2026-06-02 11:43:00,69499.35,69502.0,69495.6,69501.99,4.46262
2026-06-02 11:44:00,69501.99,69502.0,69474.0,69474.0,2.90723
2026-06-02 11:45:00,69474.0,69474.01,69463.27,69470.32,3.17466
2026-06-02 11:46:00,69470.33,69488.64,69466.01,69488.64,3.35229
2026-06-02 11:47:00,69488.64,69505.68,69488.64,69505.68,3.56565
2026-06-02 11:48:00,69505.68,69541.77,69505.67,69541.77,5.81194
2026-06-02 11:49:00,69541.76,69547.99,69536.0,69536.01,3.4258
2026-06-02 11:50:00,69536.0,69559.99,69527.41,69547.98,6.25204
2026-06-02 11:51:00,69547.98,69547.98,69512.0,69520.51,7.98988
2026-06-02 11:52:00,69520.51,69587.25,69520.51,69587.24,4.73444
2026-06-02 11:53:00,69587.25,69607.03,69578.26,69578.27,16.78766
2026-06-02 11:54:00,69578.27,69598.44,69564.0,69587.25,11.17065
2026-06-02 11:55:00,69587.26,69587.26,69567.72,69567.72,2.65743
2026-06-02 11:56:00,69567.73,69567.73,69554.74,69560.21,7.42382
2026-06-02 11:57:00,69560.22,69562.83,69534.0,69534.0,5.41577
2026-06-02 11:58:00,69534.0,69541.93,69500.0,69507.88,4.82435
2026-06-02 11:59:00,69507.88,69507.88,69461.72,69461.72,6.16811
2026-06-02 12:00:00,69461.73,69466.4,69392.0,69392.01,19.67955
2026-06-02 12:01:00,69392.0,69437.81,69392.0,69437.81,7.03707
2026-06-02 12:02:00,69437.8,69493.01,69437.8,69484.33,7.35068
2026-06-02 12:03:00,69484.33,69500.68,69484.32,69500.68,5.95657
2026-06-02 12:04:00,69500.68,69548.13,69490.0,69490.01,23.13441
2026-06-02 12:05:00,69490.0,69490.0,69340.99,69345.3,37.75325
2026-06-02 12:06:00,69345.31,69430.72,69288.0,69430.71,74.3939
2026-06-02 12:07:00,69430.72,69469.33,69430.72,69469.33,18.83402
2026-06-02 12:08:00,69469.33,69484.33,69450.01,69456.0,10.37741
2026-06-02 12:09:00,69456.0,69471.31,69454.0,69468.63,4.44221
2026-06-02 12:10:00,69468.63,69482.83,69381.4,69394.62,106.73251
2026-06-02 12:11:00,69394.62,69411.14,69370.8,69371.45,9.34044
2026-06-02 12:12:00,69371.46,69378.0,69339.0,69377.14,13.60604
2026-06-02 12:13:00,69377.15,69388.27,69344.94,69348.0,15.21867
2026-06-02 12:14:00,69348.0,69358.0,69319.91,69343.99,14.92499
2026-06-02 12:15:00,69344.0,69364.0,69342.01,69358.08,5.48146
2026-06-02 12:16:00,69358.08,69358.09,69276.0,69296.91,26.2868
2026-06-02 12:17:00,69296.92,69322.0,69268.88,69268.88,16.67881
2026-06-02 12:18:00,69268.89,69294.69,69242.02,69249.49,23.03423
2026-06-02 12:19:00,69249.49,69264.7,69242.02,69245.15,18.52577
2026-06-02 12:20:00,69245.14,69275.25,69242.02,69258.3,11.60202
2026-06-02 12:21:00,69258.31,69355.7,69258.3,69336.2,14.20021
2026-06-02 12:22:00,69336.21,69372.0,69316.0,69371.99,6.89991
2026-06-02 12:23:00,69372.0,69439.85,69372.0,69420.01,23.578
2026-06-02 12:24:00,69420.0,69434.86,69400.0,69407.48,7.6472
2026-06-02 12:25:00,69407.49,69409.78,69356.0,69400.0,11.2526
2026-06-02 12:26:00,69400.0,69400.01,69374.0,69374.01,13.88551
2026-06-02 12:27:00,69374.01,69374.01,69319.77,69319.77,5.63468
2026-06-02 12:28:00,69319.77,69319.78,69272.97,69280.91,10.96813
2026-06-02 12:29:00,69280.9,69292.36,69268.55,69286.03,10.97307
2026-06-02 12:30:00,69286.03,69286.04,69206.81,69224.0,41.22029
2026-06-02 12:31:00,69224.0,69233.81,69188.0,69233.81,33.8627
2026-06-02 12:32:00,69233.81,69233.81,69194.0,69194.01,14.99173
2026-06-02 12:33:00,69194.01,69218.01,69168.0,69168.01,25.02026
2026-06-02 12:34:00,69168.01,69187.61,69160.0,69173.84,18.03196
2026-06-02 12:35:00,69173.84,69183.75,69125.12,69175.56,27.667
2026-06-02 12:36:00,69175.55,69190.97,69143.74,69165.39,15.19994
2026-06-02 12:37:00,69165.39,69170.0,69132.58,69142.01,35.13749
2026-06-02 12:38:00,69142.0,69152.12,69100.0,69119.49,66.59644
2026-06-02 12:39:00,69119.49,69138.62,69100.0,69104.0,37.6016
2026-06-02 12:40:00,69104.0,69168.0,69074.0,69168.0,22.98061
2026-06-02 12:41:00,69167.99,69240.62,69167.99,69226.68,12.87184
2026-06-02 12:42:00,69226.69,69243.85,69179.19,69217.2,30.46008
2026-06-02 12:43:00,69217.2,69223.23,69202.49,69223.22,11.20197
2026-06-02 12:44:00,69223.23,69223.24,69199.2,69215.51,18.29139
2026-06-02 12:45:00,69215.52,69250.0,69196.35,69198.01,41.55719
2026-06-02 12:46:00,69198.0,69212.62,69192.16,69198.93,12.48333
2026-06-02 12:47:00,69198.93,69198.93,69122.0,69131.63,24.04961
2026-06-02 12:48:00,69131.64,69134.68,69116.01,69132.81,8.77358
2026-06-02 12:49:00,69132.81,69153.63,69130.03,69130.04,12.03128
2026-06-02 12:50:00,69130.04,69130.04,69100.0,69113.99,16.02025
2026-06-02 12:51:00,69113.99,69114.68,69070.81,69096.0,25.58134
2026-06-02 12:52:00,69096.0,69110.4,69072.62,69078.0,8.57795
2026-06-02 12:53:00,69078.0,69103.34,69077.99,69103.34,10.68906
2026-06-02 12:54:00,69103.33,69112.01,69063.86,69063.87,9.26709
2026-06-02 12:55:00,69063.87,69092.0,69056.0,69060.68,29.21821
2026-06-02 12:56:00,69060.68,69075.43,69048.58,69049.99,52.20109
2026-06-02 12:57:00,69049.99,69070.26,69045.0,69065.99,24.18466
2026-06-02 12:58:00,69066.0,69095.14,69052.0,69095.14,10.25162
2026-06-02 12:59:00,69095.14,69095.14,68989.61,69010.42,110.80984
2026-06-02 13:00:00,69010.41,69063.05,68936.01,68972.0,78.27425
2026-06-02 13:01:00,68972.12,69043.02,68936.0,69030.29,45.34881
2026-06-02 13:02:00,69030.3,69169.05,69030.29,69164.0,97.42835
2026-06-02 13:03:00,69164.01,69180.0,69082.02,69110.11,54.40222
2026-06-02 13:04:00,69110.12,69128.0,69072.63,69106.01,15.75781
2026-06-02 13:05:00,69106.0,69112.93,69077.3,69102.0,22.17688
2026-06-02 13:06:00,69102.0,69120.0,69028.96,69028.96,13.35042
2026-06-02 13:07:00,69028.96,69068.0,69008.02,69049.62,15.1661
2026-06-02 13:08:00,69049.63,69049.63,68980.0,69013.01,36.4659
2026-06-02 13:09:00,69013.01,69037.99,68998.36,69005.99,21.41627
2026-06-02 13:10:00,69006.0,69062.0,69005.99,69062.0,18.47241
2026-06-02 13:11:00,69062.0,69066.0,69024.01,69042.76,11.81799
2026-06-02 13:12:00,69042.76,69064.37,68971.56,68971.56,14.57828
2026-06-02 13:13:00,68971.56,68979.47,68899.0,68921.05,29.99665
2026-06-02 13:14:00,68921.05,68963.81,68918.8,68918.81,18.7551
2026-06-02 13:15:00,68918.81,68940.0,68872.0,68906.05,44.40245
2026-06-02 13:16:00,68906.06,68979.46,68885.56,68979.46,29.24849
2026-06-02 13:17:00,68979.46,68998.0,68968.0,68973.99,26.4946
2026-06-02 13:18:00,68974.0,69056.57,68974.0,69016.01,47.7637
2026-06-02 13:19:00,69016.02,69049.62,68994.0,68994.0,16.81576
2026-06-02 13:20:00,68994.01,69040.0,68994.0,69028.0,30.6495
2026-06-02 13:21:00,69028.0,69054.82,69022.0,69054.81,56.82015
2026-06-02 13:22:00,69054.81,69097.83,69041.56,69097.82,27.39503
2026-06-02 13:23:00,69097.83,69100.0,69084.09,69091.14,14.93813
2026-06-02 13:24:00,69091.15,69091.15,69062.0,69062.01,10.83272
2026-06-02 13:25:00,69062.0,69062.0,69014.89,69022.99,12.1682
2026-06-02 13:26:00,69022.99,69062.12,69021.99,69044.01,18.9238
2026-06-02 13:27:00,69044.0,69100.0,69044.0,69074.46,17.06328
2026-06-02 13:28:00,69074.46,69074.46,69023.94,69030.0,22.02733
2026-06-02 13:29:00,69029.99,69029.99,69002.78,69020.0,47.3532
2026-06-02 13:30:00,69019.99,69036.0,68977.6,69016.12,50.57693
2026-06-02 13:31:00,69016.12,69106.0,69016.12,69053.49,29.95396
2026-06-02 13:32:00,69053.5,69075.9,68956.16,68961.99,29.03843
2026-06-02 13:33:00,68962.0,68962.0,68926.13,68948.0,20.60912
2026-06-02 13:34:00,68948.0,68961.8,68920.0,68957.1,14.46986
2026-06-02 13:35:00,68957.1,68957.1,68872.94,68927.01,19.75914
2026-06-02 13:36:00,68927.01,68940.0,68836.0,68923.1,58.20512
2026-06-02 13:37:00,68923.11,68976.0,68871.16,68871.16,40.04227
2026-06-02 13:38:00,68871.17,68900.0,68827.94,68855.79,34.60064
2026-06-02 13:39:00,68855.79,68897.1,68806.96,68880.71,46.767
2026-06-02 13:40:00,68880.7,68889.83,68782.0,68810.0,49.40649
2026-06-02 13:41:00,68809.99,68930.01,68768.01,68930.01,67.64057
2026-06-02 13:42:00,68930.01,68954.0,68877.38,68953.99,29.52332
2026-06-02 13:43:00,68954.0,68968.56,68881.0,68881.0,23.69718
2026-06-02 13:44:00,68881.0,68887.36,68836.71,68879.76,25.49373
2026-06-02 13:45:00,68879.76,68980.45,68879.76,68951.38,36.43206
2026-06-02 13:46:00,68951.38,68965.18,68884.37,68886.86,21.0877
2026-06-02 13:47:00,68886.86,68906.0,68874.14,68905.99,19.4043
2026-06-02 13:48:00,68906.0,68938.02,68884.0,68908.01,14.16461
2026-06-02 13:49:00,68908.01,68908.01,68836.0,68890.01,11.22822
2026-06-02 13:50:00,68890.0,68897.79,68852.22,68858.0,19.12198
2026-06-02 13:51:00,68857.99,68858.0,68798.33,68805.57,15.25402
2026-06-02 13:52:00,68805.57,68824.0,68782.29,68793.09,26.01779
2026-06-02 13:53:00,68793.1,68829.2,68793.09,68817.98,14.80696
2026-06-02 13:54:00,68817.98,68817.98,68782.28,68795.93,18.61752
2026-06-02 13:55:00,68795.94,68826.0,68782.28,68799.97,19.25028
2026-06-02 13:56:00,68799.96,68839.85,68772.05,68839.84,25.09536
2026-06-02 13:57:00,68839.85,68839.85,68790.0,68791.52,15.11821
2026-06-02 13:58:00,68791.52,68791.62,68757.03,68771.8,26.81247
2026-06-02 13:59:00,68771.81,68832.6,68763.25,68811.91,24.33004
2026-06-02 14:00:00,68809.93,68836.0,68729.0,68746.01,47.84881
2026-06-02 14:01:00,68746.0,68746.0,68676.85,68694.0,75.22572
2026-06-02 14:02:00,68694.0,68769.76,68679.42,68699.66,27.8477
2026-06-02 14:03:00,68699.67,68699.67,68632.75,68660.01,35.77521
2026-06-02 14:04:00,68660.01,68662.8,68611.81,68635.99,48.98586
2026-06-02 14:05:00,68635.99,68681.45,68614.0,68681.44,102.15551
2026-06-02 14:06:00,68681.45,68739.25,68670.68,68716.58,54.96541
2026-06-02 14:07:00,68716.58,68716.59,68626.39,68626.39,20.66857
2026-06-02 14:08:00,68626.39,68626.39,68520.0,68520.01,60.44368
2026-06-02 14:09:00,68520.01,68531.72,68430.35,68433.5,81.68015
2026-06-02 14:10:00,68433.5,68469.93,68307.8,68398.0,107.38345
2026-06-02 14:11:00,68398.0,68573.16,68351.12,68480.49,93.34984
2026-06-02 14:12:00,68480.5,68696.05,68458.01,68696.05,79.16358
2026-06-02 14:13:00,68696.04,68696.04,68618.0,68626.63,38.32193
2026-06-02 14:14:00,68626.63,68640.0,68584.0,68584.0,17.06931
2026-06-02 14:15:00,68584.01,68584.01,68518.78,68518.79,58.24924
2026-06-02 14:16:00,68518.78,68551.11,68457.14,68524.01,63.91027
2026-06-02 14:17:00,68524.01,68524.01,68445.96,68482.2,27.36677
2026-06-02 14:18:00,68482.2,68482.2,68316.71,68339.15,33.5253
2026-06-02 14:19:00,68339.15,68400.0,68300.89,68333.36,31.05757
2026-06-02 14:20:00,68333.37,68388.0,68276.99,68298.0,70.809
2026-06-02 14:21:00,68298.01,68298.01,68236.0,68242.01,57.94122
2026-06-02 14:22:00,68242.01,68252.0,68106.01,68113.93,216.34257
2026-06-02 14:23:00,68113.92,68194.0,67940.45,68023.35,342.40655
2026-06-02 14:24:00,68023.36,68069.33,67979.65,68006.32,169.32192
2026-06-02 14:25:00,68006.32,68113.13,67979.65,67979.66,96.13902
2026-06-02 14:26:00,67979.66,67979.66,67870.6,67900.92,139.36906
2026-06-02 14:27:00,67900.55,67900.55,67617.85,67747.79,283.99812
2026-06-02 14:28:00,67747.79,67945.95,67739.73,67941.16,107.94764
2026-06-02 14:29:00,67941.16,67968.98,67850.0,67884.28,94.94261
2026-06-02 14:30:00,67884.29,68066.56,67860.0,67940.66,76.12542
2026-06-02 14:31:00,67940.67,68000.0,67913.0,67979.41,64.9932
2026-06-02 14:32:00,67979.41,68066.91,67900.0,68066.91,39.85999
2026-06-02 14:33:00,68066.91,68139.22,68035.37,68122.01,53.8655
2026-06-02 14:34:00,68122.01,68145.12,68066.8,68069.72,47.48116
2026-06-02 14:35:00,68069.74,68173.16,68045.61,68173.15,35.80094
2026-06-02 14:36:00,68173.15,68238.67,68134.4,68227.3,61.1061
2026-06-02 14:37:00,68227.3,68280.0,68226.02,68229.99,44.99008
2026-06-02 14:38:00,68230.0,68262.0,68221.47,68222.26,53.13809
2026-06-02 14:39:00,68222.27,68222.27,68068.0,68084.0,41.17393
2026-06-02 14:40:00,68084.0,68084.0,67990.63,68001.23,48.82377
2026-06-02 14:41:00,68001.22,68001.22,67908.65,67959.12,94.97109
2026-06-02 14:42:00,67959.12,67959.12,67900.0,67904.14,29.03926
2026-06-02 14:43:00,67904.14,67984.0,67901.0,67949.5,39.05321
2026-06-02 14:44:00,67949.5,68023.58,67949.49,68023.58,23.65756
2026-06-02 14:45:00,68023.58,68180.0,68016.65,68141.99,47.70062
2026-06-02 14:46:00,68142.0,68219.2,68136.0,68219.2,21.43401
2026-06-02 14:47:00,68219.2,68244.0,68190.0,68190.01,19.6402
2026-06-02 14:48:00,68190.0,68262.0,68146.3,68250.01,25.77147
2026-06-02 14:49:00,68250.01,68262.0,68219.72,68246.51,28.91274
2026-06-02 14:50:00,68246.51,68273.99,68208.0,68214.0,23.40653
2026-06-02 14:51:00,68214.01,68280.0,68210.0,68278.01,15.77731
2026-06-02 14:52:00,68278.01,68278.01,68226.8,68242.01,13.77313
2026-06-02 14:53:00,68242.0,68252.0,68162.0,68162.01,19.75587
2026-06-02 14:54:00,68162.01,68174.0,68082.72,68102.09,23.79509
2026-06-02 14:55:00,68102.1,68153.18,68102.0,68103.01,19.52522
2026-06-02 14:56:00,68103.01,68134.0,68096.0,68110.0,15.95419
2026-06-02 14:57:00,68110.0,68126.0,68096.01,68113.11,64.50866
2026-06-02 14:58:00,68113.12,68113.12,68012.75,68037.0,28.58683
2026-06-02 14:59:00,68036.99,68036.99,67980.66,68019.3,38.96351
2026-06-02 15:00:00,68019.3,68037.46,67982.75,67988.54,29.42353
2026-06-02 15:01:00,67988.54,68000.0,67905.04,67918.39,35.15115
2026-06-02 15:02:00,67918.39,67980.64,67882.4,67884.4,30.22561
2026-06-02 15:03:00,67884.4,67884.4,67830.0,67848.84,31.07687
2026-06-02 15:04:00,67848.84,67970.46,67848.83,67930.47,29.1343
2026-06-02 15:05:00,67930.48,67978.93,67930.48,67973.49,29.18212
2026-06-02 15:06:00,67973.48,67987.84,67933.13,67954.91,51.558
2026-06-02 15:07:00,67954.91,68046.0,67939.29,68026.23,40.81864
2026-06-02 15:08:00,68026.23,68094.6,68000.01,68032.35,43.5745
2026-06-02 15:09:00,68032.35,68049.34,68000.0,68004.01,18.43169
2026-06-02 15:10:00,68004.01,68011.82,67892.31,67902.81,40.5369
2026-06-02 15:11:00,67902.8,67989.19,67902.8,67973.12,9.14162
2026-06-02 15:12:00,67973.12,67973.13,67835.71,67858.55,59.50653
2026-06-02 15:13:00,67858.55,67858.55,67830.0,67838.99,17.51567
2026-06-02 15:14:00,67838.99,67865.17,67822.0,67854.49,16.04417
2026-06-02 15:15:00,67854.49,67854.49,67761.74,67761.75,26.6211
2026-06-02 15:16:00,67761.75,67769.39,67693.0,67713.57,49.34509
2026-06-02 15:17:00,67713.57,67742.95,67628.31,67663.16,50.35234
2026-06-02 15:18:00,67663.16,67768.62,67642.44,67758.98,37.00792
2026-06-02 15:19:00,67758.98,67758.98,67677.2,67703.23,13.53956
2026-06-02 15:20:00,67704.11,67716.52,67533.0,67705.76,127.96731
2026-06-02 15:21:00,67704.93,67790.49,67585.19,67647.65,49.89504
2026-06-02 15:22:00,67647.65,67755.72,67638.41,67697.18,45.08863
2026-06-02 15:23:00,67697.18,67697.18,67561.38,67577.48,29.36736
2026-06-02 15:24:00,67577.49,67661.05,67577.49,67599.11,28.27818
2026-06-02 15:25:00,67599.11,67604.75,67469.25,67557.75,127.76162
2026-06-02 15:26:00,67557.75,67583.14,67372.61,67495.35,80.14914
2026-06-02 15:27:00,67495.35,67618.49,67435.06,67565.58,49.93242
2026-06-02 15:28:00,67565.57,67584.77,67503.6,67525.82,21.03348
2026-06-02 15:29:00,67525.83,67546.86,67447.21,67450.0,22.00761
2026-06-02 15:30:00,67450.01,67458.16,67228.2,67233.43,116.01421
2026-06-02 15:31:00,67234.39,67426.09,67166.0,67420.14,119.48216
2026-06-02 15:32:00,67420.13,67499.69,67326.89,67390.7,47.78875
2026-06-02 15:33:00,67390.71,67499.69,67362.91,67362.91,41.80496
2026-06-02 15:34:00,67362.91,67362.91,67232.86,67246.92,67.64321
2026-06-02 15:35:00,67246.93,67300.0,67200.0,67290.97,56.49888
2026-06-02 15:36:00,67290.96,67290.96,67151.72,67151.73,70.75337
2026-06-02 15:37:00,67151.73,67248.12,67076.0,67076.01,107.29145
2026-06-02 15:38:00,67076.01,67195.38,67076.0,67155.33,43.05074
2026-06-02 15:39:00,67155.34,67271.41,67148.43,67196.56,45.23141
2026-06-02 15:40:00,67196.55,67307.58,67196.55,67307.58,28.52221
2026-06-02 15:41:00,67307.58,67342.07,67252.44,67252.44,30.71151
2026-06-02 15:42:00,67252.45,67328.4,67252.44,67328.4,15.79549
2026-06-02 15:43:00,67328.39,67373.36,67266.11,67279.55,78.18533
2026-06-02 15:44:00,67279.56,67329.88,67256.95,67277.59,40.28932
2026-06-02 15:45:00,67277.59,67418.31,67275.51,67418.31,17.10761
2026-06-02 15:46:00,67418.3,67495.13,67394.28,67445.82,41.888
2026-06-02 15:47:00,67445.82,67461.88,67284.86,67326.81,37.79443
2026-06-02 15:48:00,67326.81,67343.69,67213.9,67235.78,33.65087
2026-06-02 15:49:00,67235.78,67253.11,67155.06,67174.23,30.64214
2026-06-02 15:50:00,67174.23,67190.89,67117.05,67151.28,38.76572
2026-06-02 15:51:00,67151.29,67213.43,67143.4,67194.4,24.15008
2026-06-02 15:52:00,67194.4,67214.37,67156.81,67206.03,15.98227
2026-06-02 15:53:00,67206.03,67208.43,67128.05,67128.05,35.21162
2026-06-02 15:54:00,67128.06,67171.16,67112.7,67171.15,11.04005
2026-06-02 15:55:00,67171.16,67223.45,67146.17,67223.44,14.49944
2026-06-02 15:56:00,67223.45,67321.52,67223.45,67287.16,35.44841
2026-06-02 15:57:00,67287.16,67322.9,67280.93,67316.03,17.45734
2026-06-02 15:58:00,67316.04,67332.91,67272.89,67301.4,18.35659
2026-06-02 15:59:00,67301.39,67319.98,67291.87,67304.28,23.06902
2026-06-02 16:00:00,67304.29,67306.32,67255.0,67298.23,16.86922
2026-06-02 16:01:00,67298.23,67298.23,67228.45,67244.94,17.62116
2026-06-02 16:02:00,67244.94,67348.67,67235.34,67334.49,9.69116
2026-06-02 16:03:00,67334.48,67363.19,67294.01,67338.03,14.28855
2026-06-02 16:04:00,67338.04,67450.09,67338.04,67436.56,17.87867
2026-06-02 16:05:00,67436.57,67482.17,67411.69,67464.86,15.66388
2026-06-02 16:06:00,67464.87,67464.87,67372.81,67416.29,19.04392
2026-06-02 16:07:00,67416.3,67511.36,67395.12,67480.54,52.8153
2026-06-02 16:08:00,67480.53,67573.09,67479.08,67520.69,24.93048
2026-06-02 16:09:00,67520.69,67590.36,67501.64,67571.84,17.05444
2026-06-02 16:10:00,67571.84,67651.04,67519.42,67612.65,48.78646
2026-06-02 16:11:00,67612.65,67746.41,67588.66,67734.59,32.4497
2026-06-02 16:12:00,67734.59,67880.83,67708.94,67852.3,91.28479
2026-06-02 16:13:00,67852.3,67957.96,67852.29,67930.9,42.28022
2026-06-02 16:14:00,67930.91,67969.68,67903.78,67928.45,43.43373
2026-06-02 16:15:00,67928.45,68001.85,67866.16,67866.16,36.82184
2026-06-02 16:16:00,67866.17,67970.0,67842.99,67950.69,27.99222
2026-06-02 16:17:00,67950.19,67990.0,67940.45,67965.23,21.21827
2026-06-02 16:18:00,67965.23,68146.3,67961.74,68113.24,145.36403
2026-06-02 16:19:00,68113.23,68115.67,68066.8,68084.39,64.04374
2026-06-02 16:20:00,68084.4,68102.46,67929.99,67931.77,44.23366
2026-06-02 16:21:00,67931.76,67931.77,67846.02,67846.03,26.93017
2026-06-02 16:22:00,67846.03,67846.03,67799.02,67827.25,39.87818
2026-06-02 16:23:00,67827.25,67830.01,67805.83,67811.99,10.84442
2026-06-02 16:24:00,67811.99,67837.27,67805.83,67828.0,12.61495
2026-06-02 16:25:00,67828.0,67856.0,67790.9,67796.38,16.96549
2026-06-02 16:26:00,67796.37,67827.57,67787.28,67822.01,26.79582
2026-06-02 16:27:00,67822.01,67850.79,67804.0,67850.78,14.04742
2026-06-02 16:28:00,67850.78,67896.0,67818.26,67818.26,29.52155
2026-06-02 16:29:00,67818.27,67871.68,67811.95,67863.72,9.01637
2026-06-02 16:30:00,67863.72,67868.75,67838.6,67850.0,9.46299
2026-06-02 16:31:00,67850.0,67850.0,67812.0,67830.0,35.21546
2026-06-02 16:32:00,67830.0,67834.0,67805.0,67805.01,19.6379
2026-06-02 16:33:00,67805.01,67822.0,67805.0,67808.04,7.11145
2026-06-02 16:34:00,67808.03,67808.04,67795.3,67795.31,31.42653
2026-06-02 16:35:00,67795.32,67815.93,67795.31,67799.29,35.01541
2026-06-02 16:36:00,67799.29,67799.6,67650.0,67661.06,124.84573
2026-06-02 16:37:00,67661.06,67695.35,67661.05,67677.15,59.30117
2026-06-02 16:38:00,67677.15,67677.15,67579.78,67610.0,40.99868
2026-06-02 16:39:00,67610.01,67610.01,67541.65,67610.0,55.45491
2026-06-02 16:40:00,67610.01,67663.62,67610.0,67663.62,11.25186
2026-06-02 16:41:00,67663.62,67700.0,67654.71,67656.19,13.00746
2026-06-02 16:42:00,67656.19,67656.2,67568.0,67579.16,17.52749
2026-06-02 16:43:00,67579.16,67650.0,67579.16,67650.0,7.18583
2026-06-02 16:44:00,67650.0,67662.0,67631.67,67631.67,10.667
2026-06-02 16:45:00,67631.68,67696.0,67623.19,67696.0,13.83725
2026-06-02 16:46:00,67696.0,67833.96,67693.63,67766.01,73.37373
2026-06-02 16:47:00,67766.01,67774.17,67698.48,67698.48,18.26219
2026-06-02 16:48:00,67698.49,67816.0,67698.49,67778.32,13.36206
2026-06-02 16:49:00,67778.33,67808.44,67762.0,67762.0,10.03867
2026-06-02 16:50:00,67762.0,67762.01,67694.02,67720.01,9.47713
2026-06-02 16:51:00,67720.01,67732.0,67656.0,67663.61,24.71866
2026-06-02 16:52:00,67663.61,67672.7,67554.02,67564.33,15.98454
2026-06-02 16:53:00,67564.33,67590.0,67541.92,67588.61,20.16873
2026-06-02 16:54:00,67588.61,67612.45,67541.29,67545.67,10.41585
2026-06-02 16:55:00,67545.67,67594.01,67490.14,67490.14,34.39032
2026-06-02 16:56:00,67490.15,67564.56,67490.14,67564.56,14.5617
2026-06-02 16:57:00,67564.56,67564.56,67480.0,67482.37,25.72765
2026-06-02 16:58:00,67482.37,67485.97,67433.52,67433.52,24.2048
2026-06-02 16:59:00,67433.53,67444.92,67404.31,67413.44,12.91666
2026-06-02 17:00:00,67413.44,67474.6,67378.0,67457.01,23.73648
2026-06-02 17:01:00,67457.01,67551.09,67457.0,67528.76,15.97449
2026-06-02 17:02:00,67528.75,67570.42,67520.58,67570.42,16.81791
2026-06-02 17:03:00,67570.42,67573.4,67496.24,67512.0,13.20618
2026-06-02 17:04:00,67512.0,67546.0,67501.16,67531.5,11.90004
2026-06-02 17:05:00,67531.51,67626.0,67528.75,67608.46,16.48358
2026-06-02 17:06:00,67608.47,67608.47,67567.39,67576.01,6.8694
2026-06-02 17:07:00,67576.01,67576.01,67482.01,67485.48,14.79562
2026-06-02 17:08:00,67485.48,67485.48,67411.11,67470.8,36.5408
2026-06-02 17:09:00,67470.8,67472.0,67440.0,67446.89,6.7913
2026-06-02 17:10:00,67446.88,67481.03,67442.0,67481.03,9.73956
2026-06-02 17:11:00,67481.03,67535.51,67481.02,67535.51,11.7083
2026-06-02 17:12:00,67535.51,67536.0,67488.58,67506.0,11.89837
2026-06-02 17:13:00,67506.0,67525.99,67478.0,67478.01,11.44634
2026-06-02 17:14:00,67478.01,67507.19,67464.86,67507.19,15.44211
2026-06-02 17:15:00,67507.18,67512.0,67473.98,67474.1,13.31799
2026-06-02 17:16:00,67474.1,67543.09,67460.0,67543.09,9.25781
2026-06-02 17:17:00,67543.09,67553.99,67514.21,67515.49,14.9587
2026-06-02 17:18:00,67515.49,67540.0,67496.24,67528.76,7.65007
2026-06-02 17:19:00,67528.76,67572.3,67514.01,67568.54,8.03218
2026-06-02 17:20:00,67568.53,67702.0,67568.0,67671.31,31.27081
2026-06-02 17:21:00,67671.3,67671.3,67631.67,67647.99,7.97424
2026-06-02 17:22:00,67648.0,67756.0,67648.0,67755.99,25.05888
2026-06-02 17:23:00,67756.0,67772.0,67723.77,67758.0,13.61717
2026-06-02 17:24:00,67758.0,67801.54,67748.02,67801.53,14.58212
2026-06-02 17:25:00,67801.54,67806.0,67788.01,67790.0,15.11535
2026-06-02 17:26:00,67790.01,67800.03,67716.01,67723.68,15.55686
2026-06-02 17:27:00,67723.67,67760.0,67721.97,67744.0,10.35092
2026-06-02 17:28:00,67744.01,67770.0,67728.0,67732.65,8.70371
2026-06-02 17:29:00,67732.64,67743.25,67732.64,67740.01,6.41665
2026-06-02 17:30:00,67740.0,67780.0,67720.0,67746.01,11.27067
2026-06-02 17:31:00,67746.0,67795.99,67698.48,67788.01,8.78991
2026-06-02 17:32:00,67788.01,67837.53,67788.0,67837.52,8.28456
2026-06-02 17:33:00,67837.53,67837.53,67592.54,67614.0,28.95114
2026-06-02 17:34:00,67614.0,67648.0,67576.0,67622.01,12.98227
2026-06-02 17:35:00,67622.01,67670.0,67622.0,67658.01,7.35414
2026-06-02 17:36:00,67658.0,67658.0,67616.0,67616.0,5.26712
2026-06-02 17:37:00,67616.01,67657.04,67616.01,67642.01,6.47998
2026-06-02 17:38:00,67642.0,67670.0,67626.0,67669.99,5.29935
2026-06-02 17:39:00,67670.0,67698.49,67661.35,67661.35,19.20935
2026-06-02 17:40:00,67661.35,67661.35,67574.01,67580.0,6.23484
2026-06-02 17:41:00,67580.01,67594.0,67523.61,67535.99,15.23297
2026-06-02 17:42:00,67536.0,67556.0,67506.01,67506.01,8.16159
2026-06-02 17:43:00,67506.01,67518.64,67480.0,67485.0,28.63516
2026-06-02 17:44:00,67485.01,67501.99,67477.39,67496.25,8.89687
2026-06-02 17:45:00,67496.25,67514.0,67488.21,67488.22,6.9036
2026-06-02 17:46:00,67488.22,67499.42,67470.0,67475.12,17.23945
2026-06-02 17:47:00,67475.12,67494.0,67455.06,67478.0,35.59255
2026-06-02 17:48:00,67478.0,67487.5,67422.63,67428.02,40.83476
2026-06-02 17:49:00,67428.02,67463.98,67420.0,67454.44,16.43456
2026-06-02 17:50:00,67454.43,67465.98,67390.6,67390.61,49.49448
2026-06-02 17:51:00,67390.61,67440.66,67390.61,67422.01,12.5679
2026-06-02 17:52:00,67422.0,67453.09,67418.0,67431.25,25.26186
2026-06-02 17:53:00,67431.25,67494.0,67424.5,67494.0,5.73274
2026-06-02 17:54:00,67493.99,67508.0,67450.01,67456.0,26.34724
2026-06-02 17:55:00,67456.0,67460.18,67425.82,67460.0,24.26605
2026-06-02 17:56:00,67460.0,67476.0,67459.99,67464.87,2.89485
2026-06-02 17:57:00,67464.87,67498.0,67464.86,67478.44,12.00902
2026-06-02 17:58:00,67478.44,67524.0,67478.44,67518.0,19.77341
2026-06-02 17:59:00,67518.01,67518.01,67492.33,67492.34,4.27517
2026-06-02 18:00:00,67492.34,67586.1,67492.34,67584.09,31.352
2026-06-02 18:01:00,67584.1,67593.99,67539.18,67580.01,10.43795
2026-06-02 18:02:00,67580.01,67581.03,67504.0,67504.01,14.358
2026-06-02 18:03:00,67504.01,67528.0,67500.0,67521.8,8.68012
2026-06-02 18:04:00,67521.81,67537.19,67490.0,67537.19,20.08391
2026-06-02 18:05:00,67537.19,67579.91,67534.38,67534.39,22.22202
2026-06-02 18:06:00,67534.38,67543.71,67516.01,67516.01,9.43009
2026-06-02 18:07:00,67516.01,67568.88,67516.01,67566.01,46.94111
2026-06-02 18:08:00,67566.01,67625.55,67566.0,67594.01,13.64186
2026-06-02 18:09:00,67594.01,67627.97,67582.0,67604.0,10.11134
2026-06-02 18:10:00,67604.0,67631.68,67603.99,67614.0,13.61193
2026-06-02 18:11:00,67614.01,67646.0,67608.44,67608.44,16.6549
2026-06-02 18:12:00,67608.44,67661.7,67584.0,67584.0,9.08527
2026-06-02 18:13:00,67584.0,67626.0,67584.0,67623.22,6.39354
2026-06-02 18:14:00,67623.23,67623.23,67600.0,67600.01,6.64728
2026-06-02 18:15:00,67600.0,67610.69,67558.0,67558.01,31.71478
2026-06-02 18:16:00,67558.01,67563.97,67538.0,67563.97,8.80879
2026-06-02 18:17:00,67563.97,67616.0,67563.96,67582.73,8.14922
2026-06-02 18:18:00,67582.73,67612.0,67572.0,67572.01,10.08282
2026-06-02 18:19:00,67572.01,67572.01,67533.33,67542.92,21.05912
2026-06-02 18:20:00,67542.91,67556.62,67510.0,67510.01,21.46716
2026-06-02 18:21:00,67510.01,67526.0,67494.01,67494.02,10.65419
2026-06-02 18:22:00,67494.02,67504.0,67407.09,67407.09,13.65857
2026-06-02 18:23:00,67407.1,67447.08,67407.1,67436.0,7.39457
2026-06-02 18:24:00,67436.01,67436.01,67404.0,67404.0,6.62009
2026-06-02 18:25:00,67404.0,67419.04,67365.48,67397.23,38.52994
2026-06-02 18:26:00,67397.23,67410.0,67390.0,67409.99,4.48086
2026-06-02 18:27:00,67410.0,67431.0,67402.0,67418.0,10.83942
2026-06-02 18:28:00,67418.01,67449.54,67402.0,67402.0,10.27044
2026-06-02 18:29:00,67402.01,67407.27,67288.78,67301.56,47.03921
2026-06-02 18:30:00,67301.56,67363.38,67293.34,67293.34,15.20297
2026-06-02 18:31:00,67293.33,67303.9,67253.94,67275.3,22.52265
2026-06-02 18:32:00,67275.29,67316.65,67275.29,67276.0,15.94005
2026-06-02 18:33:00,67276.0,67286.0,67257.64,67282.01,7.38435
2026-06-02 18:34:00,67282.0,67339.5,67278.0,67290.02,12.60398
2026-06-02 18:35:00,67290.02,67296.0,67250.0,67252.38,12.69177
2026-06-02 18:36:00,67252.37,67312.86,67252.37,67306.72,15.04384
2026-06-02 18:37:00,67306.72,67306.73,67270.0,67275.36,11.57909
2026-06-02 18:38:00,67275.37,67282.7,67215.92,67221.47,25.96665
2026-06-02 18:39:00,67221.46,67269.82,67221.46,67244.01,8.76566
2026-06-02 18:40:00,67244.01,67244.01,67208.0,67220.74,16.24116
2026-06-02 18:41:00,67220.74,67220.74,67203.74,67205.36,10.45455
2026-06-02 18:42:00,67205.37,67223.49,67205.36,67206.97,11.87171
2026-06-02 18:43:00,67206.97,67245.0,67200.0,67244.99,8.68956
2026-06-02 18:44:00,67244.99,67300.0,67244.99,67300.0,12.35113
2026-06-02 18:45:00,67300.0,67300.0,67253.22,67253.23,12.0941
2026-06-02 18:46:00,67253.23,67253.23,67205.53,67224.81,14.55503
2026-06-02 18:47:00,67224.81,67264.17,67224.8,67244.0,18.00778
2026-06-02 18:48:00,67244.0,67296.59,67244.0,67282.69,5.33462
2026-06-02 18:49:00,67282.68,67313.82,67258.0,67286.0,9.48977
2026-06-02 18:50:00,67286.0,67290.46,67268.7,67276.97,7.831
2026-06-02 18:51:00,67276.97,67282.74,67254.01,67254.01,8.94413
2026-06-02 18:52:00,67254.01,67254.01,67228.11,67231.26,9.00293
2026-06-02 18:53:00,67231.27,67231.27,67144.07,67178.38,56.02019
2026-06-02 18:54:00,67178.38,67185.32,67124.2,67124.21,13.50586
2026-06-02 18:55:00,67124.21,67216.0,67124.21,67215.99,11.12019
2026-06-02 18:56:00,67216.0,67291.85,67214.03,67285.68,14.51371
2026-06-02 18:57:00,67285.69,67334.0,67279.14,67333.99,24.10372
2026-06-02 18:58:00,67333.99,67344.0,67326.0,67336.0,16.15422
2026-06-02 18:59:00,67336.0,67358.88,67335.99,67341.99,7.7391
2026-06-02 19:00:00,67341.99,67424.3,67340.72,67406.03,25.53792
2026-06-02 19:01:00,67406.02,67406.03,67356.01,67356.01,11.26331
2026-06-02 19:02:00,67356.01,67356.01,67262.68,67262.69,12.46658
2026-06-02 19:03:00,67262.69,67313.72,67262.68,67298.03,29.31819
2026-06-02 19:04:00,67298.03,67323.34,67268.01,67275.28,26.57384
2026-06-02 19:05:00,67275.29,67282.0,67232.96,67234.41,10.57592
2026-06-02 19:06:00,67234.4,67278.0,67230.48,67278.0,16.49137
2026-06-02 19:07:00,67278.0,67283.16,67254.0,67282.0,36.4014
2026-06-02 19:08:00,67282.0,67356.0,67281.99,67313.99,30.60792
2026-06-02 19:09:00,67313.99,67314.0,67280.65,67280.66,7.09116
2026-06-02 19:10:00,67280.65,67347.89,67280.65,67330.0,20.19657
2026-06-02 19:11:00,67330.0,67334.83,67296.3,67334.82,22.14433
2026-06-02 19:12:00,67334.83,67372.08,67334.82,67365.47,20.32919
2026-06-02 19:13:00,67365.46,67365.47,67313.49,67338.01,10.34575
2026-06-02 19:14:00,67338.01,67344.9,67334.0,67344.89,8.69553
2026-06-02 19:15:00,67344.9,67372.93,67326.92,67328.78,11.89775
2026-06-02 19:16:00,67328.78,67328.78,67244.0,67258.0,11.14047
2026-06-02 19:17:00,67258.0,67258.0,67208.0,67212.65,11.46831
2026-06-02 19:18:00,67212.65,67217.35,67169.94,67195.98,20.15469
2026-06-02 19:19:00,67195.97,67212.65,67183.61,67183.62,12.36823
2026-06-02 19:20:00,67183.61,67183.61,67133.55,67179.65,35.10344
2026-06-02 19:21:00,67179.65,67220.0,67168.0,67218.59,13.4073
2026-06-02 19:22:00,67218.6,67240.0,67211.26,67225.86,11.64659
2026-06-02 19:23:00,67225.86,67236.0,67170.0,67170.01,11.03379
2026-06-02 19:24:00,67170.0,67170.01,67100.22,67100.22,18.37071
2026-06-02 19:25:00,67100.22,67169.46,67080.19,67164.01,35.86967
2026-06-02 19:26:00,67164.01,67188.72,67144.0,67184.0,7.33884
2026-06-02 19:27:00,67184.0,67184.0,67051.0,67051.0,35.44325
2026-06-02 19:28:00,67051.0,67057.51,66932.0,67042.0,292.05432
2026-06-02 19:29:00,67042.0,67046.31,66967.21,66978.2,54.91626
2026-06-02 19:30:00,66978.21,67018.0,66890.31,66893.98,41.13759
2026-06-02 19:31:00,66893.99,66893.99,66656.01,66681.29,263.12479
2026-06-02 19:32:00,66681.3,66785.51,66681.29,66725.37,33.19598
2026-06-02 19:33:00,66725.37,66758.57,66432.0,66572.69,400.55788
2026-06-02 19:34:00,66572.69,66654.97,66555.81,66590.0,49.398
2026-06-02 19:35:00,66590.01,66654.97,66583.34,66647.18,21.80081
2026-06-02 19:36:00,66647.18,66723.14,66647.18,66723.14,26.86003
2026-06-02 19:37:00,66723.14,66799.99,66722.87,66789.8,69.75901
2026-06-02 19:38:00,66789.8,66816.39,66745.84,66760.01,37.72253
2026-06-02 19:39:00,66760.01,66811.67,66760.01,66773.66,20.61794
2026-06-02 19:40:00,66773.66,66800.0,66709.2,66737.59,20.06373
2026-06-02 19:41:00,66737.59,66737.59,66638.93,66659.31,32.52649
2026-06-02 19:42:00,66659.3,66776.0,66659.3,66776.0,14.34259
2026-06-02 19:43:00,66776.0,66918.0,66776.0,66913.7,28.32958
2026-06-02 19:44:00,66913.69,66964.01,66902.0,66925.61,13.11647
2026-06-02 19:45:00,66925.61,66957.74,66920.34,66942.06,23.83019
2026-06-02 19:46:00,66942.06,66954.0,66874.14,66900.0,18.97096
2026-06-02 19:47:00,66900.0,67046.89,66900.0,67041.17,30.91506
2026-06-02 19:48:00,67041.17,67100.0,67008.0,67099.99,15.54851
2026-06-02 19:49:00,67100.0,67160.0,67079.13,67153.56,12.93625
2026-06-02 19:50:00,67153.36,67288.0,67128.14,67264.0,61.82043
2026-06-02 19:51:00,67264.0,67371.19,67250.0,67369.92,33.6431
2026-06-02 19:52:00,67369.93,67390.0,67328.0,67357.1,24.43917
2026-06-02 19:53:00,67357.1,67498.0,67357.1,67375.99,55.85156
2026-06-02 19:54:00,67375.99,67376.0,67202.0,67202.0,27.28196
2026-06-02 19:55:00,67202.01,67216.0,67173.52,67184.0,15.86498
2026-06-02 19:56:00,67184.01,67218.08,67167.42,67212.01,17.02225
2026-06-02 19:57:00,67212.0,67223.22,67192.0,67192.01,7.17891
2026-06-02 19:58:00,67192.01,67232.0,67180.0,67216.23,11.32675
2026-06-02 19:59:00,67216.22,67316.68,67215.1,67315.14,33.73511
2026-06-02 20:00:00,67315.14,67315.15,67172.0,67172.01,43.11
2026-06-02 20:01:00,67172.01,67220.36,67172.0,67198.01,18.81091
2026-06-02 20:02:00,67198.0,67198.0,67091.79,67123.82,29.36889
2026-06-02 20:03:00,67123.82,67270.0,67123.82,67238.29,21.06559
2026-06-02 20:04:00,67238.28,67296.0,67222.09,67289.64,21.79171
2026-06-02 20:05:00,67289.64,67390.0,67289.64,67373.73,16.9951
2026-06-02 20:06:00,67373.73,67443.54,67348.01,67413.21,47.22278
2026-06-02 20:07:00,67413.22,67426.19,67370.0,67386.01,50.64248
2026-06-02 20:08:00,67386.01,67447.98,67365.48,67447.96,43.81507
2026-06-02 20:09:00,67447.96,67464.87,67434.0,67441.45,52.28663
2026-06-02 20:10:00,67441.45,67487.5,67424.0,67438.57,61.69147
2026-06-02 20:11:00,67438.56,67464.7,67367.26,67408.82,52.32168
2026-06-02 20:12:00,67408.82,67426.28,67376.0,67384.02,50.73952
2026-06-02 20:13:00,67384.02,67384.02,67366.0,67374.01,43.47538
2026-06-02 20:14:00,67374.01,67381.98,67355.99,67381.97,45.03941
2026-06-02 20:15:00,67381.98,67405.18,67291.92,67317.26,65.02548
2026-06-02 20:16:00,67317.26,67325.12,67252.0,67265.49,72.02348
2026-06-02 20:17:00,67265.49,67289.87,67226.55,67249.99,47.50262
2026-06-02 20:18:00,67249.99,67249.99,67119.07,67121.89,38.97834
2026-06-02 20:19:00,67121.89,67142.0,67094.68,67135.99,12.33374
2026-06-02 20:20:00,67136.0,67143.4,67050.15,67106.0,25.50023
2026-06-02 20:21:00,67106.0,67132.54,67057.59,67057.6,19.2221
2026-06-02 20:22:00,67057.6,67057.6,66969.45,66969.45,32.94615
2026-06-02 20:23:00,66969.46,67001.81,66962.04,66972.02,18.99156
2026-06-02 20:24:00,66972.01,67021.35,66957.24,67019.98,17.38711
2026-06-02 20:25:00,67019.98,67030.0,66967.98,66994.01,15.63068
2026-06-02 20:26:00,66994.01,67027.45,66992.11,67011.83,9.97863
2026-06-02 20:27:00,67010.44,67056.0,66963.94,66963.94,18.10934
2026-06-02 20:28:00,66963.94,66976.0,66911.2,66931.25,21.59066
2026-06-02 20:29:00,66931.25,66982.0,66911.71,66962.17,41.69293
2026-06-02 20:30:00,66962.18,67047.99,66949.9,67033.87,51.03205
2026-06-02 20:31:00,67033.87,67200.0,67033.87,67163.78,53.80653
2026-06-02 20:32:00,67163.79,67288.93,67142.18,67280.64,52.33419
2026-06-02 20:33:00,67280.64,67362.81,67274.0,67306.0,54.87318
2026-06-02 20:34:00,67306.0,67306.0,67180.02,67186.0,14.87307
2026-06-02 20:35:00,67186.0,67254.43,67186.0,67220.0,20.92965
2026-06-02 20:36:00,67220.0,67272.26,67206.0,67255.5,12.49824
2026-06-02 20:37:00,67255.5,67310.0,67254.64,67287.86,11.59166
2026-06-02 20:38:00,67287.86,67287.86,67261.32,67282.98,12.21837
2026-06-02 20:39:00,67282.99,67309.99,67250.0,67292.01,12.84915
2026-06-02 20:40:00,67292.0,67292.0,67219.98,67227.99,7.90629
2026-06-02 20:41:00,67228.0,67234.0,67202.5,67228.01,7.46033
2026-06-02 20:42:00,67228.0,67261.75,67227.09,67246.17,6.47659
2026-06-02 20:43:00,67246.17,67255.49,67246.0,67255.49,11.73885
2026-06-02 20:44:00,67255.49,67302.0,67255.49,67302.0,8.01882
2026-06-02 20:45:00,67301.99,67365.49,67301.99,67365.49,13.65768
2026-06-02 20:46:00,67365.49,67370.0,67314.24,67332.42,14.15551
2026-06-02 20:47:00,67332.42,67360.0,67332.42,67353.0,10.29872
2026-06-02 20:48:00,67353.01,67436.37,67353.0,67432.63,18.79846
2026-06-02 20:49:00,67433.4,67490.0,67432.63,67490.0,19.76493
2026-06-02 20:50:00,67490.0,67492.0,67463.24,67491.99,12.18586
2026-06-02 20:51:00,67492.0,67605.35,67491.99,67581.03,33.75844
2026-06-02 20:52:00,67581.02,67689.65,67581.02,67630.0,46.11516
2026-06-02 20:53:00,67630.0,67630.01,67548.0,67550.71,20.29623
2026-06-02 20:54:00,67550.71,67620.01,67550.71,67613.34,8.98615
2026-06-02 20:55:00,67613.34,67631.63,67610.0,67618.0,7.27164
2026-06-02 20:56:00,67618.0,67652.0,67617.99,67632.53,7.53955
2026-06-02 20:57:00,67632.53,67636.0,67604.69,67619.13,10.69781
2026-06-02 20:58:00,67619.14,67637.06,67580.01,67598.84,13.23271
2026-06-02 20:59:00,67598.85,67612.01,67587.76,67587.77,6.96057
2026-06-02 21:00:00,67587.78,67620.0,67587.78,67595.99,5.48759
2026-06-02 21:01:00,67596.0,67681.99,67595.99,67650.33,14.80452
2026-06-02 21:02:00,67650.33,67682.0,67633.27,67663.62,39.49898
2026-06-02 21:03:00,67663.61,67663.62,67572.0,67572.0,18.14989
2026-06-02 21:04:00,67572.01,67577.67,67552.3,67576.0,11.57454
2026-06-02 21:05:00,67576.0,67799.59,67575.99,67795.99,38.76195
2026-06-02 21:06:00,67796.0,67806.92,67709.31,67730.9,21.47511
2026-06-02 21:07:00,67730.89,67730.89,67594.93,67621.99,23.35982
2026-06-02 21:08:00,67621.99,67648.56,67621.53,67621.53,7.5284
2026-06-02 21:09:00,67621.53,67658.0,67621.53,67645.61,7.27233
2026-06-02 21:10:00,67645.61,67691.52,67618.0,67618.0,10.47195
2026-06-02 21:11:00,67618.0,67635.99,67504.01,67508.07,32.03073
2026-06-02 21:12:00,67508.07,67508.08,67425.26,67432.53,13.10701
2026-06-02 21:13:00,67432.52,67441.94,67412.0,67424.39,16.97866
2026-06-02 21:14:00,67424.4,67492.61,67419.72,67470.97,22.4757
2026-06-02 21:15:00,67470.96,67586.0,67470.96,67586.0,17.64211
2026-06-02 21:16:00,67586.0,67660.0,67586.0,67636.01,18.35743
2026-06-02 21:17:00,67636.01,67659.77,67636.0,67643.52,3.14914
2026-06-02 21:18:00,67643.52,67663.62,67643.51,67663.61,4.26106
2026-06-02 21:19:00,67663.61,67690.0,67656.0,67689.99,8.62347
2026-06-02 21:20:00,67689.99,67784.64,67689.99,67777.33,11.84926
2026-06-02 21:21:00,67777.33,67820.0,67742.0,67742.01,10.11023
2026-06-02 21:22:00,67742.01,67742.01,67690.0,67730.0,11.31793
2026-06-02 21:23:00,67729.99,67772.0,67726.0,67767.99,6.51776
2026-06-02 21:24:00,67768.0,67778.13,67752.0,67778.13,8.72448
2026-06-02 21:25:00,67778.12,67829.26,67764.0,67817.99,10.40601
2026-06-02 21:26:00,67818.0,67908.08,67810.0,67900.01,29.77559
2026-06-02 21:27:00,67900.0,67918.0,67874.92,67900.72,16.48209
2026-06-02 21:28:00,67900.72,67900.72,67804.0,67804.0,23.81594
2026-06-02 21:29:00,67804.0,67888.0,67804.0,67887.99,10.89976
2026-06-02 21:30:00,67887.99,67908.0,67818.51,67837.64,11.54315
2026-06-02 21:31:00,67837.63,67844.0,67829.14,67836.0,14.29543
2026-06-02 21:32:00,67836.0,67872.32,67834.0,67872.32,5.26051
2026-06-02 21:33:00,67872.31,67896.0,67846.0,67896.0,7.5816
2026-06-02 21:34:00,67895.99,67899.62,67872.32,67899.61,5.70996
2026-06-02 21:35:00,67899.61,67902.0,67888.0,67900.72,5.7676
2026-06-02 21:36:00,67900.72,67900.73,67810.02,67891.19,14.05313
2026-06-02 21:37:00,67891.2,67923.24,67891.19,67908.0,5.7712
2026-06-02 21:38:00,67908.01,67908.01,67837.52,67857.99,12.26307
2026-06-02 21:39:00,67857.99,67860.83,67800.0,67818.0,10.98032
2026-06-02 21:40:00,67817.99,67829.99,67743.58,67750.02,16.69685
2026-06-02 21:41:00,67750.03,67758.02,67712.0,67718.0,10.56248
2026-06-02 21:42:00,67718.0,67756.0,67714.0,67714.0,9.96953
2026-06-02 21:43:00,67714.01,67744.0,67714.0,67726.25,12.798
2026-06-02 21:44:00,67726.25,67744.32,67714.51,67732.0,8.08796
2026-06-02 21:45:00,67732.0,67732.0,67712.0,67712.01,2.16528
2026-06-02 21:46:00,67712.01,67712.01,67690.0,67690.0,2.71435
2026-06-02 21:47:00,67690.0,67690.01,67663.61,67687.02,4.77026
2026-06-02 21:48:00,67687.02,67687.04,67680.01,67680.01,1.904
2026-06-02 21:49:00,67680.01,67680.01,67605.64,67609.02,46.60687
2026-06-02 21:50:00,67609.01,67653.41,67608.17,67633.98,24.68717
2026-06-02 21:51:00,67633.98,67633.98,67585.18,67585.19,4.86014
2026-06-02 21:52:00,67585.19,67585.19,67564.24,67578.0,6.26534
2026-06-02 21:53:00,67577.99,67578.0,67516.0,67577.99,11.76185
2026-06-02 21:54:00,67577.99,67580.0,67516.0,67526.0,9.29568
2026-06-02 21:55:00,67526.0,67529.99,67511.0,67529.99,2.5662
2026-06-02 21:56:00,67530.0,67566.0,67530.0,67566.0,4.34079
2026-06-02 21:57:00,67566.0,67642.0,67565.99,67642.0,8.75871
2026-06-02 21:58:00,67642.0,67642.0,67603.99,67603.99,3.56348
2026-06-02 21:59:00,67604.0,67604.0,67566.0,67566.01,5.02898
2026-06-02 22:00:00,67566.01,67566.01,67430.0,67430.0,37.64996
2026-06-02 22:01:00,67430.0,67430.0,67355.99,67421.95,30.22883
2026-06-02 22:02:00,67421.95,67474.0,67421.95,67458.93,13.61582
2026-06-02 22:03:00,67458.94,67458.94,67352.0,67365.49,13.62432
2026-06-02 22:04:00,67365.49,67397.99,67304.01,67369.99,21.37327
2026-06-02 22:05:00,67369.99,67404.95,67369.99,67377.59,8.42717
2026-06-02 22:06:00,67377.59,67428.12,67377.59,67414.0,9.37303
2026-06-02 22:07:00,67414.0,67438.0,67394.0,67437.99,6.42859
2026-06-02 22:08:00,67438.0,67444.0,67428.0,67440.0,2.1728
2026-06-02 22:09:00,67440.01,67440.01,67312.52,67363.99,20.19736
2026-06-02 22:10:00,67363.99,67377.99,67284.0,67284.0,14.77974
2026-06-02 22:11:00,67284.01,67328.0,67266.11,67282.37,9.461
2026-06-02 22:12:00,67282.38,67294.0,67234.0,67264.01,12.15286
2026-06-02 22:13:00,67264.01,67274.0,67212.97,67274.0,9.21646
2026-06-02 22:14:00,67274.0,67274.0,67214.86,67217.79,11.14843
2026-06-02 22:15:00,67217.8,67250.97,67190.5,67190.51,23.48744
2026-06-02 22:16:00,67190.51,67206.0,67127.44,67166.0,31.99061
2026-06-02 22:17:00,67166.0,67166.0,67055.0,67061.81,43.32502
2026-06-02 22:18:00,67061.8,67075.41,66933.33,67060.01,149.82739
2026-06-02 22:19:00,67060.01,67088.0,67014.12,67059.25,45.43954
2026-06-02 22:20:00,67059.25,67071.55,67024.0,67071.55,10.95687
2026-06-02 22:21:00,67071.55,67178.91,67071.55,67176.0,19.18134
2026-06-02 22:22:00,67175.99,67340.63,67175.99,67304.16,30.36141
2026-06-02 22:23:00,67304.17,67406.0,67282.01,67394.41,28.43567
2026-06-02 22:24:00,67394.41,67417.83,67354.0,67370.0,14.52024
2026-06-02 22:25:00,67370.0,67387.41,67346.0,67361.29,19.65934
2026-06-02 22:26:00,67361.28,67396.0,67349.55,67349.56,14.14536
2026-06-02 22:27:00,67349.56,67434.0,67349.56,67407.28,15.76211
2026-06-02 22:28:00,67407.28,67426.0,67398.0,67398.0,3.87315
2026-06-02 22:29:00,67398.0,67398.0,67294.0,67294.0,10.78554
2026-06-02 22:30:00,67294.01,67310.0,67128.0,67138.95,23.18389
2026-06-02 22:31:00,67138.96,67143.76,67106.3,67110.83,16.9861
2026-06-02 22:32:00,67110.83,67238.93,67110.83,67238.93,17.26507
2026-06-02 22:33:00,67238.93,67238.93,67198.0,67204.0,8.27911
2026-06-02 22:34:00,67204.01,67204.01,67054.0,67061.64,11.42096
2026-06-02 22:35:00,67061.65,67070.0,66982.65,67000.0,17.81171
2026-06-02 22:36:00,67000.0,67048.0,67000.0,67036.03,12.01663
2026-06-02 22:37:00,67036.03,67044.0,67030.0,67034.26,6.84126
2026-06-02 22:38:00,67034.26,67126.0,67034.26,67105.33,19.34295
2026-06-02 22:39:00,67105.16,67105.16,66906.58,66923.99,54.84223
2026-06-02 22:40:00,66924.0,66958.39,66871.0,66871.0,39.40822
2026-06-02 22:41:00,66871.0,66886.0,66804.0,66864.6,51.99109
2026-06-02 22:42:00,66864.98,66903.04,66858.0,66903.03,25.15569
2026-06-02 22:43:00,66903.03,66920.0,66882.35,66920.0,18.21921
2026-06-02 22:44:00,66920.0,66980.0,66920.0,66956.01,24.01865
2026-06-02 22:45:00,66956.0,66956.0,66772.49,66800.0,47.722
2026-06-02 22:46:00,66800.01,66832.0,66782.0,66832.0,64.33939
2026-06-02 22:47:00,66831.99,66831.99,66739.29,66813.99,23.48186
2026-06-02 22:48:00,66814.0,66845.49,66624.0,66642.17,91.14625
2026-06-02 22:49:00,66642.16,66760.01,66611.68,66760.01,16.74677
2026-06-02 22:50:00,66760.01,66836.0,66602.0,66615.49,32.26464
2026-06-02 22:51:00,66615.5,66648.0,66519.47,66593.33,62.46382
2026-06-02 22:52:00,66593.33,66614.0,66363.27,66453.34,135.59662
2026-06-02 22:53:00,66453.34,66608.0,66435.51,66582.99,42.82516
2026-06-02 22:54:00,66582.99,66628.18,66510.0,66575.41,37.93743
2026-06-02 22:55:00,66575.41,66700.0,66575.41,66700.0,28.62532
2026-06-02 22:56:00,66700.0,66741.72,66694.02,66727.99,35.83598
2026-06-02 22:57:00,66728.0,66728.0,66582.0,66591.4,22.01221
2026-06-02 22:58:00,66591.4,66595.97,66326.21,66369.41,75.26399
2026-06-02 22:59:00,66369.41,66385.2,66244.02,66385.2,111.77179
2026-06-02 23:00:00,66385.2,66410.0,66248.2,66323.37,62.96838
2026-06-02 23:01:00,66323.37,66379.23,66244.03,66258.3,32.86749
2026-06-02 23:02:00,66258.29,66289.83,66225.0,66280.67,62.07483
2026-06-02 23:03:00,66280.66,66371.74,66201.77,66260.01,96.60466
2026-06-02 23:04:00,66260.01,66335.29,66208.0,66325.07,39.05796
2026-06-02 23:05:00,66325.07,66379.39,66285.25,66319.86,29.18821
2026-06-02 23:06:00,66319.87,66445.99,66319.87,66445.99,19.87743
2026-06-02 23:07:00,66446.0,66570.0,66445.99,66565.44,53.4732
2026-06-02 23:08:00,66565.44,66653.99,66548.0,66616.0,23.11302
2026-06-02 23:09:00,66616.0,66622.33,66477.69,66482.0,26.96222
2026-06-02 23:10:00,66482.0,66631.99,66471.1,66618.0,35.14419
2026-06-02 23:11:00,66618.01,66680.0,66608.16,66674.0,14.30851
2026-06-02 23:12:00,66673.99,66688.0,66652.0,66686.45,9.10584
2026-06-02 23:13:00,66686.45,66686.45,66654.01,66662.0,9.44291
2026-06-02 23:14:00,66662.0,66692.0,66632.0,66692.0,6.57205
2026-06-02 23:15:00,66692.0,66756.0,66691.99,66751.97,13.94629
2026-06-02 23:16:00,66751.96,66769.24,66732.0,66750.12,14.93806
2026-06-02 23:17:00,66750.12,66761.12,66634.0,66634.01,26.93003
2026-06-02 23:18:00,66634.0,66646.0,66559.52,66576.66,43.64669
2026-06-02 23:19:00,66576.66,66628.0,66526.23,66538.0,22.42137
2026-06-02 23:20:00,66538.01,66657.34,66520.0,66588.0,26.09267
2026-06-02 23:21:00,66588.01,66631.99,66545.04,66564.0,30.69878
2026-06-02 23:22:00,66564.0,66618.0,66558.01,66614.96,28.42764
2026-06-02 23:23:00,66614.97,66652.0,66484.01,66484.01,26.50651
2026-06-02 23:24:00,66484.02,66502.0,66374.53,66446.0,44.39925
2026-06-02 23:25:00,66446.0,66476.0,66193.0,66206.58,53.93415
2026-06-02 23:26:00,66206.58,66352.43,66204.0,66306.34,36.74291
2026-06-02 23:27:00,66307.05,66417.17,66301.24,66349.08,31.54401
2026-06-02 23:28:00,66349.08,66414.01,66349.08,66400.74,17.34468
2026-06-02 23:29:00,66400.74,66444.0,66392.93,66443.99,12.17453
2026-06-02 23:30:00,66443.99,66456.12,66380.01,66396.03,19.63287
2026-06-02 23:31:00,66396.02,66396.02,66288.85,66288.86,33.12579
2026-06-02 23:32:00,66288.86,66428.01,66252.0,66388.1,37.36377
2026-06-02 23:33:00,66388.1,66576.22,66388.09,66562.01,55.21779
2026-06-02 23:34:00,66562.01,66622.0,66548.0,66548.01,25.38695
2026-06-02 23:35:00,66548.01,66636.0,66544.13,66592.01,12.56215
2026-06-02 23:36:00,66592.01,66600.0,66469.95,66469.95,33.46231
2026-06-02 23:37:00,66469.96,66490.0,66416.0,66473.99,10.96674
2026-06-02 23:38:00,66474.0,66600.31,66466.0,66588.34,42.93591
2026-06-02 23:39:00,66588.33,66618.0,66553.1,66554.01,19.26822
2026-06-02 23:40:00,66554.0,66570.0,66527.2,66550.89,10.92905
2026-06-02 23:41:00,66550.89,66597.67,66536.01,66539.01,34.91141
2026-06-02 23:42:00,66539.01,66616.14,66475.92,66616.14,38.4748
2026-06-02 23:43:00,66616.14,66666.62,66598.0,66599.99,18.1795
2026-06-02 23:44:00,66600.0,66736.0,66599.99,66724.34,18.14598
2026-06-02 23:45:00,66724.33,66749.97,66674.01,66723.99,18.71554
2026-06-02 23:46:00,66723.99,66730.77,66715.2,66720.26,18.47707
2026-06-02 23:47:00,66720.25,66786.0,66709.0,66777.15,21.80274
2026-06-02 23:48:00,66777.14,66808.0,66728.0,66760.76,25.31227
2026-06-02 23:49:00,66760.76,66798.0,66760.76,66777.63,10.08879
2026-06-02 23:50:00,66777.63,66788.0,66760.57,66766.0,15.72819
2026-06-02 23:51:00,66766.0,66766.0,66730.0,66736.0,15.07203
2026-06-02 23:52:00,66736.0,66736.01,66706.67,66720.0,9.23503
2026-06-02 23:53:00,66720.0,66752.0,66705.44,66751.99,10.70289
2026-06-02 23:54:00,66752.0,66783.79,66748.0,66783.79,16.47778
2026-06-02 23:55:00,66783.79,66820.0,66761.08,66819.99,29.24283
2026-06-02 23:56:00,66820.0,66854.0,66812.01,66835.16,10.47768
2026-06-02 23:57:00,66835.15,66856.0,66831.82,66856.0,7.46453
2026-06-02 23:58:00,66856.0,66868.62,66764.0,66764.01,15.05605
2026-06-02 23:59:00,66764.01,66779.99,66756.58,66760.83,14.46791
2026-06-03 00:00:00,66760.84,66881.67,66754.0,66843.99,56.64657
2026-06-03 00:01:00,66844.0,66860.96,66799.15,66808.28,35.99821
2026-06-03 00:02:00,66808.27,66808.27,66744.0,66770.46,23.66202
2026-06-03 00:03:00,66770.69,66790.0,66712.0,66712.41,21.25383
2026-06-03 00:04:00,66712.4,66766.62,66709.99,66744.56,9.54053
2026-06-03 00:05:00,66744.56,66755.07,66720.0,66741.41,15.4549
2026-06-03 00:06:00,66741.41,66786.0,66682.98,66760.02,37.05164
2026-06-03 00:07:00,66760.02,66810.0,66740.0,66740.46,45.07896
2026-06-03 00:08:00,66740.45,66780.0,66740.45,66742.0,8.3563
2026-06-03 00:09:00,66742.0,66850.89,66654.0,66837.99,23.87198
2026-06-03 00:10:00,66838.0,66912.0,66769.92,66842.89,31.38087
2026-06-03 00:11:00,66842.88,66852.0,66808.27,66815.61,20.05673
2026-06-03 00:12:00,66815.61,66841.33,66799.95,66814.2,30.59265
2026-06-03 00:13:00,66814.2,66850.0,66802.93,66816.01,21.20579
2026-06-03 00:14:00,66816.01,66880.0,66816.0,66822.01,33.89087
2026-06-03 00:15:00,66822.01,66914.84,66822.01,66862.01,26.705
2026-06-03 00:16:00,66862.01,67071.25,66848.88,67071.25,80.71171
2026-06-03 00:17:00,67071.26,67104.81,67030.01,67072.02,39.7951
2026-06-03 00:18:00,67072.02,67122.3,67072.02,67100.01,28.27295
2026-06-03 00:19:00,67100.01,67108.0,67081.03,67085.72,18.06272
2026-06-03 00:20:00,67085.72,67100.0,67006.0,67020.0,18.47345
2026-06-03 00:21:00,67019.99,67044.22,66983.47,66983.48,21.13806
2026-06-03 00:22:00,66983.47,67012.01,66972.0,67004.0,6.93103
2026-06-03 00:23:00,67004.0,67005.0,66886.0,66892.0,15.20116
2026-06-03 00:24:00,66892.0,66892.0,66846.0,66884.37,11.62696
2026-06-03 00:25:00,66884.37,66950.0,66884.37,66916.26,8.04747
2026-06-03 00:26:00,66916.26,66932.0,66893.4,66910.76,6.3737
2026-06-03 00:27:00,66910.76,66920.14,66866.0,66866.0,12.65455
2026-06-03 00:28:00,66866.01,66866.83,66789.6,66792.01,20.92484
2026-06-03 00:29:00,66792.01,66802.18,66770.01,66776.34,8.52848
2026-06-03 00:30:00,66776.35,66779.83,66718.0,66718.01,7.57974
2026-06-03 00:31:00,66718.01,66816.0,66705.35,66798.0,10.7697
2026-06-03 00:32:00,66798.0,66898.0,66792.0,66886.0,10.0793
2026-06-03 00:33:00,66886.0,66990.65,66880.0,66990.65,13.872
2026-06-03 00:34:00,66990.66,67050.15,66982.0,67030.0,24.88968
2026-06-03 00:35:00,67030.0,67070.0,67024.7,67060.01,7.72027
2026-06-03 00:36:00,67060.0,67060.0,67020.25,67054.61,10.72435
2026-06-03 00:37:00,67054.6,67103.35,67048.0,67103.34,13.6759
2026-06-03 00:38:00,67103.35,67204.15,67088.49,67102.96,52.17525
2026-06-03 00:39:00,67102.96,67102.96,67034.0,67049.42,58.21357
2026-06-03 00:40:00,67049.42,67082.44,67038.04,67038.04,6.46563
2026-06-03 00:41:00,67038.03,67068.0,67020.26,67047.74,11.62183
2026-06-03 00:42:00,67047.73,67071.96,67027.52,67067.37,4.88109
2026-06-03 00:43:00,67067.36,67096.84,67038.73,67050.82,17.01781
2026-06-03 00:44:00,67050.82,67084.0,67050.81,67075.07,6.98159
2026-06-03 00:45:00,67075.07,67150.0,67068.0,67078.01,41.36314
2026-06-03 00:46:00,67078.0,67078.7,67000.0,67016.0,36.28001
2026-06-03 00:47:00,67016.0,67051.42,67013.56,67021.01,12.6925
2026-06-03 00:48:00,67021.0,67043.65,67020.0,67020.02,13.17733
2026-06-03 00:49:00,67020.02,67030.16,66960.42,66981.93,24.81478
2026-06-03 00:50:00,66981.93,67006.0,66981.93,66990.65,7.27985
2026-06-03 00:51:00,66990.66,67014.0,66990.66,67003.22,7.13774
2026-06-03 00:52:00,67003.22,67040.0,66974.0,66974.01,8.58982
2026-06-03 00:53:00,66974.01,67003.76,66966.0,66980.0,14.72677
2026-06-03 00:54:00,66980.01,67024.59,66980.01,67024.59,6.88472
2026-06-03 00:55:00,67024.58,67039.53,67014.32,67038.04,8.85694
2026-06-03 00:56:00,67038.05,67043.0,66987.77,66994.0,29.18397
2026-06-03 00:57:00,66994.0,67027.53,66984.82,67027.53,17.5411
2026-06-03 00:58:00,67027.53,67027.53,66982.44,66982.44,7.098
2026-06-03 00:59:00,66982.44,66982.44,66938.0,66938.01,8.72464
2026-06-03 01:00:00,66938.01,66952.0,66880.0,66884.01,16.24725
2026-06-03 01:01:00,66884.0,66884.0,66802.22,66808.27,18.42535
2026-06-03 01:02:00,66808.27,66834.25,66780.0,66806.14,16.37113
2026-06-03 01:03:00,66806.13,66866.01,66806.13,66849.99,18.01043
2026-06-03 01:04:00,66850.0,66932.0,66848.9,66926.01,8.51067
2026-06-03 01:05:00,66926.01,66928.0,66888.0,66888.01,7.34018
2026-06-03 01:06:00,66888.01,66901.49,66860.0,66872.0,8.05217
2026-06-03 01:07:00,66872.0,66912.0,66871.33,66876.01,7.80236
2026-06-03 01:08:00,66876.01,66888.0,66836.0,66842.01,9.33799
2026-06-03 01:09:00,66842.01,66869.77,66830.54,66837.35,7.00595
2026-06-03 01:10:00,66837.36,66848.01,66761.85,66777.73,24.73575
2026-06-03 01:11:00,66777.73,66805.65,66771.93,66771.94,10.28307
2026-06-03 01:12:00,66771.93,66771.93,66689.04,66689.04,27.16035
2026-06-03 01:13:00,66689.04,66724.09,66672.58,66714.0,20.80677
2026-06-03 01:14:00,66714.01,66854.71,66705.35,66829.16,27.27467
2026-06-03 01:15:00,66829.16,66909.44,66814.0,66878.0,20.14776
2026-06-03 01:16:00,66878.01,66982.96,66856.01,66935.12,22.67799
2026-06-03 01:17:00,66935.13,66936.03,66892.0,66899.99,10.86629
2026-06-03 01:18:00,66900.0,66926.0,66890.0,66894.0,4.56388
2026-06-03 01:19:00,66894.0,66929.35,66878.0,66878.01,17.88578
2026-06-03 01:20:00,66878.01,66888.16,66862.0,66888.15,5.63992
2026-06-03 01:21:00,66888.16,66946.6,66888.15,66938.63,4.81677
2026-06-03 01:22:00,66938.62,66938.63,66916.0,66927.6,4.40655
2026-06-03 01:23:00,66927.61,66964.0,66919.97,66944.01,3.82338
2026-06-03 01:24:00,66944.01,66955.76,66940.0,66944.21,3.44295
2026-06-03 01:25:00,66944.2,66986.0,66938.63,66960.01,6.03136
2026-06-03 01:26:00,66960.0,66978.0,66948.96,66978.0,3.7724
2026-06-03 01:27:00,66977.99,67035.97,66977.99,67014.12,13.33717
2026-06-03 01:28:00,67014.13,67035.78,67014.13,67030.01,4.54695
2026-06-03 01:29:00,67030.0,67038.3,67018.0,67024.01,10.98236
2026-06-03 01:30:00,67024.01,67050.0,67014.13,67042.0,4.77611
2026-06-03 01:31:00,67042.01,67042.71,67033.74,67036.57,12.53934
2026-06-03 01:32:00,67036.58,67040.38,66990.0,66990.66,5.80155
2026-06-03 01:33:00,66990.65,67018.0,66917.96,66917.96,14.73986
2026-06-03 01:34:00,66917.96,66917.96,66869.99,66896.0,19.91826
2026-06-03 01:35:00,66896.01,66914.0,66854.0,66854.01,12.57125
2026-06-03 01:36:00,66854.0,66854.01,66726.0,66729.21,25.76055
2026-06-03 01:37:00,66729.21,66729.21,66652.01,66658.62,13.81484
2026-06-03 01:38:00,66658.62,66676.0,66647.05,66651.7,10.52786
2026-06-03 01:39:00,66651.7,66658.9,66624.64,66633.39,10.11127
2026-06-03 01:40:00,66633.39,66639.46,66600.0,66603.06,7.73965
2026-06-03 01:41:00,66603.07,66675.95,66603.07,66616.01,8.15561
2026-06-03 01:42:00,66616.01,66616.37,66583.71,66584.93,15.46807
2026-06-03 01:43:00,66584.93,66584.93,66489.92,66500.31,55.42172
2026-06-03 01:44:00,66500.32,66527.95,66472.65,66511.99,13.24854
2026-06-03 01:45:00,66511.98,66551.19,66508.0,66513.48,17.15349
2026-06-03 01:46:00,66514.0,66545.89,66514.0,66545.89,5.77303
2026-06-03 01:47:00,66545.89,66545.89,66504.04,66543.34,12.87208
2026-06-03 01:48:00,66543.34,66580.12,66533.85,66533.86,181.40208
2026-06-03 01:49:00,66533.86,66650.0,66523.99,66634.01,11.84729
2026-06-03 01:50:00,66634.0,66634.0,66606.05,66626.81,7.64045
2026-06-03 01:51:00,66626.81,66774.84,66626.81,66756.01,22.45028
2026-06-03 01:52:00,66756.0,66830.06,66726.01,66830.06,12.83192
2026-06-03 01:53:00,66830.06,67000.0,66830.05,66999.99,42.29562
2026-06-03 01:54:00,66999.99,67039.83,66950.0,66994.75,18.54601
2026-06-03 01:55:00,66994.75,66994.75,66946.66,66975.34,19.2932
2026-06-03 01:56:00,66975.34,66976.39,66914.41,66931.99,8.12408
2026-06-03 01:57:00,66932.0,66938.93,66911.2,66914.16,4.41546
2026-06-03 01:58:00,66914.16,66935.24,66898.48,66922.01,11.29289
2026-06-03 01:59:00,66922.01,66931.96,66920.0,66920.0,2.46153
2026-06-03 02:00:00,66920.0,66920.01,66800.01,66800.01,22.55826
2026-06-03 02:01:00,66800.01,66827.99,66730.01,66734.0,11.17969
2026-06-03 02:02:00,66734.0,66783.05,66723.06,66783.05,8.04956
2026-06-03 02:03:00,66783.05,66895.23,66783.05,66894.25,10.11781
2026-06-03 02:04:00,66894.25,66918.84,66874.53,66880.01,37.77544
2026-06-03 02:05:00,66880.01,66909.57,66880.0,66909.56,82.48675
2026-06-03 02:06:00,66909.56,66909.57,66868.62,66884.01,12.68969
2026-06-03 02:07:00,66884.01,66884.01,66796.31,66800.0,8.66397
2026-06-03 02:08:00,66800.01,66806.0,66788.41,66795.75,7.18012
2026-06-03 02:09:00,66795.76,66905.13,66790.0,66893.24,17.33078
2026-06-03 02:10:00,66893.24,66893.25,66850.12,66851.41,9.04422
2026-06-03 02:11:00,66851.42,66869.9,66845.25,66866.01,11.88809
2026-06-03 02:12:00,66866.0,66896.86,66856.0,66880.01,12.46696
2026-06-03 02:13:00,66880.01,66880.01,66840.8,66846.64,25.15435
2026-06-03 02:14:00,66846.64,66868.5,66820.23,66820.23,4.42433
2026-06-03 02:15:00,66820.23,66844.0,66790.0,66796.0,15.28955
2026-06-03 02:16:00,66796.0,66868.0,66780.0,66868.0,6.1573
2026-06-03 02:17:00,66868.0,66909.97,66868.0,66901.99,8.35128
2026-06-03 02:18:00,66902.0,66920.0,66901.99,66920.0,76.01701
2026-06-03 02:19:00,66920.0,66920.0,66903.03,66919.04,14.21109
2026-06-03 02:20:00,66919.04,66919.04,66834.38,66834.38,11.76432
2026-06-03 02:21:00,66834.37,66846.0,66702.0,66702.0,12.68827
2026-06-03 02:22:00,66702.01,66708.0,66666.01,66702.0,10.04878
2026-06-03 02:23:00,66702.0,66717.99,66658.7,66664.97,21.8759
2026-06-03 02:24:00,66664.98,66680.0,66657.08,66680.0,3.4133
2026-06-03 02:25:00,66680.0,66700.0,66668.24,66694.0,4.93417
2026-06-03 02:26:00,66693.99,66714.89,66678.0,66678.01,14.99096
2026-06-03 02:27:00,66678.0,66696.0,66666.0,66666.01,8.13404
2026-06-03 02:28:00,66666.01,66682.09,66666.01,66675.99,3.05597
2026-06-03 02:29:00,66675.98,66686.0,66638.0,66651.55,15.17296
2026-06-03 02:30:00,66651.56,66682.0,66651.56,66681.99,4.1699
2026-06-03 02:31:00,66682.0,66742.82,66676.0,66689.28,6.48065
2026-06-03 02:32:00,66689.28,66689.29,66605.85,66639.99,15.44863
2026-06-03 02:33:00,66640.0,66711.36,66640.0,66711.36,6.65225
2026-06-03 02:34:00,66711.36,66720.0,66689.02,66689.03,7.52707
2026-06-03 02:35:00,66689.03,66692.0,66661.16,66669.66,5.72514
2026-06-03 02:36:00,66669.66,66720.35,66655.08,66720.35,9.13226
2026-06-03 02:37:00,66720.34,66805.29,66720.34,66804.91,11.83311
2026-06-03 02:38:00,66804.91,66831.78,66776.0,66831.77,6.66055
2026-06-03 02:39:00,66831.78,66842.0,66826.0,66826.01,5.95308
2026-06-03 02:40:00,66826.0,66826.99,66806.31,66826.99,4.49737
2026-06-03 02:41:00,66826.99,66848.0,66817.83,66820.0,4.63277
2026-06-03 02:42:00,66820.0,66836.75,66795.23,66795.23,12.26998
2026-06-03 02:43:00,66795.24,66802.0,66756.0,66760.0,4.0631
2026-06-03 02:44:00,66760.0,66764.05,66742.0,66742.0,3.97374
2026-06-03 02:45:00,66742.0,66766.66,66742.0,66766.41,3.06843
2026-06-03 02:46:00,66766.4,66802.97,66700.08,66700.09,6.60849
2026-06-03 02:47:00,66700.09,66713.88,66676.77,66704.78,4.96224
2026-06-03 02:48:00,66704.79,66716.95,66654.0,66716.94,17.59491
2026-06-03 02:49:00,66716.94,66770.42,66716.94,66765.33,12.67955
2026-06-03 02:50:00,66765.33,66818.0,66765.33,66812.0,6.61614
2026-06-03 02:51:00,66812.0,66812.01,66770.0,66774.58,6.27033
2026-06-03 02:52:00,66774.57,66774.58,66760.0,66762.0,3.8329
2026-06-03 02:53:00,66762.01,66772.51,66762.01,66772.51,2.11952
2026-06-03 02:54:00,66772.51,66772.51,66700.0,66700.01,7.57927
2026-06-03 02:55:00,66700.02,66708.0,66646.0,66666.0,20.94376
2026-06-03 02:56:00,66665.99,66666.67,66614.0,66639.38,31.13116
2026-06-03 02:57:00,66639.38,66640.0,66600.0,66602.42,14.4798
2026-06-03 02:58:00,66602.43,66623.24,66586.17,66614.01,13.64675
2026-06-03 02:59:00,66614.01,66635.86,66614.01,66620.01,5.7201
2026-06-03 03:00:00,66620.0,66631.99,66586.42,66586.43,90.55903
2026-06-03 03:01:00,66586.42,66608.0,66574.43,66608.0,4.56026
2026-06-03 03:02:00,66608.0,66635.44,66607.99,66630.01,5.2023
2026-06-03 03:03:00,66630.01,66653.67,66610.0,66611.55,5.92991
2026-06-03 03:04:00,66611.55,66618.0,66607.32,66607.32,5.29307
2026-06-03 03:05:00,66607.33,66628.18,66607.33,66613.99,12.13954
2026-06-03 03:06:00,66613.99,66613.99,66571.01,66586.29,12.28886
2026-06-03 03:07:00,66586.28,66591.31,66570.46,66570.46,13.81699
2026-06-03 03:08:00,66570.47,66570.49,66533.51,66533.52,9.125
2026-06-03 03:09:00,66533.52,66538.15,66400.0,66417.34,42.66472
2026-06-03 03:10:00,66417.35,66488.0,66416.0,66468.15,23.73623
2026-06-03 03:11:00,66468.15,66468.15,66430.44,66454.0,22.4361
2026-06-03 03:12:00,66454.01,66466.18,66444.01,66444.01,8.76938
2026-06-03 03:13:00,66444.01,66454.8,66420.0,66440.0,6.26666
2026-06-03 03:14:00,66440.0,66515.87,66434.28,66515.87,11.99157
2026-06-03 03:15:00,66515.87,66541.66,66510.0,66541.66,7.54793
2026-06-03 03:16:00,66541.66,66622.0,66540.01,66540.01,16.18402
2026-06-03 03:17:00,66540.01,66540.01,66493.22,66509.84,10.88237
2026-06-03 03:18:00,66509.84,66509.84,66406.71,66423.99,10.27919
2026-06-03 03:19:00,66423.99,66440.41,66374.17,66396.0,11.61371
2026-06-03 03:20:00,66396.0,66415.99,66335.67,66346.98,21.72329
2026-06-03 03:21:00,66346.98,66381.25,66335.22,66381.24,8.95867
2026-06-03 03:22:00,66381.25,66419.98,66372.0,66408.31,16.90939
2026-06-03 03:23:00,66408.31,66471.91,66406.01,66451.06,15.1445
2026-06-03 03:24:00,66451.47,66451.48,66420.0,66430.34,4.73434
2026-06-03 03:25:00,66430.34,66434.0,66366.95,66367.23,4.83934
2026-06-03 03:26:00,66367.22,66378.56,66230.0,66275.5,44.45658
2026-06-03 03:27:00,66275.5,66275.51,66200.0,66200.01,34.60156
2026-06-03 03:28:00,66200.01,66228.0,66120.0,66147.52,75.73574
2026-06-03 03:29:00,66147.51,66166.41,66090.1,66147.81,66.90079
2026-06-03 03:30:00,66147.81,66217.19,66145.05,66214.0,40.59139
2026-06-03 03:31:00,66214.0,66261.74,66162.04,66162.04,27.42014
2026-06-03 03:32:00,66162.04,66184.0,66084.63,66084.64,54.0972
2026-06-03 03:33:00,66084.64,66158.87,66042.0,66051.57,85.32109
2026-06-03 03:34:00,66051.57,66090.0,66010.0,66037.2,63.57879
2026-06-03 03:35:00,66037.2,66119.99,66008.0,66119.98,50.12311
2026-06-03 03:36:00,66119.99,66134.29,66036.44,66060.99,26.0416
2026-06-03 03:37:00,66060.98,66123.53,66060.98,66066.0,20.04747
2026-06-03 03:38:00,66066.0,66080.0,66004.0,66044.0,46.57786
2026-06-03 03:39:00,66044.01,66054.0,66000.0,66018.0,163.55903
2026-06-03 03:40:00,66018.01,66078.26,66000.0,66075.44,57.97522
2026-06-03 03:41:00,66075.44,66095.54,66010.0,66025.92,32.95148
2026-06-03 03:42:00,66025.91,66034.7,66000.0,66000.01,31.9355
2026-06-03 03:43:00,66000.01,66000.01,65800.0,65809.93,280.27728
2026-06-03 03:44:00,65809.94,65901.07,65737.61,65755.01,114.78122
2026-06-03 03:45:00,65755.0,65910.94,65755.0,65892.98,50.23897
2026-06-03 03:46:00,65892.98,65905.73,65745.99,65754.75,153.11847
2026-06-03 03:47:00,65754.74,65836.15,65748.48,65836.15,22.69462
2026-06-03 03:48:00,65836.15,65841.91,65744.83,65785.9,13.29416
2026-06-03 03:49:00,65785.9,65818.21,65656.04,65700.39,148.99613
2026-06-03 03:50:00,65700.4,65720.16,65426.34,65472.62,471.77171
2026-06-03 03:51:00,65472.61,65677.86,65472.61,65644.95,69.75968
2026-06-03 03:52:00,65644.94,65832.8,65621.83,65812.55,47.16348
2026-06-03 03:53:00,65812.56,65859.04,65785.73,65827.42,27.31231
2026-06-03 03:54:00,65827.43,65936.68,65824.93,65936.67,35.27213
2026-06-03 03:55:00,65936.68,65978.0,65921.54,65945.88,22.86202
2026-06-03 03:56:00,65945.89,65963.28,65888.34,65905.75,11.68252
2026-06-03 03:57:00,65905.98,65941.37,65827.43,65827.43,22.57028
2026-06-03 03:58:00,65827.44,65844.55,65800.0,65825.99,50.15906
2026-06-03 03:59:00,65825.98,65872.13,65825.98,65849.9,24.26128
2026-06-03 04:00:00,65849.9,65970.03,65834.0,65970.03,38.19121
2026-06-03 04:01:00,65970.03,66092.7,65954.97,66086.25,70.40245
2026-06-03 04:02:00,66086.26,66190.73,66086.25,66186.33,36.40633
2026-06-03 04:03:00,66186.33,66306.0,66186.32,66306.0,35.0768
2026-06-03 04:04:00,66306.0,66512.0,66306.0,66496.01,42.15249
2026-06-03 04:05:00,66496.0,66518.44,66438.93,66514.06,20.64209
2026-06-03 04:06:00,66514.05,66603.41,66440.01,66440.01,48.25038
2026-06-03 04:07:00,66440.02,66440.02,66384.0,66384.0,23.72964
2026-06-03 04:08:00,66384.01,66386.01,66322.73,66365.48,37.32011
2026-06-03 04:09:00,66365.47,66399.99,66346.0,66373.13,24.98619
2026-06-03 04:10:00,66373.12,66428.24,66326.57,66382.86,99.41288
2026-06-03 04:11:00,66382.86,66382.86,66318.0,66318.0,30.19185
2026-06-03 04:12:00,66318.0,66376.0,66314.0,66370.64,9.97585
2026-06-03 04:13:00,66370.64,66388.17,66330.91,66333.2,9.36549
2026-06-03 04:14:00,66333.2,66366.0,66333.19,66340.0,16.76612
2026-06-03 04:15:00,66339.99,66375.15,66324.91,66370.62,11.66948
2026-06-03 04:16:00,66370.62,66480.0,66370.62,66414.05,17.93988
2026-06-03 04:17:00,66414.05,66427.35,66356.01,66393.42,48.03478
2026-06-03 04:18:00,66393.41,66407.81,66355.73,66355.74,49.81323
2026-06-03 04:19:00,66355.74,66368.19,66355.73,66359.99,7.10366
2026-06-03 04:20:00,66359.99,66400.0,66356.0,66393.0,10.99057
2026-06-03 04:21:00,66392.99,66417.41,66382.4,66382.4,25.92185
2026-06-03 04:22:00,66382.41,66410.0,66379.85,66396.0,27.73065
2026-06-03 04:23:00,66396.0,66438.95,66392.83,66436.24,15.89214
2026-06-03 04:24:00,66436.24,66466.0,66413.6,66465.99,21.18072
2026-06-03 04:25:00,66466.0,66489.97,66434.9,66489.96,6.21514
2026-06-03 04:26:00,66489.97,66600.0,66472.01,66577.32,30.32522
2026-06-03 04:27:00,66577.32,66623.44,66576.0,66594.0,27.73975
2026-06-03 04:28:00,66593.99,66599.83,66581.44,66589.6,37.47514
2026-06-03 04:29:00,66589.61,66594.46,66579.32,66579.32,11.29847
2026-06-03 04:30:00,66579.32,66579.32,66402.0,66403.67,29.87903
2026-06-03 04:31:00,66403.67,66406.01,66311.28,66332.0,22.75036
2026-06-03 04:32:00,66331.99,66390.0,66324.0,66380.0,9.42698
2026-06-03 04:33:00,66380.0,66435.99,66380.0,66430.01,64.10436
2026-06-03 04:34:00,66430.01,66500.0,66430.0,66464.64,13.52928
2026-06-03 04:35:00,66464.65,66502.0,66452.0,66464.93,16.25284
2026-06-03 04:36:00,66464.93,66464.93,66384.0,66384.01,9.21312
2026-06-03 04:37:00,66384.0,66416.0,66372.0,66416.0,10.51624
2026-06-03 04:38:00,66416.0,66416.0,66387.99,66388.0,4.53776
2026-06-03 04:39:00,66388.0,66396.0,66376.8,66376.81,5.14034
2026-06-03 04:40:00,66376.8,66429.68,66376.0,66416.36,23.54478
2026-06-03 04:41:00,66416.36,66417.88,66398.44,66399.94,10.04768
2026-06-03 04:42:00,66399.94,66427.22,66386.0,66396.58,6.26981
2026-06-03 04:43:00,66396.57,66418.01,66396.57,66409.92,9.71162
2026-06-03 04:44:00,66409.93,66476.0,66409.92,66440.91,5.90815
2026-06-03 04:45:00,66440.91,66462.78,66428.03,66462.78,5.78469
2026-06-03 04:46:00,66462.78,66466.98,66439.43,66466.98,9.42934
2026-06-03 04:47:00,66466.98,66499.5,66456.58,66499.49,6.03381
2026-06-03 04:48:00,66499.5,66510.01,66464.06,66476.23,8.53751
2026-06-03 04:49:00,66476.22,66476.23,66451.2,66451.2,4.17485
2026-06-03 04:50:00,66451.2,66451.2,66431.05,66438.0,4.57099
2026-06-03 04:51:00,66438.0,66448.01,66395.0,66395.0,5.45237
2026-06-03 04:52:00,66395.0,66395.0,66335.06,66335.08,6.94843
2026-06-03 04:53:00,66335.08,66335.08,66278.23,66278.23,20.40468
2026-06-03 04:54:00,66278.24,66326.19,66278.23,66326.19,10.46893
2026-06-03 04:55:00,66326.18,66358.24,66314.4,66358.24,7.95691
2026-06-03 04:56:00,66358.25,66397.18,66349.08,66397.18,6.57687
2026-06-03 04:57:00,66397.18,66465.24,66397.18,66442.0,13.63433
2026-06-03 04:58:00,66442.0,66466.0,66433.44,66459.99,17.30414
2026-06-03 04:59:00,66459.99,66467.48,66454.25,66465.98,3.54718
2026-06-03 05:00:00,66465.99,66570.49,66465.99,66525.99,66.08927
2026-06-03 05:01:00,66525.99,66532.0,66488.01,66488.03,11.62775
2026-06-03 05:02:00,66488.03,66782.31,66481.01,66782.31,111.49173
2026-06-03 05:03:00,66782.3,66850.0,66672.0,66708.0,46.28425
2026-06-03 05:04:00,66708.0,67047.26,66708.0,67013.26,136.60183
2026-06-03 05:05:00,67013.26,67013.26,66901.03,66931.23,33.02288
2026-06-03 05:06:00,66931.24,67014.13,66908.0,66972.07,22.62879
2026-06-03 05:07:00,66972.07,67014.0,66928.13,66938.32,20.60071
2026-06-03 05:08:00,66938.33,67024.03,66938.33,67012.95,16.89911
2026-06-03 05:09:00,67012.94,67076.0,66980.0,67075.99,38.81798
2026-06-03 05:10:00,67076.0,67152.24,67052.0,67122.0,98.40782
2026-06-03 05:11:00,67121.99,67219.98,67121.99,67214.81,32.72441
2026-06-03 05:12:00,67214.8,67236.0,67192.88,67235.99,135.10053
2026-06-03 05:13:00,67236.0,67268.63,67188.09,67188.09,35.3652
2026-06-03 05:14:00,67188.09,67192.01,67133.8,67135.99,37.26878
2026-06-03 05:15:00,67135.99,67196.0,67135.99,67196.0,18.51279
2026-06-03 05:16:00,67195.99,67284.02,67195.99,67231.45,22.03711
2026-06-03 05:17:00,67231.45,67231.46,67124.0,67182.24,14.64274
2026-06-03 05:18:00,67182.23,67212.03,67117.91,67212.03,9.55726
2026-06-03 05:19:00,67212.03,67229.17,67165.0,67174.0,10.18131
2026-06-03 05:20:00,67174.0,67191.99,67101.69,67101.69,10.78068
2026-06-03 05:21:00,67101.7,67140.42,67086.68,67114.01,17.00306
2026-06-03 05:22:00,67114.0,67114.0,67050.0,67050.01,14.0062
2026-06-03 05:23:00,67050.0,67050.01,67027.38,67036.0,9.42301
2026-06-03 05:24:00,67035.99,67061.15,67035.99,67056.85,6.43698
2026-06-03 05:25:00,67056.85,67056.85,67016.0,67016.01,4.3303
2026-06-03 05:26:00,67016.01,67047.5,66996.0,66996.01,8.49819
2026-06-03 05:27:00,66996.0,67040.0,66980.65,67040.0,8.1526
2026-06-03 05:28:00,67039.99,67066.67,67028.0,67042.01,13.90767
2026-06-03 05:29:00,67042.01,67103.07,67042.01,67103.06,6.135
2026-06-03 05:30:00,67103.07,67103.07,66925.35,66925.36,27.84246
2026-06-03 05:31:00,66925.36,66944.28,66805.68,66805.68,22.40709
2026-06-03 05:32:00,66805.69,66822.0,66775.0,66819.28,14.85155
2026-06-03 05:33:00,66819.28,66890.0,66819.28,66888.02,9.85909
2026-06-03 05:34:00,66888.02,66958.0,66888.02,66958.0,11.66192
2026-06-03 05:35:00,66958.0,66970.0,66948.0,66962.08,8.6506
2026-06-03 05:36:00,66962.09,66970.0,66896.53,66899.07,14.11458
2026-06-03 05:37:00,66899.07,66904.01,66823.94,66875.98,54.35642
2026-06-03 05:38:00,66875.98,66916.58,66875.98,66895.99,16.02725
2026-06-03 05:39:00,66896.0,66952.0,66884.0,66949.99,19.5778
2026-06-03 05:40:00,66950.0,67014.12,66942.97,66980.01,29.05981
2026-06-03 05:41:00,66980.01,67062.0,66975.15,67033.99,15.58693
2026-06-03 05:42:00,67033.98,67033.98,67014.12,67023.22,4.46426
2026-06-03 05:43:00,67023.22,67032.0,67016.0,67029.94,7.48083
2026-06-03 05:44:00,67029.94,67048.48,67026.14,67026.14,14.14608
2026-06-03 05:45:00,67026.14,67097.13,67024.6,67044.28,15.00107
2026-06-03 05:46:00,67044.27,67070.41,67038.0,67066.67,7.13377
2026-06-03 05:47:00,67066.67,67086.02,67052.16,67078.81,13.0296
2026-06-03 05:48:00,67078.82,67097.5,67078.81,67091.51,13.02238
2026-06-03 05:49:00,67091.52,67103.96,67056.0,67103.96,19.8858
2026-06-03 05:50:00,67103.96,67175.31,67101.29,67158.07,40.86511
2026-06-03 05:51:00,67158.06,67268.56,67158.06,67239.88,77.15696
2026-06-03 05:52:00,67239.88,67330.0,67158.0,67314.23,54.63525
2026-06-03 05:53:00,67314.24,67330.0,67256.0,67329.99,27.73863
2026-06-03 05:54:00,67329.99,67364.24,67310.42,67322.91,53.60691
2026-06-03 05:55:00,67322.9,67396.46,67316.01,67322.91,41.29892
2026-06-03 05:56:00,67322.91,67332.07,67274.0,67332.07,43.71532
2026-06-03 05:57:00,67332.08,67371.16,67332.08,67367.41,26.22279
2026-06-03 05:58:00,67367.42,67391.08,67322.9,67354.0,28.27047
2026-06-03 05:59:00,67354.0,67398.28,67330.0,67330.01,25.7527
2026-06-03 06:00:00,67330.0,67374.0,67323.27,67328.16,19.62135
2026-06-03 06:01:00,67328.17,67340.0,67296.0,67298.8,56.5817
2026-06-03 06:02:00,67298.79,67312.0,67269.92,67299.99,55.40567
2026-06-03 06:03:00,67299.99,67299.99,67242.0,67242.0,77.34393
2026-06-03 06:04:00,67242.01,67250.0,67203.34,67249.97,24.2819
2026-06-03 06:05:00,67249.98,67249.98,67195.73,67221.97,22.38134
2026-06-03 06:06:00,67221.96,67280.0,67221.96,67277.26,43.41967
2026-06-03 06:07:00,67277.26,67301.45,67264.0,67301.45,23.52047
2026-06-03 06:08:00,67301.45,67318.26,67194.0,67213.33,53.92192
2026-06-03 06:09:00,67213.33,67229.71,67200.0,67204.01,33.88013
2026-06-03 06:10:00,67204.01,67207.52,67190.0,67190.01,14.45086
2026-06-03 06:11:00,67190.01,67190.01,67109.06,67168.0,31.62507
2026-06-03 06:12:00,67168.01,67178.0,67132.6,67164.41,33.22927
2026-06-03 06:13:00,67164.42,67200.33,67132.08,67133.17,50.2629
2026-06-03 06:14:00,67133.17,67161.03,67133.17,67160.0,8.25135
2026-06-03 06:15:00,67160.0,67219.98,67150.0,67208.57,18.42768
2026-06-03 06:16:00,67208.57,67238.69,67194.5,67198.79,33.20629
2026-06-03 06:17:00,67198.8,67243.69,67184.0,67192.89,24.79951
2026-06-03 06:18:00,67192.89,67266.12,67192.89,67262.85,9.95088
2026-06-03 06:19:00,67262.85,67275.99,67219.97,67222.0,16.67686
2026-06-03 06:20:00,67222.0,67261.07,67222.0,67240.01,24.82354
2026-06-03 06:21:00,67240.0,67366.93,67238.0,67269.84,216.61968
2026-06-03 06:22:00,67269.83,67275.5,67236.0,67266.12,19.85039
2026-06-03 06:23:00,67266.11,67327.76,67261.68,67327.75,14.53923
2026-06-03 06:24:00,67327.76,67353.99,67322.9,67340.93,22.40878
2026-06-03 06:25:00,67340.94,67355.36,67340.0,67340.0,17.2467
2026-06-03 06:26:00,67340.01,67340.01,67316.75,67324.0,21.13772
2026-06-03 06:27:00,67323.99,67339.68,67312.0,67314.55,24.7886
2026-06-03 06:28:00,67314.55,67314.56,67260.21,67261.81,19.91968
2026-06-03 06:29:00,67261.81,67275.18,67234.53,67253.63,25.72335
2026-06-03 06:30:00,67253.64,67253.64,67219.97,67237.13,32.1309
2026-06-03 06:31:00,67237.14,67257.43,67179.47,67249.63,26.15952
2026-06-03 06:32:00,67249.63,67302.98,67244.01,67302.98,26.21936
2026-06-03 06:33:00,67302.97,67389.31,67283.28,67388.32,25.62158
2026-06-03 06:34:00,67388.32,67464.87,67370.57,67464.87,36.17729
2026-06-03 06:35:00,67464.87,67471.53,67404.81,67417.91,26.73939
2026-06-03 06:36:00,67417.9,67471.53,67417.9,67456.0,12.65113
2026-06-03 06:37:00,67456.0,67470.76,67430.22,67430.23,10.30808
2026-06-03 06:38:00,67430.22,67477.31,67427.86,67477.31,18.21969
2026-06-03 06:39:00,67477.31,67516.0,67447.35,67492.0,37.17867
2026-06-03 06:40:00,67491.99,67498.0,67450.0,67488.89,16.9073
2026-06-03 06:41:00,67488.89,67488.9,67430.01,67430.01,11.70706
2026-06-03 06:42:00,67430.0,67430.0,67378.0,67378.0,15.7846
2026-06-03 06:43:00,67378.0,67378.0,67336.86,67336.86,34.46416
2026-06-03 06:44:00,67336.85,67340.0,67302.98,67316.83,14.46513
2026-06-03 06:45:00,67316.83,67337.0,67208.47,67228.28,24.75435
2026-06-03 06:46:00,67228.28,67242.69,67205.94,67221.96,26.0125
2026-06-03 06:47:00,67221.95,67248.0,67207.17,67243.12,17.03561
2026-06-03 06:48:00,67243.12,67286.0,67242.0,67286.0,7.53082
2026-06-03 06:49:00,67285.99,67286.0,67207.17,67207.17,18.93857
2026-06-03 06:50:00,67207.17,67207.17,67128.54,67143.25,30.84875
2026-06-03 06:51:00,67143.24,67164.0,67130.0,67163.99,11.39437
2026-06-03 06:52:00,67163.99,67164.0,67091.46,67104.81,15.32934
2026-06-03 06:53:00,67104.81,67132.87,67091.46,67111.45,14.8838
2026-06-03 06:54:00,67111.45,67111.45,67055.68,67059.99,10.87902
2026-06-03 06:55:00,67059.99,67060.84,67049.13,67057.24,13.55541
2026-06-03 06:56:00,67057.23,67080.0,67026.0,67032.72,7.7868
2026-06-03 06:57:00,67032.72,67032.72,66970.8,66972.0,34.2082
2026-06-03 06:58:00,66972.0,67022.47,66965.26,66998.01,10.47744
2026-06-03 06:59:00,66998.0,67005.78,66962.95,66983.27,11.3843
2026-06-03 07:00:00,66983.27,66991.46,66921.17,66921.18,27.9091
2026-06-03 07:01:00,66921.17,66921.17,66872.01,66889.66,15.63106
2026-06-03 07:02:00,66889.65,66977.77,66875.22,66974.71,9.05641
2026-06-03 07:03:00,66974.71,67000.0,66964.0,66964.0,23.1717
2026-06-03 07:04:00,66964.01,66980.0,66910.0,66979.99,10.53554
2026-06-03 07:05:00,66979.99,67022.0,66979.99,67014.12,12.48356
2026-06-03 07:06:00,67014.13,67081.43,67014.12,67038.0,13.09524
2026-06-03 07:07:00,67038.01,67038.01,67001.53,67037.99,7.68396
2026-06-03 07:08:00,67038.0,67049.99,67008.0,67018.0,8.74662
2026-06-03 07:09:00,67018.0,67050.0,66982.0,67049.99,6.59885
2026-06-03 07:10:00,67050.0,67091.78,67049.99,67082.74,6.83302
2026-06-03 07:11:00,67082.74,67124.09,67082.61,67124.09,11.87394
2026-06-03 07:12:00,67124.09,67141.99,67120.04,67140.65,4.87537
2026-06-03 07:13:00,67140.65,67150.0,67139.1,67150.0,5.04827
2026-06-03 07:14:00,67149.99,67150.0,67072.0,67072.0,11.60917
2026-06-03 07:15:00,67072.0,67077.87,67028.0,67063.89,14.45547
2026-06-03 07:16:00,67063.88,67300.0,67063.88,67296.75,75.68093
2026-06-03 07:17:00,67296.75,67306.01,67250.34,67270.0,27.37471
2026-06-03 07:18:00,67270.0,67334.4,67261.85,67307.63,20.68139
2026-06-03 07:19:00,67307.64,67308.0,67268.0,67268.01,6.43762
2026-06-03 07:20:00,67268.01,67276.05,67244.0,67244.0,6.90715
2026-06-03 07:21:00,67244.0,67244.01,67192.88,67208.01,11.39012
2026-06-03 07:22:00,67208.01,67208.01,67169.46,67192.88,7.16335
2026-06-03 07:23:00,67192.89,67192.89,67169.45,67184.01,5.98251
2026-06-03 07:24:00,67184.01,67203.95,67173.99,67203.95,4.7601
2026-06-03 07:25:00,67203.94,67203.94,67156.0,67191.99,5.6327
2026-06-03 07:26:00,67192.0,67234.0,67191.99,67208.01,22.12556
2026-06-03 07:27:00,67208.0,67213.29,67202.01,67212.49,1.49117
2026-06-03 07:28:00,67212.5,67214.0,67202.02,67211.05,8.32348
2026-06-03 07:29:00,67211.05,67215.54,67188.0,67191.55,5.59093
2026-06-03 07:30:00,67191.54,67204.66,67175.49,67204.66,9.90129
2026-06-03 07:31:00,67204.66,67248.0,67203.07,67215.74,16.69174
2026-06-03 07:32:00,67215.75,67240.43,67211.87,67232.01,9.87873
2026-06-03 07:33:00,67232.01,67248.83,67232.0,67246.63,8.32683
2026-06-03 07:34:00,67246.64,67266.51,67230.0,67260.01,13.75283
2026-06-03 07:35:00,67260.01,67260.01,67209.06,67209.07,15.31702
2026-06-03 07:36:00,67209.07,67233.59,67190.58,67218.0,16.12494
2026-06-03 07:37:00,67217.53,67270.11,67217.52,67239.14,14.5427
2026-06-03 07:38:00,67239.14,67287.12,67239.13,67287.12,18.40198
2026-06-03 07:39:00,67287.12,67287.12,67228.53,67233.37,14.70161
2026-06-03 07:40:00,67233.37,67234.03,67190.0,67191.55,13.40085
2026-06-03 07:41:00,67191.55,67191.55,67100.0,67100.0,21.10348
2026-06-03 07:42:00,67100.01,67153.8,67078.91,67153.8,47.94475
2026-06-03 07:43:00,67153.79,67235.58,67153.79,67235.58,30.37434
2026-06-03 07:44:00,67235.58,67237.23,67188.0,67208.49,18.89254
2026-06-03 07:45:00,67208.5,67237.21,67188.01,67228.01,59.83166
2026-06-03 07:46:00,67228.01,67271.05,67228.01,67269.7,15.75119
2026-06-03 07:47:00,67269.7,67298.0,67269.7,67297.99,9.78857
2026-06-03 07:48:00,67298.0,67302.0,67264.0,67264.0,11.89586
2026-06-03 07:49:00,67264.01,67304.55,67258.01,67304.55,18.40816
2026-06-03 07:50:00,67304.55,67319.46,67296.39,67309.58,62.61401
2026-06-03 07:51:00,67309.58,67319.96,67286.03,67298.0,24.09203
2026-06-03 07:52:00,67298.0,67322.9,67298.0,67316.32,15.69235
2026-06-03 07:53:00,67316.33,67322.89,67311.6,67316.66,12.48046
2026-06-03 07:54:00,67316.67,67320.07,67305.63,67305.63,21.51842
2026-06-03 07:55:00,67305.63,67305.64,67256.47,67256.47,19.21333
2026-06-03 07:56:00,67256.48,67287.95,67256.47,67283.61,14.02332
2026-06-03 07:57:00,67283.62,67286.82,67238.01,67238.02,19.84252
2026-06-03 07:58:00,67238.02,67253.8,67208.01,67215.73,15.78738
2026-06-03 07:59:00,67215.73,67231.39,67212.18,67220.03,14.01917
2026-06-03 08:00:00,67220.03,67229.46,67192.88,67213.19,17.33805
2026-06-03 08:01:00,67213.2,67264.34,67192.88,67231.96,88.11531
2026-06-03 08:02:00,67230.73,67230.73,67165.15,67171.12,13.47338
2026-06-03 08:03:00,67171.12,67243.99,67171.12,67232.69,55.92565
2026-06-03 08:04:00,67232.69,67232.69,67206.66,67232.68,105.23462
2026-06-03 08:05:00,67232.69,67247.04,67200.86,67207.94,30.91273
2026-06-03 08:06:00,67207.95,67210.0,67142.0,67142.0,19.08108
2026-06-03 08:07:00,67142.01,67164.0,67126.01,67163.99,9.7263
2026-06-03 08:08:00,67163.99,67164.0,67126.08,67126.09,13.53962
2026-06-03 08:09:00,67126.08,67152.96,67126.08,67148.52,4.91298
2026-06-03 08:10:00,67148.53,67148.53,67111.86,67115.38,17.76053
2026-06-03 08:11:00,67115.39,67151.16,67115.39,67132.01,9.03178
2026-06-03 08:12:00,67132.0,67132.41,67112.0,67112.01,39.124
2026-06-03 08:13:00,67112.01,67129.15,67106.08,67129.15,46.30685
2026-06-03 08:14:00,67129.14,67129.15,67066.55,67070.0,33.80964
2026-06-03 08:15:00,67069.99,67110.7,67069.99,67091.11,64.04285
2026-06-03 08:16:00,67091.12,67091.12,67025.68,67031.75,19.44945
2026-06-03 08:17:00,67031.75,67052.0,67031.75,67052.0,6.1181
2026-06-03 08:18:00,67052.0,67146.67,67037.42,67134.55,40.21896
2026-06-03 08:19:00,67134.71,67136.0,67101.33,67117.06,13.22199
2026-06-03 08:20:00,67117.06,67117.06,67068.36,67083.16,14.34033
2026-06-03 08:21:00,67083.16,67083.16,67035.99,67035.99,23.14019
2026-06-03 08:22:00,67035.98,67074.0,67035.72,67073.99,7.9159
2026-06-03 08:23:00,67074.0,67082.0,67063.65,67074.0,7.52431
2026-06-03 08:24:00,67074.01,67084.18,67014.12,67014.13,10.29872
2026-06-03 08:25:00,67014.13,67053.32,67014.12,67035.36,7.82589
2026-06-03 08:26:00,67035.37,67061.62,67029.97,67029.97,7.21435
2026-06-03 08:27:00,67029.97,67040.01,67006.06,67040.01,23.00234
2026-06-03 08:28:00,67040.01,67046.71,67017.01,67032.19,41.54331
2026-06-03 08:29:00,67032.18,67033.49,67020.06,67027.6,3.33833
2026-06-03 08:30:00,67027.61,67079.27,67027.61,67079.27,27.14383
2026-06-03 08:31:00,67079.27,67079.27,67040.24,67040.25,7.84862
2026-06-03 08:32:00,67040.25,67161.93,67040.01,67161.93,34.30682
2026-06-03 08:33:00,67161.93,67232.88,67161.93,67175.99,27.42139
2026-06-03 08:34:00,67176.0,67176.0,67090.19,67111.43,12.48385
2026-06-03 08:35:00,67111.43,67131.74,67096.02,67109.73,8.62717
2026-06-03 08:36:00,67109.74,67119.65,67067.37,67079.93,8.98284
2026-06-03 08:37:00,67079.94,67087.82,67028.06,67036.01,10.24515
2026-06-03 08:38:00,67036.0,67048.01,66974.0,66976.98,10.84418
2026-06-03 08:39:00,66976.97,67024.0,66976.97,66979.19,17.78312
2026-06-03 08:40:00,66979.18,67026.02,66974.0,66998.94,15.24501
2026-06-03 08:41:00,66998.95,67007.48,66978.0,66978.0,8.62378
2026-06-03 08:42:00,66978.01,67040.78,66978.0,67036.01,7.28964
2026-06-03 08:43:00,67036.01,67117.05,67024.69,67117.05,9.73567
2026-06-03 08:44:00,67117.04,67131.37,67075.57,67088.32,7.9651
2026-06-03 08:45:00,67088.33,67092.68,67070.0,67089.97,3.65153
2026-06-03 08:46:00,67089.98,67089.98,67014.12,67067.35,10.10383
2026-06-03 08:47:00,67067.38,67099.37,67044.7,67051.76,11.89684
2026-06-03 08:48:00,67051.75,67068.98,67014.12,67064.77,11.55242
2026-06-03 08:49:00,67064.76,67145.75,67064.76,67118.88,8.13669
2026-06-03 08:50:00,67118.89,67177.82,67102.57,67102.57,23.18179
2026-06-03 08:51:00,67102.57,67102.57,67001.49,67005.99,25.8464
2026-06-03 08:52:00,67005.99,67082.34,66990.76,67082.34,27.996
2026-06-03 08:53:00,67082.33,67082.34,66978.0,67010.79,39.44681
2026-06-03 08:54:00,67010.8,67068.75,67010.8,67068.74,51.53106
2026-06-03 08:55:00,67068.75,67068.75,67039.09,67040.37,23.57818
2026-06-03 08:56:00,67040.37,67052.01,67030.01,67030.01,10.50563
2026-06-03 08:57:00,67030.0,67041.73,67022.21,67041.73,5.9158
2026-06-03 08:58:00,67041.73,67046.62,67020.72,67022.5,7.5302
2026-06-03 08:59:00,67022.49,67031.55,67022.49,67028.0,4.56696
2026-06-03 09:00:00,67028.01,67095.33,67028.0,67035.88,18.5977
2026-06-03 09:01:00,67035.88,67042.09,67000.0,67027.32,16.0894
2026-06-03 09:02:00,67027.31,67027.32,66969.91,66969.92,9.37862
2026-06-03 09:03:00,66969.91,67011.43,66969.91,66995.89,5.78762
2026-06-03 09:04:00,66995.9,67021.19,66994.0,67021.19,5.7054
2026-06-03 09:05:00,67021.18,67021.19,66998.4,66998.41,5.26409
2026-06-03 09:06:00,66998.41,67011.8,66986.0,67011.8,8.74087
2026-06-03 09:07:00,67011.8,67029.41,67004.0,67028.64,8.78637
2026-06-03 09:08:00,67029.6,67038.0,67016.03,67016.04,22.09454
2026-06-03 09:09:00,67016.04,67105.03,67016.03,67079.99,12.66213
2026-06-03 09:10:00,67079.99,67079.99,66959.46,66961.69,37.38275
2026-06-03 09:11:00,66961.7,67026.17,66942.0,67014.13,37.15512
2026-06-03 09:12:00,67014.12,67064.13,67014.12,67052.01,5.68357
2026-06-03 09:13:00,67052.01,67052.01,66988.32,66988.32,12.56749
2026-06-03 09:14:00,66988.32,66991.98,66962.04,66962.05,6.02507
2026-06-03 09:15:00,66962.05,66962.05,66916.94,66922.25,15.89381
2026-06-03 09:16:00,66922.26,66945.01,66916.94,66925.32,11.57586
2026-06-03 09:17:00,66925.31,66964.0,66920.77,66963.99,17.97809
2026-06-03 09:18:00,66963.99,66964.0,66886.66,66892.24,27.15588
2026-06-03 09:19:00,66892.23,66892.6,66860.0,66860.01,12.94737
2026-06-03 09:20:00,66860.0,66879.11,66843.15,66848.33,27.78561
2026-06-03 09:21:00,66848.33,66872.19,66826.2,66842.46,29.68098
2026-06-03 09:22:00,66842.45,66850.85,66831.2,66831.99,17.51925
2026-06-03 09:23:00,66832.0,66895.1,66831.98,66858.01,12.33673
2026-06-03 09:24:00,66858.0,66858.0,66824.54,66824.55,4.22136
2026-06-03 09:25:00,66824.55,66858.68,66816.29,66839.03,23.43611
2026-06-03 09:26:00,66839.03,66908.0,66839.03,66854.56,12.72479
2026-06-03 09:27:00,66854.55,66854.56,66835.59,66835.6,5.92213
2026-06-03 09:28:00,66835.6,66839.99,66808.27,66839.99,25.52208
2026-06-03 09:29:00,66840.0,66856.62,66832.0,66832.01,11.76709
2026-06-03 09:30:00,66832.01,66832.01,66827.81,66827.81,2.37405
2026-06-03 09:31:00,66827.81,66844.0,66827.81,66837.58,6.87352
2026-06-03 09:32:00,66837.59,66839.46,66827.09,66830.52,8.61519
2026-06-03 09:33:00,66830.52,66839.45,66816.96,66837.98,13.35609
2026-06-03 09:34:00,66837.98,66864.36,66836.0,66836.0,12.18146
2026-06-03 09:35:00,66836.01,66836.01,66821.87,66821.87,6.57848
2026-06-03 09:36:00,66821.86,66824.96,66791.66,66824.03,21.46904
2026-06-03 09:37:00,66824.02,66824.03,66786.82,66786.82,11.76784
2026-06-03 09:38:00,66786.83,66805.05,66762.17,66762.18,9.09589
2026-06-03 09:39:00,66762.18,66780.0,66750.0,66754.91,63.36172
2026-06-03 09:40:00,66754.92,66775.11,66734.62,66743.04,25.36686
2026-06-03 09:41:00,66743.05,66754.02,66742.17,66746.0,83.67074
2026-06-03 09:42:00,66746.0,66747.47,66737.02,66737.03,7.37648
2026-06-03 09:43:00,66737.02,66737.49,66728.19,66729.66,6.78154
2026-06-03 09:44:00,66729.66,66733.42,66729.65,66733.42,9.67157
2026-06-03 09:45:00,66733.42,66733.42,66730.36,66733.42,7.5437
2026-06-03 09:46:00,66733.41,66733.42,66729.07,66729.07,9.12509
2026-06-03 09:47:00,66729.06,66732.73,66721.86,66722.0,18.86425
2026-06-03 09:48:00,66722.0,66724.0,66656.48,66679.92,40.12279
2026-06-03 09:49:00,66679.91,67036.52,66657.94,67023.02,162.87599
2026-06-03 09:50:00,67023.02,67248.0,67023.02,67210.18,81.32816
2026-06-03 09:51:00,67210.18,67320.0,67163.49,67208.43,95.64528
2026-06-03 09:52:00,67208.43,67322.0,67208.42,67280.02,122.189
2026-06-03 09:53:00,67280.02,67282.95,67180.0,67180.0,75.74805
2026-06-03 09:54:00,67180.01,67182.35,67129.62,67129.63,26.14579
2026-06-03 09:55:00,67129.63,67166.0,67129.61,67160.0,6.36125
2026-06-03 09:56:00,67160.0,67194.6,67156.0,67156.0,15.07978
2026-06-03 09:57:00,67156.01,67195.06,67156.0,67178.01,6.87665
2026-06-03 09:58:00,67178.02,67178.02,67105.41,67105.41,3.62594
2026-06-03 09:59:00,67105.41,67115.22,67075.17,67075.17,9.6015
2026-06-03 10:00:00,67075.18,67114.0,67068.51,67082.78,11.17641
2026-06-03 10:01:00,67082.78,67150.0,67069.98,67122.01,19.03919
2026-06-03 10:02:00,67122.02,67153.93,67122.02,67144.2,11.32086
2026-06-03 10:03:00,67144.2,67144.2,67085.21,67085.21,10.03377
2026-06-03 10:04:00,67085.22,67178.0,67085.21,67178.0,3.91937
2026-06-03 10:05:00,67178.0,67214.01,67177.99,67204.0,8.3542
2026-06-03 10:06:00,67203.99,67333.33,67198.0,67318.04,40.6004
2026-06-03 10:07:00,67318.04,67446.75,67316.5,67425.82,39.21358
2026-06-03 10:08:00,67425.82,67476.69,67412.0,67412.01,25.05973
2026-06-03 10:09:00,67412.01,67440.0,67398.0,67440.0,15.6324
2026-06-03 10:10:00,67440.01,67454.24,67409.99,67409.99,11.1227
2026-06-03 10:11:00,67409.98,67409.98,67351.26,67384.58,14.81374
2026-06-03 10:12:00,67384.57,67396.01,67243.41,67257.74,36.83802
2026-06-03 10:13:00,67257.74,67308.88,67257.73,67308.88,9.47882
2026-06-03 10:14:00,67308.87,67320.0,67305.98,67305.99,7.96423
2026-06-03 10:15:00,67305.98,67332.0,67270.0,67270.01,16.2531
2026-06-03 10:16:00,67270.0,67288.6,67234.0,67254.0,15.77794
2026-06-03 10:17:00,67254.0,67254.0,67201.85,67216.06,6.96141
2026-06-03 10:18:00,67216.06,67223.5,67204.0,67212.37,11.03712
2026-06-03 10:19:00,67212.37,67216.0,67200.0,67204.4,5.62899
2026-06-03 10:20:00,67204.4,67231.52,67192.88,67225.66,16.65249
2026-06-03 10:21:00,67225.66,67270.0,67212.0,67261.57,10.1572
2026-06-03 10:22:00,67261.57,67261.57,67216.0,67226.41,4.58188
2026-06-03 10:23:00,67226.4,67291.29,67226.4,67265.57,4.21978
2026-06-03 10:24:00,67265.58,67270.0,67243.24,67243.24,14.3817
2026-06-03 10:25:00,67243.25,67260.0,67243.24,67259.86,8.1886
2026-06-03 10:26:00,67259.85,67259.86,67219.97,67219.97,4.02697
2026-06-03 10:27:00,67219.97,67262.94,67219.97,67229.89,10.17484
2026-06-03 10:28:00,67229.89,67294.01,67229.88,67294.01,5.14893
2026-06-03 10:29:00,67294.01,67318.0,67280.0,67318.0,5.1423
2026-06-03 10:30:00,67318.0,67386.28,67313.99,67375.31,17.82158
2026-06-03 10:31:00,67375.3,67375.31,67290.0,67290.01,7.42982
2026-06-03 10:32:00,67290.01,67368.0,67290.0,67367.99,5.52176
2026-06-03 10:33:00,67367.99,67368.0,67330.0,67340.75,6.43735
2026-06-03 10:34:00,67340.75,67374.01,67328.56,67328.57,25.38601
2026-06-03 10:35:00,67328.57,67338.0,67322.9,67332.01,5.11636
2026-06-03 10:36:00,67332.0,67332.01,67202.54,67212.18,15.11055
2026-06-03 10:37:00,67212.19,67249.98,67212.19,67246.44,3.43956
2026-06-03 10:38:00,67246.43,67322.9,67246.43,67322.89,9.73277
2026-06-03 10:39:00,67322.9,67414.0,67322.89,67336.48,21.29956
2026-06-03 10:40:00,67336.47,67336.48,67300.1,67300.1,5.16571
2026-06-03 10:41:00,67300.11,67300.11,67267.74,67272.37,3.83809
2026-06-03 10:42:00,67272.37,67280.18,67267.74,67267.75,2.97586
2026-06-03 10:43:00,67267.74,67292.0,67267.74,67291.99,3.06238
2026-06-03 10:44:00,67292.0,67297.94,67221.05,67234.15,8.18073
2026-06-03 10:45:00,67234.15,67246.0,67219.97,67219.98,5.48735
2026-06-03 10:46:00,67219.97,67219.98,67206.0,67208.77,4.80144
2026-06-03 10:47:00,67208.77,67226.09,67200.0,67200.01,8.94056
2026-06-03 10:48:00,67200.01,67209.07,67200.0,67208.09,4.12048
2026-06-03 10:49:00,67208.08,67230.0,67208.08,67230.0,4.27345
2026-06-03 10:50:00,67230.0,67230.0,67208.47,67210.0,7.38151
2026-06-03 10:51:00,67210.01,67210.01,67182.72,67187.98,7.33425
2026-06-03 10:52:00,67187.98,67226.0,67187.98,67210.01,9.22655
2026-06-03 10:53:00,67210.0,67210.01,67201.23,67201.24,2.02006
2026-06-03 10:54:00,67201.24,67231.54,67201.24,67231.54,5.26887
2026-06-03 10:55:00,67231.54,67306.2,67231.54,67294.0,7.71921
2026-06-03 10:56:00,67294.01,67318.0,67294.0,67315.67,4.49613
2026-06-03 10:57:00,67315.67,67320.44,67274.0,67284.28,6.41174
2026-06-03 10:58:00,67284.27,67294.0,67284.27,67285.22,3.49797
2026-06-03 10:59:00,67285.22,67294.52,67277.25,67294.52,15.06426
2026-06-03 11:00:00,67294.51,67322.9,67277.61,67307.79,8.82394
2026-06-03 11:01:00,67307.78,67366.82,67307.78,67366.82,8.90179
2026-06-03 11:02:00,67366.82,67366.82,67342.0,67345.99,15.71349
2026-06-03 11:03:00,67346.0,67346.0,67300.0,67300.01,9.43773
2026-06-03 11:04:00,67300.01,67300.01,67244.0,67257.99,7.45691
2026-06-03 11:05:00,67258.0,67271.85,67223.5,67223.5,5.73945
2026-06-03 11:06:00,67223.51,67226.19,67208.0,67209.42,6.18442
2026-06-03 11:07:00,67209.43,67242.0,67209.42,67223.98,9.7641
2026-06-03 11:08:00,67223.98,67238.0,67219.97,67228.0,7.38446
2026-06-03 11:09:00,67228.0,67228.01,67203.18,67216.83,6.84822
2026-06-03 11:10:00,67216.83,67228.01,67216.82,67221.14,6.36817
2026-06-03 11:11:00,67221.15,67228.0,67206.4,67222.01,15.65169
2026-06-03 11:12:00,67222.01,67238.0,67222.0,67230.01,5.88394
2026-06-03 11:13:00,67230.01,67282.0,67230.01,67282.0,5.10068
2026-06-03 11:14:00,67281.99,67341.54,67277.27,67341.5,6.93721
2026-06-03 11:15:00,67341.5,67341.5,67292.94,67292.94,6.93645
2026-06-03 11:16:00,67292.94,67338.0,67292.94,67338.0,5.70502
2026-06-03 11:17:00,67337.99,67346.56,67306.0,67306.02,14.08523
2026-06-03 11:18:00,67306.02,67324.0,67306.01,67323.99,3.99397
2026-06-03 11:19:00,67324.0,67350.0,67323.99,67350.0,6.43673
2026-06-03 11:20:00,67350.0,67350.0,67323.99,67324.0,5.34482
2026-06-03 11:21:00,67324.0,67328.0,67308.6,67322.91,7.62925
2026-06-03 11:22:00,67322.9,67360.0,67322.9,67350.86,3.54909
2026-06-03 11:23:00,67350.86,67363.38,67336.0,67348.01,16.29468
2026-06-03 11:24:00,67348.01,67359.95,67339.45,67347.94,13.37776
2026-06-03 11:25:00,67347.94,67359.99,67347.92,67359.98,5.09327
2026-06-03 11:26:00,67359.98,67359.99,67347.92,67352.02,9.02772
2026-06-03 11:27:00,67352.01,67352.01,67308.0,67334.0,11.0246
2026-06-03 11:28:00,67334.0,67348.4,67333.78,67333.78,11.40292
2026-06-03 11:29:00,67333.78,67333.79,67322.9,67329.99,6.25832
2026-06-03 11:30:00,67330.0,67330.0,67266.11,67266.12,8.40208
2026-06-03 11:31:00,67266.12,67266.12,67253.07,67264.0,3.41189
2026-06-03 11:32:00,67263.99,67276.72,67247.27,67247.28,7.30655
2026-06-03 11:33:00,67247.28,67255.97,67210.0,67213.75,6.139
2026-06-03 11:34:00,67213.76,67213.76,67172.0,67172.0,9.18782
2026-06-03 11:35:00,67172.01,67192.0,67144.0,67145.59,12.01266
2026-06-03 11:36:00,67145.58,67165.99,67118.44,67118.45,20.28215
2026-06-03 11:37:00,67118.45,67130.0,67111.0,67122.0,7.62437
2026-06-03 11:38:00,67122.0,67161.92,67117.05,67160.59,4.28642
2026-06-03 11:39:00,67160.59,67160.59,67122.0,67124.0,2.03015
2026-06-03 11:40:00,67124.0,67134.0,67114.0,67114.01,5.96272
2026-06-03 11:41:00,67114.0,67126.0,67114.0,67126.0,18.28055
2026-06-03 11:42:00,67125.99,67172.0,67125.99,67172.0,5.51274
2026-06-03 11:43:00,67172.0,67184.0,67162.0,67162.0,6.80671
2026-06-03 11:44:00,67162.01,67162.01,67150.0,67150.0,2.76387
2026-06-03 11:45:00,67150.01,67150.01,67135.36,67135.36,5.08021
2026-06-03 11:46:00,67135.37,67135.37,67117.05,67117.05,13.10742
2026-06-03 11:47:00,67117.05,67117.06,67067.0,67067.01,16.7104
2026-06-03 11:48:00,67067.0,67082.0,67067.0,67067.49,8.91107
2026-06-03 11:49:00,67067.49,67095.06,67065.63,67095.06,8.84118
2026-06-03 11:50:00,67095.06,67112.0,67074.0,67074.01,9.16753
2026-06-03 11:51:00,67074.01,67075.5,67068.0,67075.49,3.51605
2026-06-03 11:52:00,67075.5,67094.0,67075.49,67094.0,3.1234
2026-06-03 11:53:00,67094.0,67094.0,67068.11,67088.0,5.81015
2026-06-03 11:54:00,67088.0,67089.72,67068.52,67078.0,8.15442
2026-06-03 11:55:00,67078.0,67100.0,67078.0,67099.99,6.42268
2026-06-03 11:56:00,67100.0,67109.99,67086.03,67109.02,6.15147
2026-06-03 11:57:00,67109.01,67109.01,67078.0,67078.0,5.80771
2026-06-03 11:58:00,67078.0,67078.0,67067.39,67067.39,3.22036
2026-06-03 11:59:00,67067.37,67074.0,67056.58,67067.37,13.30857
2026-06-03 12:00:00,67067.37,67069.35,67012.02,67038.68,23.6807
2026-06-03 12:01:00,67038.67,67038.68,66950.0,66972.0,34.61108
2026-06-03 12:02:00,66971.99,66994.0,66960.2,66980.59,7.47962
2026-06-03 12:03:00,66980.59,67017.9,66980.59,66999.99,13.36762
2026-06-03 12:04:00,67000.0,67106.0,67000.0,67106.0,17.94429
2026-06-03 12:05:00,67105.99,67105.99,67059.66,67059.66,12.94887
2026-06-03 12:06:00,67059.67,67086.0,67039.44,67086.0,6.98566
2026-06-03 12:07:00,67086.0,67104.0,67068.1,67068.11,3.70979
2026-06-03 12:08:00,67068.11,67077.63,67047.0,67047.01,7.03727
2026-06-03 12:09:00,67047.01,67096.0,67042.0,67096.0,9.39605
2026-06-03 12:10:00,67095.99,67129.11,67095.99,67117.06,10.00902
2026-06-03 12:11:00,67117.05,67117.06,67031.08,67031.08,4.60414
2026-06-03 12:12:00,67031.07,67061.33,66992.45,67004.0,7.93392
2026-06-03 12:13:00,67003.99,67003.99,66886.87,66913.99,20.8937
2026-06-03 12:14:00,66914.0,66972.76,66914.0,66972.76,16.83067
2026-06-03 12:15:00,66972.75,66972.76,66834.0,66834.0,21.11735
2026-06-03 12:16:00,66834.0,66864.0,66816.0,66844.71,23.38564
2026-06-03 12:17:00,66844.71,66868.0,66825.71,66836.0,26.41412
2026-06-03 12:18:00,66836.01,66848.97,66808.27,66814.01,13.13016
2026-06-03 12:19:00,66814.02,66846.0,66814.01,66844.0,7.80247
2026-06-03 12:20:00,66843.99,66843.99,66782.65,66826.52,10.3986
2026-06-03 12:21:00,66826.52,66931.63,66826.52,66911.21,39.73307
2026-06-03 12:22:00,66911.21,66937.1,66875.12,66930.01,43.91507
2026-06-03 12:23:00,66930.01,66945.69,66888.0,66888.0,13.23711
2026-06-03 12:24:00,66888.0,66908.52,66888.0,66892.01,5.19221
2026-06-03 12:25:00,66892.01,66961.13,66882.0,66961.13,17.07999
2026-06-03 12:26:00,66961.12,67032.79,66961.12,66992.01,18.29854
2026-06-03 12:27:00,66992.0,67072.0,66972.31,67072.0,74.29401
2026-06-03 12:28:00,67072.0,67082.0,67002.0,67004.01,10.63317
2026-06-03 12:29:00,67004.0,67066.34,67004.0,67032.01,13.84602
2026-06-03 12:30:00,67032.02,67068.0,67009.02,67064.0,45.51134
2026-06-03 12:31:00,67064.0,67130.48,67064.0,67130.0,15.56477
2026-06-03 12:32:00,67130.01,67130.01,67066.0,67098.69,22.5685
2026-06-03 12:33:00,67098.69,67138.0,67090.0,67126.9,12.70285
2026-06-03 12:34:00,67126.9,67163.82,67125.1,67128.5,9.40739
2026-06-03 12:35:00,67128.49,67128.5,67080.0,67095.4,13.80357
2026-06-03 12:36:00,67095.4,67112.0,67091.5,67105.21,8.09023
2026-06-03 12:37:00,67105.2,67105.21,67066.25,67074.0,14.71047
2026-06-03 12:38:00,67073.99,67073.99,66898.0,66898.0,16.59041
2026-06-03 12:39:00,66898.01,66898.12,66840.0,66862.71,15.14954
2026-06-03 12:40:00,66862.71,66922.0,66840.06,66922.0,14.45438
2026-06-03 12:41:00,66922.0,66926.53,66911.2,66911.2,4.60719
2026-06-03 12:42:00,66911.21,66946.0,66908.22,66926.96,21.50913
2026-06-03 12:43:00,66926.96,66938.0,66911.2,66912.58,4.11324
2026-06-03 12:44:00,66912.58,66976.0,66912.57,66968.46,7.13323
2026-06-03 12:45:00,66968.46,66976.0,66925.37,66969.56,10.59258
2026-06-03 12:46:00,66969.56,66995.9,66969.55,66995.28,4.71408
2026-06-03 12:47:00,66995.27,67026.0,66995.27,67025.98,10.59037
2026-06-03 12:48:00,67025.98,67027.39,67007.25,67007.26,6.83962
2026-06-03 12:49:00,67007.26,67024.0,67007.25,67021.86,2.65134
2026-06-03 12:50:00,67021.86,67046.0,67016.77,67046.0,7.01911
2026-06-03 12:51:00,67046.0,67117.05,67045.99,67100.01,11.01291
2026-06-03 12:52:00,67100.01,67109.16,67074.0,67104.0,6.12774
2026-06-03 12:53:00,67104.01,67138.12,67104.01,67138.11,6.70925
2026-06-03 12:54:00,67138.11,67138.12,67071.09,67076.0,5.06373
2026-06-03 12:55:00,67075.99,67075.99,67020.0,67046.89,5.35901
2026-06-03 12:56:00,67046.89,67077.46,67045.5,67072.12,5.42852
2026-06-03 12:57:00,67072.11,67099.87,67058.36,67090.01,4.0934
2026-06-03 12:58:00,67090.01,67102.0,67090.01,67092.42,2.74355
2026-06-03 12:59:00,67092.42,67092.42,67071.65,67078.72,5.97828
2026-06-03 13:00:00,67078.72,67163.24,67078.72,67161.37,15.72381
2026-06-03 13:01:00,67161.37,67219.98,67138.0,67176.0,22.14756
2026-06-03 13:02:00,67176.0,67176.0,67145.57,67150.01,6.7413
2026-06-03 13:03:00,67150.01,67154.0,67120.0,67142.01,5.44496
2026-06-03 13:04:00,67142.0,67142.01,67048.0,67048.0,7.58908
2026-06-03 13:05:00,67048.0,67076.0,67036.0,67049.99,8.87199
2026-06-03 13:06:00,67050.0,67076.72,67003.46,67003.46,8.13221
2026-06-03 13:07:00,67003.46,67043.61,67003.46,67014.13,11.7518
2026-06-03 13:08:00,67014.13,67061.6,66984.0,67061.6,16.3171
2026-06-03 13:09:00,67061.61,67077.6,67061.61,67070.02,4.12747
2026-06-03 13:10:00,67070.02,67091.78,67070.01,67080.48,4.19925
2026-06-03 13:11:00,67080.48,67134.0,67076.0,67120.0,9.26874
2026-06-03 13:12:00,67119.99,67120.87,67096.58,67117.11,9.87656
2026-06-03 13:13:00,67117.11,67166.74,67117.1,67142.01,5.39334
2026-06-03 13:14:00,67142.0,67149.69,67122.0,67122.01,11.03178
2026-06-03 13:15:00,67122.01,67136.0,67110.0,67116.01,9.52731
2026-06-03 13:16:00,67116.0,67166.74,67116.0,67165.2,8.02433
2026-06-03 13:17:00,67165.2,67219.98,67157.17,67216.01,11.22935
2026-06-03 13:18:00,67216.01,67216.01,67194.0,67200.01,6.66409
2026-06-03 13:19:00,67200.0,67219.98,67192.0,67219.98,11.20248
2026-06-03 13:20:00,67219.97,67244.62,67198.0,67205.31,25.12753
2026-06-03 13:21:00,67205.32,67205.32,67166.01,67178.0,8.06728
2026-06-03 13:22:00,67177.99,67178.0,67110.0,67110.0,13.24444
2026-06-03 13:23:00,67110.0,67132.0,67104.0,67125.79,9.69189
2026-06-03 13:24:00,67125.79,67129.83,67098.43,67107.7,5.36522
2026-06-03 13:25:00,67107.71,67107.71,66926.0,66926.0,33.03485
2026-06-03 13:26:00,66926.0,66942.0,66875.81,66890.01,18.33251
2026-06-03 13:27:00,66890.01,66914.0,66865.38,66865.38,7.47717
2026-06-03 13:28:00,66865.39,66882.97,66854.0,66858.01,20.33927
2026-06-03 13:29:00,66858.01,66866.0,66834.05,66838.01,12.96446
2026-06-03 13:30:00,66838.01,67014.13,66838.01,66946.01,34.54322
2026-06-03 13:31:00,66946.0,67009.99,66946.0,66997.04,22.89492
2026-06-03 13:32:00,66997.04,67192.0,66996.01,67185.39,40.75998
2026-06-03 13:33:00,67185.39,67190.0,67124.0,67148.0,16.22584
2026-06-03 13:34:00,67148.0,67161.69,67062.0,67124.01,15.03308
2026-06-03 13:35:00,67124.0,67124.0,66964.0,66964.0,33.75592
2026-06-03 13:36:00,66964.01,67052.0,66956.01,67011.99,23.98924
2026-06-03 13:37:00,67011.99,67013.27,66867.26,66888.0,22.83366
2026-06-03 13:38:00,66887.99,66982.39,66853.03,66966.0,24.51571
2026-06-03 13:39:00,66966.0,66982.0,66906.71,66981.64,19.09524
2026-06-03 13:40:00,66981.65,66990.66,66906.16,66967.44,33.92949
2026-06-03 13:41:00,66967.45,66990.86,66868.62,66868.62,23.67018
2026-06-03 13:42:00,66868.61,66875.95,66773.97,66773.97,23.51474
2026-06-03 13:43:00,66773.91,66830.0,66717.82,66724.11,46.42621
2026-06-03 13:44:00,66724.11,66764.0,66717.82,66744.27,26.87766
2026-06-03 13:45:00,66744.26,66819.43,66678.78,66705.36,74.66585
2026-06-03 13:46:00,66705.35,66718.36,66635.0,66669.04,54.02745
2026-06-03 13:47:00,66669.05,66703.74,66636.01,66640.41,31.92685
2026-06-03 13:48:00,66640.42,66716.0,66640.23,66701.99,22.00569
2026-06-03 13:49:00,66701.99,66834.0,66656.0,66794.0,55.20114
2026-06-03 13:50:00,66794.0,66889.54,66762.01,66874.01,25.23539
2026-06-03 13:51:00,66874.0,67041.72,66856.0,66868.01,51.34752
2026-06-03 13:52:00,66868.0,66934.74,66828.0,66894.01,33.71723
2026-06-03 13:53:00,66894.01,66989.05,66858.0,66970.0,15.9333
2026-06-03 13:54:00,66970.01,66970.01,66892.0,66940.01,22.97942
2026-06-03 13:55:00,66940.0,66980.0,66864.0,66900.0,18.37791
2026-06-03 13:56:00,66900.01,66928.0,66842.0,66842.01,7.04163
2026-06-03 13:57:00,66842.01,66848.99,66767.32,66801.99,26.22251
2026-06-03 13:58:00,66802.0,66921.32,66798.0,66893.73,20.97546
2026-06-03 13:59:00,66893.72,66910.0,66888.88,66906.01,8.5409
2026-06-03 14:00:00,66906.0,66948.0,66840.01,66853.21,24.354
2026-06-03 14:01:00,66853.21,66858.01,66778.78,66802.0,20.18954
2026-06-03 14:02:00,66801.99,66838.0,66769.66,66829.62,14.19205
2026-06-03 14:03:00,66829.62,66829.63,66778.01,66778.01,11.27214
2026-06-03 14:04:00,66778.0,66810.0,66751.99,66777.11,16.40826
2026-06-03 14:05:00,66777.11,66800.0,66744.0,66751.85,10.94044
2026-06-03 14:06:00,66751.85,66820.0,66739.57,66794.03,12.43208
2026-06-03 14:07:00,66794.02,66800.0,66740.0,66756.01,11.25576
2026-06-03 14:08:00,66756.01,66868.62,66756.0,66844.78,19.66107
2026-06-03 14:09:00,66844.78,66848.0,66739.56,66774.0,22.31987
2026-06-03 14:10:00,66774.0,66888.12,66770.0,66888.12,17.57175
2026-06-03 14:11:00,66888.12,66911.2,66786.49,66794.01,20.07762
2026-06-03 14:12:00,66794.01,66814.75,66754.0,66762.0,15.49304
2026-06-03 14:13:00,66762.0,66832.0,66762.0,66832.0,11.69945
2026-06-03 14:14:00,66831.99,66903.72,66816.0,66903.72,8.78641
2026-06-03 14:15:00,66903.72,66934.0,66840.0,66881.99,16.59787
2026-06-03 14:16:00,66882.0,66918.0,66844.0,66909.99,17.37103
2026-06-03 14:17:00,66909.99,66910.0,66830.0,66870.0,12.27696
2026-06-03 14:18:00,66870.0,66875.52,66769.23,66794.0,12.69474
2026-06-03 14:19:00,66794.0,66826.0,66694.0,66694.0,55.77176
2026-06-03 14:20:00,66694.01,66745.78,66678.0,66720.01,19.84737
2026-06-03 14:21:00,66720.0,66720.01,66643.96,66691.64,31.49958
2026-06-03 14:22:00,66691.64,66723.66,66656.0,66716.01,16.03221
2026-06-03 14:23:00,66716.0,66808.28,66710.38,66754.68,11.44546
2026-06-03 14:24:00,66754.68,66792.99,66701.43,66709.99,14.8507
2026-06-03 14:25:00,66710.0,66726.69,66658.3,66698.0,10.42167
2026-06-03 14:26:00,66697.99,66796.0,66697.99,66725.58,32.72234
2026-06-03 14:27:00,66725.57,66728.41,66675.53,66694.0,9.66292
2026-06-03 14:28:00,66693.99,66736.57,66664.0,66721.12,35.77277
2026-06-03 14:29:00,66721.13,66792.0,66719.31,66791.99,10.07188
2026-06-03 14:30:00,66792.0,66856.0,66784.0,66813.08,21.58471
2026-06-03 14:31:00,66813.07,66844.0,66798.5,66808.28,10.57294
2026-06-03 14:32:00,66808.27,66808.27,66744.0,66769.23,10.79701
2026-06-03 14:33:00,66769.23,66769.23,66736.01,66748.28,8.72529
2026-06-03 14:34:00,66748.29,66784.0,66707.21,66770.02,13.27147
2026-06-03 14:35:00,66770.02,66855.99,66770.02,66824.0,9.7457
2026-06-03 14:36:00,66824.01,66844.81,66804.0,66840.0,9.90925
2026-06-03 14:37:00,66840.0,66990.66,66840.0,66962.0,25.33276
2026-06-03 14:38:00,66962.0,66982.0,66945.22,66945.23,5.65495
2026-06-03 14:39:00,66945.22,66976.0,66923.41,66955.16,7.38886
2026-06-03 14:40:00,66955.16,66955.16,66903.09,66905.08,6.46922
2026-06-03 14:41:00,66905.07,66905.07,66834.0,66859.17,9.51653
2026-06-03 14:42:00,66859.16,66859.17,66732.24,66752.34,23.21516
2026-06-03 14:43:00,66752.35,66823.02,66752.35,66800.62,13.01163
2026-06-03 14:44:00,66800.62,66800.62,66744.0,66752.0,8.57365
2026-06-03 14:45:00,66751.99,66772.68,66745.87,66772.68,5.69816
2026-06-03 14:46:00,66772.73,66882.0,66772.73,66838.01,23.11966
2026-06-03 14:47:00,66838.01,66873.05,66804.0,66830.0,11.03672
2026-06-03 14:48:00,66830.0,66863.75,66820.0,66854.05,9.55484
2026-06-03 14:49:00,66854.05,66870.52,66812.0,66819.74,9.23116
2026-06-03 14:50:00,66819.74,66832.0,66744.0,66744.0,20.04831
2026-06-03 14:51:00,66744.01,66926.97,66744.0,66926.96,16.89248
2026-06-03 14:52:00,66926.97,66926.97,66847.75,66847.75,9.35316
2026-06-03 14:53:00,66847.76,66935.88,66839.97,66932.2,14.25237
2026-06-03 14:54:00,66932.2,66932.2,66870.25,66881.4,14.28396
2026-06-03 14:55:00,66881.41,66881.41,66817.99,66818.0,11.80678
2026-06-03 14:56:00,66818.0,66818.0,66774.0,66774.0,27.21545
2026-06-03 14:57:00,66774.0,66842.0,66772.0,66841.99,7.98311
2026-06-03 14:58:00,66841.99,66866.0,66841.99,66850.01,8.65183
2026-06-03 14:59:00,66850.01,66880.0,66850.01,66864.95,19.85393
2026-06-03 15:00:00,66864.95,66898.0,66814.01,66814.01,10.18944
2026-06-03 15:01:00,66814.01,66866.0,66793.69,66844.01,8.16151
2026-06-03 15:02:00,66844.0,66844.0,66788.0,66807.99,7.4319
2026-06-03 15:03:00,66808.0,66826.67,66800.0,66824.0,7.39682
2026-06-03 15:04:00,66824.0,66836.0,66760.0,66760.0,21.50854
2026-06-03 15:05:00,66760.0,66768.0,66680.0,66680.01,21.29814
2026-06-03 15:06:00,66680.0,66686.74,66665.39,66665.39,19.90349
2026-06-03 15:07:00,66665.3,66665.3,66544.0,66545.35,84.64903
2026-06-03 15:08:00,66545.36,66571.41,66515.11,66543.73,36.4825
2026-06-03 15:09:00,66543.73,66596.0,66543.73,66580.94,22.06168
2026-06-03 15:10:00,66580.93,66669.86,66580.93,66620.0,16.94006
2026-06-03 15:11:00,66619.99,66636.61,66556.01,66556.02,9.62825
2026-06-03 15:12:00,66556.02,66556.02,66500.0,66512.1,29.56229
2026-06-03 15:13:00,66512.09,66540.0,66500.0,66505.97,17.28931
2026-06-03 15:14:00,66506.0,66541.68,66506.0,66525.55,15.89489
2026-06-03 15:15:00,66525.55,66581.06,66525.55,66536.38,15.53925
2026-06-03 15:16:00,66536.38,66545.27,66474.72,66517.74,48.10819
2026-06-03 15:17:00,66517.73,66517.73,66416.08,66417.68,39.69928
2026-06-03 15:18:00,66417.68,66436.83,66403.75,66408.0,27.97751
2026-06-03 15:19:00,66408.01,66426.04,66344.16,66356.49,82.06902
2026-06-03 15:20:00,66356.5,66373.74,66297.09,66305.53,33.94198
2026-06-03 15:21:00,66305.53,66347.72,66256.52,66347.72,49.92535
2026-06-03 15:22:00,66347.73,66376.33,66310.0,66344.21,27.99435
2026-06-03 15:23:00,66344.2,66416.02,66316.0,66332.01,42.45105
2026-06-03 15:24:00,66332.02,66398.0,66332.02,66382.3,24.57619
2026-06-03 15:25:00,66382.29,66382.29,66324.0,66358.0,20.61333
2026-06-03 15:26:00,66358.0,66500.0,66350.0,66489.9,42.37453
2026-06-03 15:27:00,66489.9,66663.54,66489.45,66655.85,35.60006
2026-06-03 15:28:00,66655.86,66655.86,66565.58,66565.58,44.64832
2026-06-03 15:29:00,66565.58,66598.84,66531.96,66597.74,19.17297
2026-06-03 15:30:00,66597.74,66677.6,66590.0,66671.69,20.05094
2026-06-03 15:31:00,66671.7,66678.0,66602.43,66602.43,11.89623
2026-06-03 15:32:00,66602.42,66642.0,66488.57,66502.55,28.33075
2026-06-03 15:33:00,66502.55,66508.0,66430.0,66430.01,16.01463
2026-06-03 15:34:00,66430.01,66459.11,66324.95,66349.99,26.23984
2026-06-03 15:35:00,66350.0,66430.0,66327.99,66429.99,17.68921
2026-06-03 15:36:00,66429.99,66450.0,66407.99,66415.5,12.55627
2026-06-03 15:37:00,66415.49,66415.49,66250.0,66250.0,30.74397
2026-06-03 15:38:00,66250.01,66304.0,66226.82,66275.83,34.18337
2026-06-03 15:39:00,66275.82,66357.65,66275.82,66327.95,31.76042
2026-06-03 15:40:00,66327.95,66330.59,66272.0,66272.0,27.17858
2026-06-03 15:41:00,66272.0,66298.0,66270.0,66298.0,17.90088
2026-06-03 15:42:00,66298.0,66309.32,66272.81,66309.18,16.85118
2026-06-03 15:43:00,66309.18,66362.0,66309.18,66351.99,17.24784
2026-06-03 15:44:00,66351.99,66370.1,66304.0,66304.01,13.2993
2026-06-03 15:45:00,66304.01,66350.0,66296.94,66334.01,13.71763
2026-06-03 15:46:00,66334.01,66349.93,66191.43,66210.8,44.34812
2026-06-03 15:47:00,66210.8,66240.0,66144.0,66180.02,36.60143
2026-06-03 15:48:00,66180.01,66221.53,66180.01,66219.99,14.56494
2026-06-03 15:49:00,66219.99,66309.19,66197.66,66309.19,14.99984
2026-06-03 15:50:00,66309.19,66378.42,66309.18,66326.45,14.10459
2026-06-03 15:51:00,66326.45,66369.35,66326.45,66351.94,9.11662
2026-06-03 15:52:00,66351.94,66366.09,66281.66,66327.99,14.97817
2026-06-03 15:53:00,66328.0,66362.0,66272.64,66280.05,28.40412
2026-06-03 15:54:00,66280.06,66280.06,66177.4,66188.0,26.68978
2026-06-03 15:55:00,66188.0,66248.0,66184.0,66223.11,21.91924
2026-06-03 15:56:00,66223.11,66233.91,66160.77,66173.98,18.38711
2026-06-03 15:57:00,66173.99,66181.99,66118.61,66129.19,25.94799
2026-06-03 15:58:00,66129.18,66130.28,66102.48,66102.49,19.94934
2026-06-03 15:59:00,66102.49,66110.0,66076.0,66076.01,12.58765
2026-06-03 16:00:00,66076.01,66141.93,66076.01,66104.0,54.38648
2026-06-03 16:01:00,66104.0,66104.0,65936.0,65939.62,92.27077
2026-06-03 16:02:00,65939.63,65960.72,65872.5,65902.22,44.92213
2026-06-03 16:03:00,65902.23,66157.23,65902.23,66147.31,66.0912
2026-06-03 16:04:00,66147.32,66180.42,66110.0,66179.23,29.81379
2026-06-03 16:05:00,66179.22,66317.99,66179.22,66249.12,39.77472
2026-06-03 16:06:00,66249.12,66373.18,66242.0,66316.0,25.74146
2026-06-03 16:07:00,66315.99,66324.0,66057.97,66057.97,40.29985
2026-06-03 16:08:00,66057.97,66113.98,65941.65,66100.0,50.71496
2026-06-03 16:09:00,66100.0,66215.99,66100.0,66186.0,15.47551
2026-06-03 16:10:00,66186.0,66245.99,66140.0,66245.98,13.68284
2026-06-03 16:11:00,66245.99,66276.65,66236.0,66249.1,12.22832
2026-06-03 16:12:00,66249.11,66251.51,66042.52,66060.04,38.97619
2026-06-03 16:13:00,66060.03,66148.26,66040.01,66148.26,15.34966
2026-06-03 16:14:00,66148.25,66214.0,66148.25,66172.97,17.69841
2026-06-03 16:15:00,66172.97,66211.67,66134.0,66211.66,13.85365
2026-06-03 16:16:00,66211.67,66228.97,66160.87,66190.0,11.8752
2026-06-03 16:17:00,66190.0,66198.0,66130.0,66130.0,13.6409
2026-06-03 16:18:00,66130.0,66130.01,65932.8,65975.51,31.44645
2026-06-03 16:19:00,65975.52,66058.0,65943.13,66058.0,17.3811
2026-06-03 16:20:00,66058.0,66058.0,65982.25,65987.0,12.01651
2026-06-03 16:21:00,65987.0,65987.0,65808.78,65816.23,92.63926
2026-06-03 16:22:00,65816.24,65870.2,65742.0,65749.37,54.9997
2026-06-03 16:23:00,65749.37,65845.11,65711.94,65821.64,47.09632
2026-06-03 16:24:00,65821.65,65821.65,65633.57,65633.69,82.11756
2026-06-03 16:25:00,65633.69,65700.07,65631.45,65697.17,45.37202
2026-06-03 16:26:00,65697.16,65697.17,65600.0,65600.01,27.9861
2026-06-03 16:27:00,65600.01,65632.63,65555.0,65598.44,52.76283
2026-06-03 16:28:00,65598.43,65800.0,65598.43,65716.47,55.79374
2026-06-03 16:29:00,65716.46,65716.47,65600.0,65606.94,46.11417
2026-06-03 16:30:00,65606.94,65702.17,65606.94,65650.09,14.0788
2026-06-03 16:31:00,65650.08,65692.26,65614.69,65663.4,30.38793
2026-06-03 16:32:00,65663.39,65709.43,65614.92,65680.0,31.36781
2026-06-03 16:33:00,65680.01,65756.0,65586.44,65756.0,32.33197
2026-06-03 16:34:00,65755.99,65812.73,65742.71,65751.6,19.61831
2026-06-03 16:35:00,65751.6,65766.04,65696.0,65722.3,32.60236
2026-06-03 16:36:00,65722.3,65794.55,65712.22,65777.23,28.16815
2026-06-03 16:37:00,65777.22,65886.43,65777.22,65886.43,16.91412
2026-06-03 16:38:00,65886.42,65904.0,65851.0,65851.01,11.85463
2026-06-03 16:39:00,65851.0,65906.4,65791.63,65897.41,9.10314
2026-06-03 16:40:00,65897.4,65957.44,65871.28,65913.14,30.0423
2026-06-03 16:41:00,65913.14,65984.87,65900.0,65900.01,12.07901
2026-06-03 16:42:00,65900.01,65918.0,65837.2,65873.73,10.41088
2026-06-03 16:43:00,65873.73,65952.0,65869.14,65934.97,16.35233
2026-06-03 16:44:00,65934.96,65939.6,65912.78,65924.0,10.15808
2026-06-03 16:45:00,65924.0,65943.77,65866.0,65943.77,14.97819
2026-06-03 16:46:00,65943.77,66021.81,65942.14,66021.81,19.67656
2026-06-03 16:47:00,66021.81,66071.04,66021.81,66047.55,9.55687
2026-06-03 16:48:00,66047.55,66050.0,66000.0,66005.54,8.6067
2026-06-03 16:49:00,66005.53,66005.54,65873.86,65903.54,11.64261
2026-06-03 16:50:00,65903.54,65932.0,65844.0,65844.01,7.5656
2026-06-03 16:51:00,65844.01,65904.95,65822.4,65904.95,12.45045
2026-06-03 16:52:00,65904.95,65984.88,65904.95,65968.47,14.71052
2026-06-03 16:53:00,65968.47,65968.47,65906.75,65934.94,8.61025
2026-06-03 16:54:00,65934.94,65993.87,65927.88,65950.0,11.6734
2026-06-03 16:55:00,65950.01,66024.0,65933.58,66004.01,9.5103
2026-06-03 16:56:00,66004.01,66054.0,65994.0,66032.0,16.881
2026-06-03 16:57:00,66031.99,66048.0,66023.38,66040.0,6.8029
2026-06-03 16:58:00,66039.99,66068.0,66024.0,66050.01,5.79892
2026-06-03 16:59:00,66050.01,66061.83,66050.0,66061.83,6.68688
2026-06-03 17:00:00,66061.83,66126.0,66061.83,66118.0,10.27714
2026-06-03 17:01:00,66118.0,66118.0,66058.0,66066.68,16.42545
2026-06-03 17:02:00,66066.68,66071.01,66000.0,66012.19,10.0138
2026-06-03 17:03:00,66012.18,66012.19,65929.06,65929.06,10.45199
2026-06-03 17:04:00,65929.05,65935.35,65891.78,65899.69,14.27998
2026-06-03 17:05:00,65899.68,65907.6,65835.99,65840.77,20.45817
2026-06-03 17:06:00,65840.77,65847.64,65769.0,65846.16,13.26166
2026-06-03 17:07:00,65846.15,65846.16,65762.81,65795.52,29.42105
2026-06-03 17:08:00,65794.01,65837.38,65762.81,65767.91,12.75573
2026-06-03 17:09:00,65767.91,65844.0,65730.41,65750.62,27.59142
2026-06-03 17:10:00,65750.61,65852.56,65750.61,65829.83,15.26353
2026-06-03 17:11:00,65829.84,65847.62,65796.7,65824.91,13.36737
2026-06-03 17:12:00,65824.9,65844.0,65779.02,65779.03,9.07794
2026-06-03 17:13:00,65779.02,65796.9,65724.09,65724.09,12.98896
2026-06-03 17:14:00,65724.1,65752.26,65704.8,65715.23,15.31707
2026-06-03 17:15:00,65715.23,65788.0,65715.23,65788.0,21.5779
2026-06-03 17:16:00,65788.0,65808.86,65718.51,65774.34,24.05383
2026-06-03 17:17:00,65774.35,65800.0,65758.55,65795.3,6.20606
2026-06-03 17:18:00,65795.31,65881.95,65793.14,65881.95,19.91818
2026-06-03 17:19:00,65881.95,65954.0,65881.94,65927.14,10.27363
2026-06-03 17:20:00,65927.14,65943.21,65858.0,65871.14,9.43471
2026-06-03 17:21:00,65871.13,65917.66,65852.82,65863.0,10.90344
2026-06-03 17:22:00,65862.99,65906.0,65858.1,65858.11,7.70319
2026-06-03 17:23:00,65858.11,65858.11,65801.71,65823.0,10.73998
2026-06-03 17:24:00,65823.0,65830.15,65791.51,65819.11,9.99333
2026-06-03 17:25:00,65819.11,65887.99,65819.11,65863.61,40.15106
2026-06-03 17:26:00,65863.61,65932.0,65846.85,65932.0,9.26645
2026-06-03 17:27:00,65932.0,65955.2,65931.99,65944.93,10.94794
2026-06-03 17:28:00,65944.92,65956.0,65891.25,65956.0,11.19135
2026-06-03 17:29:00,65956.0,65984.88,65928.0,65945.93,12.30178
2026-06-03 17:30:00,65945.93,65982.48,65852.0,65852.02,12.65549
2026-06-03 17:31:00,65852.02,65910.0,65852.01,65856.53,8.0208
2026-06-03 17:32:00,65856.52,66011.67,65851.81,66011.67,12.65612
2026-06-03 17:33:00,66011.66,66157.99,66007.21,66130.0,29.66531
2026-06-03 17:34:00,66130.0,66177.97,66107.24,66164.01,10.40705
2026-06-03 17:35:00,66164.01,66165.23,66096.91,66140.01,11.63033
2026-06-03 17:36:00,66140.01,66153.72,66091.95,66091.95,7.77141
2026-06-03 17:37:00,66091.96,66120.0,66071.27,66119.99,4.39306
2026-06-03 17:38:00,66119.99,66134.16,66104.0,66116.06,7.04716
2026-06-03 17:39:00,66116.06,66189.8,66100.0,66172.0,10.52663
2026-06-03 17:40:00,66172.0,66184.76,66150.0,66174.98,8.53166
2026-06-03 17:41:00,66174.98,66174.98,66126.0,66149.99,24.19763
2026-06-03 17:42:00,66149.99,66173.68,66149.99,66160.69,3.99704
2026-06-03 17:43:00,66160.69,66160.69,66112.01,66112.01,7.30181
2026-06-03 17:44:00,66112.0,66127.7,66099.0,66109.39,45.54952
2026-06-03 17:45:00,66109.38,66114.0,66060.39,66060.4,12.78058
2026-06-03 17:46:00,66060.4,66060.4,66000.0,66000.01,14.26914
2026-06-03 17:47:00,66000.01,66068.0,66000.01,66051.1,6.42735
2026-06-03 17:48:00,66051.09,66058.0,66001.99,66002.0,10.85924
2026-06-03 17:49:00,66001.99,66001.99,65945.43,65954.28,10.75228
2026-06-03 17:50:00,65954.28,65981.31,65913.12,65936.0,7.71712
2026-06-03 17:51:00,65936.0,65940.0,65913.1,65918.0,6.43706
2026-06-03 17:52:00,65918.0,65920.0,65883.65,65918.01,12.80635
2026-06-03 17:53:00,65918.01,65918.01,65807.86,65820.51,19.55279
2026-06-03 17:54:00,65820.5,65894.0,65806.0,65894.0,9.99088
2026-06-03 17:55:00,65894.0,65909.63,65852.64,65852.65,8.39588
2026-06-03 17:56:00,65852.65,65906.0,65852.64,65888.0,10.98791
2026-06-03 17:57:00,65888.0,65970.12,65887.99,65928.01,14.09886
2026-06-03 17:58:00,65928.01,65992.0,65928.0,65992.0,4.81265
2026-06-03 17:59:00,65992.0,65992.0,65962.0,65964.08,10.44045
2026-06-03 18:00:00,65964.08,66020.36,65964.08,66018.0,14.45029
2026-06-03 18:01:00,66018.0,66074.4,66010.0,66074.4,7.68509
2026-06-03 18:02:00,66074.4,66090.0,66064.0,66090.0,5.13771
2026-06-03 18:03:00,66090.0,66092.0,66029.78,66088.03,10.32887
2026-06-03 18:04:00,66088.03,66088.03,66014.0,66014.01,9.23031
2026-06-03 18:05:00,66014.01,66048.0,66012.28,66012.28,7.43768
2026-06-03 18:06:00,66012.29,66056.0,65994.0,66020.0,8.0377
2026-06-03 18:07:00,66020.0,66044.0,66020.0,66043.99,5.20264
2026-06-03 18:08:00,66044.0,66044.0,66023.75,66023.76,3.43028
2026-06-03 18:09:00,66023.76,66068.01,66023.75,66054.24,6.85202
2026-06-03 18:10:00,66054.25,66054.25,65983.41,65992.04,5.77228
2026-06-03 18:11:00,65992.03,65992.04,65886.0,65893.99,18.84573
2026-06-03 18:12:00,65893.99,65894.0,65860.73,65865.0,7.25486
2026-06-03 18:13:00,65865.01,65930.0,65865.0,65918.15,5.27766
2026-06-03 18:14:00,65918.14,65990.0,65914.38,65972.81,7.2846
2026-06-03 18:15:00,65972.8,65972.8,65898.0,65910.01,7.28077
2026-06-03 18:16:00,65910.01,65910.01,65791.04,65810.0,16.6597
2026-06-03 18:17:00,65810.0,65815.21,65758.0,65776.01,33.58546
2026-06-03 18:18:00,65776.01,65786.0,65758.28,65770.0,5.07163
2026-06-03 18:19:00,65770.0,65816.0,65762.0,65813.84,8.69731
2026-06-03 18:20:00,65813.84,65813.84,65744.01,65806.0,42.19978
2026-06-03 18:21:00,65806.0,65840.0,65805.99,65840.0,4.7577
2026-06-03 18:22:00,65840.0,65840.0,65805.99,65806.0,3.23991
2026-06-03 18:23:00,65805.99,65816.0,65779.02,65808.01,7.59606
2026-06-03 18:24:00,65808.01,65904.0,65806.0,65902.01,8.45526
2026-06-03 18:25:00,65902.01,65902.01,65860.0,65860.0,4.06992
2026-06-03 18:26:00,65860.0,65888.0,65852.65,65871.99,13.13574
2026-06-03 18:27:00,65872.0,65924.0,65871.99,65904.0,6.68296
2026-06-03 18:28:00,65904.01,65904.01,65876.0,65876.0,3.14764
2026-06-03 18:29:00,65876.0,65900.0,65870.23,65899.99,5.85077
2026-06-03 18:30:00,65900.0,65944.0,65900.0,65926.0,7.247
2026-06-03 18:31:00,65926.01,65954.0,65876.0,65950.1,9.95739
2026-06-03 18:32:00,65950.1,65984.88,65950.1,65960.0,7.46319
2026-06-03 18:33:00,65960.0,65962.0,65922.0,65933.99,7.58698
2026-06-03 18:34:00,65934.0,65938.01,65858.0,65866.09,5.93291
2026-06-03 18:35:00,65866.09,65890.0,65834.0,65834.01,8.60162
2026-06-03 18:36:00,65834.0,65872.0,65784.07,65867.67,15.00344
2026-06-03 18:37:00,65867.68,65934.0,65867.68,65918.01,5.65873
2026-06-03 18:38:00,65918.01,65947.5,65908.0,65947.5,8.66795
2026-06-03 18:39:00,65947.5,65978.0,65947.49,65968.01,5.88675
2026-06-03 18:40:00,65968.01,66033.81,65968.0,66010.01,13.6843
2026-06-03 18:41:00,66010.01,66088.87,66010.01,66088.0,5.93521
2026-06-03 18:42:00,66088.0,66098.0,66074.0,66088.01,7.20545
2026-06-03 18:43:00,66088.01,66095.22,66042.45,66042.46,7.22572
2026-06-03 18:44:00,66042.46,66045.99,66042.45,66044.17,4.21284
2026-06-03 18:45:00,66044.16,66116.29,66044.16,66115.99,13.7833
2026-06-03 18:46:00,66115.99,66161.24,66087.81,66116.44,67.22715
2026-06-03 18:47:00,66116.44,66120.0,66076.01,66076.01,9.12093
2026-06-03 18:48:00,66076.0,66104.0,66064.0,66078.01,4.76305
2026-06-03 18:49:00,66078.0,66078.0,66034.0,66047.63,24.792
2026-06-03 18:50:00,66047.63,66094.0,66047.62,66076.0,5.51331
2026-06-03 18:51:00,66075.99,66102.0,66064.02,66090.01,4.70411
2026-06-03 18:52:00,66090.01,66090.01,66036.0,66061.99,4.59658
2026-06-03 18:53:00,66062.0,66062.0,66036.01,66045.99,2.19263
2026-06-03 18:54:00,66046.0,66085.34,66045.99,66070.01,5.59864
2026-06-03 18:55:00,66070.01,66096.0,66032.0,66094.01,8.99516
2026-06-03 18:56:00,66094.01,66125.77,66072.0,66072.0,10.02279
2026-06-03 18:57:00,66072.0,66072.01,66032.0,66041.99,7.34224
2026-06-03 18:58:00,66041.99,66072.88,66041.99,66050.01,9.07251
2026-06-03 18:59:00,66050.0,66050.0,66018.0,66036.57,9.94
2026-06-03 19:00:00,66036.56,66048.0,66025.65,66048.0,2.79623
2026-06-03 19:01:00,66048.0,66048.0,65980.92,66024.0,10.9483
2026-06-03 19:02:00,66024.0,66047.27,66018.0,66038.0,2.52807
2026-06-03 19:03:00,66038.01,66048.0,66007.99,66036.0,6.60568
2026-06-03 19:04:00,66036.0,66043.74,66000.0,66036.63,57.61815
2026-06-03 19:05:00,66036.64,66036.64,65984.87,65984.87,11.70188
2026-06-03 19:06:00,65984.87,66008.0,65982.0,66001.99,13.08336
2026-06-03 19:07:00,66001.99,66004.0,65980.92,65980.93,5.02822
2026-06-03 19:08:00,65980.93,65996.0,65952.02,65952.03,9.80649
2026-06-03 19:09:00,65952.02,65956.81,65904.45,65910.01,13.55821
2026-06-03 19:10:00,65910.01,65948.0,65902.0,65946.01,7.2132
2026-06-03 19:11:00,65946.01,65966.0,65916.93,65921.89,18.97542
2026-06-03 19:12:00,65921.88,65954.0,65908.0,65953.99,10.02204
2026-06-03 19:13:00,65953.99,65954.0,65924.0,65930.0,6.98874
2026-06-03 19:14:00,65930.0,65970.02,65925.67,65970.02,12.96228
2026-06-03 19:15:00,65970.02,65984.0,65916.55,65916.55,25.82633
2026-06-03 19:16:00,65916.54,65970.63,65916.01,65958.01,23.06657
2026-06-03 19:17:00,65958.01,66054.0,65958.0,66008.96,34.55472
2026-06-03 19:18:00,66008.97,66008.97,65964.0,65964.01,8.40594
2026-06-03 19:19:00,65964.01,65964.01,65899.99,65932.0,11.11863
2026-06-03 19:20:00,65932.0,65940.0,65910.0,65922.0,12.13566
2026-06-03 19:21:00,65922.01,65922.01,65780.0,65795.99,38.87982
2026-06-03 19:22:00,65795.99,65796.0,65698.0,65702.21,44.68991
2026-06-03 19:23:00,65702.21,65774.54,65702.21,65747.99,21.33351
2026-06-03 19:24:00,65748.0,65756.21,65742.1,65745.11,4.63063
2026-06-03 19:25:00,65745.1,65766.0,65728.0,65737.89,16.93674
2026-06-03 19:26:00,65737.89,65737.89,65646.02,65646.02,19.37049
2026-06-03 19:27:00,65646.01,65665.89,65621.13,65628.03,17.02378
2026-06-03 19:28:00,65628.03,65630.0,65600.0,65612.01,11.83939
2026-06-03 19:29:00,65612.01,65661.22,65600.0,65658.18,15.07806
2026-06-03 19:30:00,65658.01,65723.99,65658.0,65700.27,19.51392
2026-06-03 19:31:00,65700.26,65700.27,65636.0,65684.0,9.93282
2026-06-03 19:32:00,65684.0,65684.0,65636.0,65650.01,6.78986
2026-06-03 19:33:00,65650.0,65652.0,65624.89,65638.0,5.834
2026-06-03 19:34:00,65638.0,65741.76,65638.0,65722.78,11.98221
2026-06-03 19:35:00,65722.01,65723.99,65708.67,65722.0,4.35614
2026-06-03 19:36:00,65721.99,65722.0,65694.0,65697.41,4.99672
2026-06-03 19:37:00,65697.42,65795.3,65697.41,65795.3,8.11908
2026-06-03 19:38:00,65795.3,65816.0,65764.0,65764.01,14.46678
2026-06-03 19:39:00,65764.01,65777.23,65756.0,65768.01,6.8012
2026-06-03 19:40:00,65768.01,65778.0,65749.42,65766.0,6.6715
2026-06-03 19:41:00,65765.99,65820.0,65764.0,65819.99,6.26284
2026-06-03 19:42:00,65819.99,65819.99,65800.0,65814.72,7.49399
2026-06-03 19:43:00,65814.72,65825.1,65792.0,65800.01,18.92418
2026-06-03 19:44:00,65800.0,65800.0,65764.0,65764.01,4.84044
2026-06-03 19:45:00,65764.0,65812.0,65748.33,65797.99,12.32278
2026-06-03 19:46:00,65797.99,65818.3,65786.01,65786.02,2.50524
2026-06-03 19:47:00,65786.02,65847.99,65754.0,65754.01,21.96387
2026-06-03 19:48:00,65754.01,65774.0,65746.67,65746.68,8.61613
2026-06-03 19:49:00,65746.67,65760.0,65746.67,65746.9,5.40565
2026-06-03 19:50:00,65746.89,65746.89,65630.95,65633.35,35.82427
2026-06-03 19:51:00,65633.35,65664.0,65539.95,65574.01,49.15543
2026-06-03 19:52:00,65574.01,65578.72,65500.0,65505.99,44.31287
2026-06-03 19:53:00,65505.98,65508.0,65470.61,65486.23,50.84213
2026-06-03 19:54:00,65486.22,65486.23,65359.3,65359.31,107.2631
2026-06-03 19:55:00,65359.31,65359.31,65251.0,65303.99,142.22484
2026-06-03 19:56:00,65304.0,65438.4,65302.0,65370.0,35.58928
2026-06-03 19:57:00,65369.99,65398.0,65344.0,65397.99,13.45416
2026-06-03 19:58:00,65397.99,65446.0,65382.01,65439.12,15.86907
2026-06-03 19:59:00,65439.11,65487.86,65424.21,65462.0,21.64873
2026-06-03 20:00:00,65461.99,65462.18,65387.52,65388.59,14.62835
2026-06-03 20:01:00,65388.59,65420.0,65334.0,65337.84,27.95372
2026-06-03 20:02:00,65338.0,65344.16,65252.0,65274.72,32.04427
2026-06-03 20:03:00,65274.72,65364.0,65274.71,65333.36,12.18771
2026-06-03 20:04:00,65333.35,65344.38,65299.08,65319.58,13.48353
2026-06-03 20:05:00,65319.58,65362.01,65300.0,65312.02,17.26263
2026-06-03 20:06:00,65312.02,65368.24,65306.58,65368.24,19.491
2026-06-03 20:07:00,65368.24,65420.57,65350.01,65380.01,14.23629
2026-06-03 20:08:00,65380.01,65395.99,65338.0,65395.99,47.18349
2026-06-03 20:09:00,65396.0,65412.68,65374.0,65389.99,7.73442
2026-06-03 20:10:00,65390.0,65496.0,65389.99,65496.0,10.63699
2026-06-03 20:11:00,65495.99,65515.78,65470.93,65513.99,11.90425
2026-06-03 20:12:00,65513.99,65576.44,65513.99,65575.01,8.2321
2026-06-03 20:13:00,65575.0,65614.74,65575.0,65582.19,11.21166
2026-06-03 20:14:00,65582.19,65598.0,65558.0,65580.01,16.95594
2026-06-03 20:15:00,65580.0,65580.0,65400.0,65404.63,64.40652
2026-06-03 20:16:00,65404.62,65438.0,65348.93,65365.14,12.58994
2026-06-03 20:17:00,65365.13,65370.0,65311.67,65314.0,11.53365
2026-06-03 20:18:00,65313.99,65366.0,65283.69,65310.01,18.26909
2026-06-03 20:19:00,65310.01,65352.64,65304.0,65340.84,13.10293
2026-06-03 20:20:00,65340.85,65430.0,65340.01,65430.0,8.04179
2026-06-03 20:21:00,65430.0,65500.0,65428.94,65492.0,9.98847
2026-06-03 20:22:00,65492.0,65498.01,65478.3,65478.3,5.67679
2026-06-03 20:23:00,65478.3,65486.0,65462.78,65484.0,2.42813
2026-06-03 20:24:00,65484.0,65488.0,65480.0,65487.36,6.27448
2026-06-03 20:25:00,65487.36,65550.0,65487.35,65514.0,6.2932
2026-06-03 20:26:00,65514.0,65584.0,65513.99,65580.01,4.15828
2026-06-03 20:27:00,65580.01,65594.0,65574.61,65591.56,2.10614
2026-06-03 20:28:00,65591.55,65591.55,65510.0,65515.99,6.45258
2026-06-03 20:29:00,65515.99,65554.0,65515.99,65548.01,4.03486
2026-06-03 20:30:00,65548.01,65566.0,65534.0,65556.77,10.00742
2026-06-03 20:31:00,65556.77,65562.0,65501.76,65501.76,6.06943
2026-06-03 20:32:00,65501.77,65551.99,65460.75,65460.76,10.69842
2026-06-03 20:33:00,65460.75,65460.76,65411.4,65444.01,10.78865
2026-06-03 20:34:00,65444.0,65486.0,65440.0,65486.0,5.1382
2026-06-03 20:35:00,65486.0,65494.0,65418.0,65444.0,9.39496
2026-06-03 20:36:00,65443.99,65498.0,65443.99,65452.01,5.07869
2026-06-03 20:37:00,65452.0,65462.0,65378.0,65383.99,8.96918
2026-06-03 20:38:00,65383.98,65388.0,65320.0,65325.99,9.15639
2026-06-03 20:39:00,65325.99,65366.0,65325.99,65334.0,10.71711
2026-06-03 20:40:00,65333.99,65335.0,65287.98,65321.84,20.39856
2026-06-03 20:41:00,65321.84,65334.99,65298.0,65311.99,6.18459
2026-06-03 20:42:00,65311.99,65363.99,65311.99,65322.0,13.86535
2026-06-03 20:43:00,65322.01,65322.01,65211.11,65218.92,38.98095
2026-06-03 20:44:00,65218.93,65242.52,65179.99,65190.63,80.89695
2026-06-03 20:45:00,65190.63,65233.83,65134.64,65137.65,35.86834
2026-06-03 20:46:00,65137.65,65202.08,65099.31,65195.14,71.48034
2026-06-03 20:47:00,65195.14,65195.15,65096.02,65100.01,19.62791
2026-06-03 20:48:00,65100.0,65106.0,65065.31,65085.99,36.96221
2026-06-03 20:49:00,65085.99,65132.86,65082.23,65112.01,13.26045
2026-06-03 20:50:00,65112.01,65112.01,65060.03,65068.31,16.154
2026-06-03 20:51:00,65068.32,65137.5,65068.31,65128.0,29.06571
2026-06-03 20:52:00,65127.99,65193.8,65122.0,65179.96,16.72844
2026-06-03 20:53:00,65179.96,65198.0,65077.5,65077.5,23.07627
2026-06-03 20:54:00,65077.5,65089.32,65039.0,65045.59,82.72853
2026-06-03 20:55:00,65045.58,65045.58,64766.0,64919.47,732.67373
2026-06-03 20:56:00,64921.92,65010.0,64806.04,64849.21,53.4297
2026-06-03 20:57:00,64849.2,64943.94,64840.49,64905.56,27.50297
2026-06-03 20:58:00,64905.34,64967.12,64888.88,64942.79,18.37182
2026-06-03 20:59:00,64942.79,65011.54,64942.79,65007.27,28.27254
2026-06-03 21:00:00,65007.27,65025.0,64960.87,64971.03,22.84149
2026-06-03 21:01:00,64971.03,65015.99,64967.62,65001.28,5.21017
2026-06-03 21:02:00,65001.29,65267.42,65001.29,65236.83,54.07008
2026-06-03 21:03:00,65236.84,65383.72,65220.97,65383.72,28.19837
2026-06-03 21:04:00,65383.72,65408.98,65277.13,65277.15,25.42757
2026-06-03 21:05:00,65277.15,65470.0,65277.15,65466.39,19.6989
2026-06-03 21:06:00,65466.38,65466.38,65352.61,65412.55,20.20834
2026-06-03 21:07:00,65412.55,65564.0,65412.54,65516.01,24.76293
2026-06-03 21:08:00,65516.0,65579.58,65495.0,65559.99,11.11394
2026-06-03 21:09:00,65559.99,65568.51,65528.0,65528.01,6.06809
2026-06-03 21:10:00,65528.0,65528.0,65332.0,65332.0,23.03403
2026-06-03 21:11:00,65332.01,65378.69,65332.01,65355.99,11.23835
2026-06-03 21:12:00,65355.99,65505.98,65350.0,65505.98,11.93803
2026-06-03 21:13:00,65505.98,65505.98,65421.5,65454.01,21.57579
2026-06-03 21:14:00,65454.01,65454.01,65413.38,65413.39,4.26361
2026-06-03 21:15:00,65413.38,65500.16,65401.38,65500.16,7.26924
2026-06-03 21:16:00,65500.15,65500.15,65464.7,65480.0,10.27069
2026-06-03 21:17:00,65480.0,65523.66,65477.27,65500.01,5.8546
2026-06-03 21:18:00,65500.01,65569.81,65500.01,65546.0,9.41334
2026-06-03 21:19:00,65546.0,65554.23,65528.0,65536.0,2.74511
2026-06-03 21:20:00,65536.0,65536.0,65460.61,65491.82,7.74869
2026-06-03 21:21:00,65491.82,65530.0,65491.82,65526.21,8.1116
2026-06-03 21:22:00,65526.21,65586.0,65525.3,65568.0,10.55954
2026-06-03 21:23:00,65568.01,65577.99,65514.11,65519.98,10.32735
2026-06-03 21:24:00,65519.99,65530.01,65516.01,65526.71,7.47295
2026-06-03 21:25:00,65526.71,65577.98,65483.32,65483.32,14.82812
2026-06-03 21:26:00,65483.32,65578.0,65472.01,65564.48,41.43022
2026-06-03 21:27:00,65564.48,65592.11,65547.67,65550.0,8.16081
2026-06-03 21:28:00,65550.0,65550.0,65533.55,65536.99,4.14007
2026-06-03 21:29:00,65537.0,65537.0,65522.01,65522.01,3.88997
2026-06-03 21:30:00,65522.0,65596.48,65492.24,65589.99,15.14388
2026-06-03 21:31:00,65589.99,65598.0,65570.0,65590.0,8.31181
2026-06-03 21:32:00,65589.99,65640.45,65589.99,65623.63,12.16106
2026-06-03 21:33:00,65623.63,65644.25,65532.0,65579.1,45.06945
2026-06-03 21:34:00,65579.1,65612.0,65578.01,65592.38,4.83429
2026-06-03 21:35:00,65592.39,65690.4,65592.38,65690.39,72.89528
2026-06-03 21:36:00,65690.39,65720.01,65610.9,65665.81,61.2899
2026-06-03 21:37:00,65665.8,65680.58,65562.0,65581.33,40.04457
2026-06-03 21:38:00,65581.32,65581.33,65404.0,65404.01,26.92841
2026-06-03 21:39:00,65404.01,65510.01,65400.0,65462.09,34.84558
2026-06-03 21:40:00,65462.08,65466.05,65350.0,65350.0,17.04206
2026-06-03 21:41:00,65350.0,65360.0,65300.0,65317.76,16.18036
2026-06-03 21:42:00,65317.75,65422.01,65307.03,65418.07,18.0444
2026-06-03 21:43:00,65418.07,65585.95,65414.13,65583.99,25.02834
2026-06-03 21:44:00,65583.99,65583.99,65472.31,65518.0,15.09114
2026-06-03 21:45:00,65517.99,65528.0,65500.01,65527.99,5.02985
2026-06-03 21:46:00,65528.0,65572.15,65480.0,65548.72,13.75272
2026-06-03 21:47:00,65548.72,65628.11,65544.0,65606.01,9.133
2026-06-03 21:48:00,65606.0,65814.0,65600.0,65741.47,95.58998
2026-06-03 21:49:00,65741.47,65860.0,65728.02,65774.78,44.38723
2026-06-03 21:50:00,65774.77,65774.77,65664.28,65667.3,33.28416
2026-06-03 21:51:00,65667.3,65732.0,65667.29,65708.68,31.4986
2026-06-03 21:52:00,65708.69,65718.0,65631.81,65654.01,13.75947
2026-06-03 21:53:00,65654.01,65659.28,65541.69,65558.61,49.06951
2026-06-03 21:54:00,65558.61,65698.0,65558.6,65672.0,10.23078
2026-06-03 21:55:00,65671.99,65737.61,65658.0,65734.01,8.90685
2026-06-03 21:56:00,65734.01,65734.01,65616.0,65685.69,8.50315
2026-06-03 21:57:00,65685.68,65799.94,65681.28,65761.73,56.8658
2026-06-03 21:58:00,65761.72,65771.91,65688.13,65771.91,8.53597
2026-06-03 21:59:00,65771.92,65795.52,65744.0,65768.88,10.77423
2026-06-03 22:00:00,65768.89,65788.62,65664.19,65728.0,18.42371
2026-06-03 22:01:00,65727.99,65781.81,65704.0,65747.99,36.55653
2026-06-03 22:02:00,65748.0,65841.23,65747.99,65772.32,14.95519
2026-06-03 22:03:00,65772.32,65772.32,65555.53,65597.88,39.61973
2026-06-03 22:04:00,65597.88,65666.0,65524.96,65543.71,15.44822
2026-06-03 22:05:00,65543.72,65639.7,65520.0,65639.69,12.34655
2026-06-03 22:06:00,65639.69,65652.0,65554.0,65584.01,17.44004
2026-06-03 22:07:00,65584.0,65592.0,65472.0,65472.01,15.1986
2026-06-03 22:08:00,65472.0,65562.0,65460.99,65532.01,9.98616
2026-06-03 22:09:00,65532.01,65589.99,65510.01,65562.01,13.26259
2026-06-03 22:10:00,65562.01,65565.57,65472.62,65472.63,11.98127
2026-06-03 22:11:00,65472.62,65522.76,65431.78,65436.67,15.54435
2026-06-03 22:12:00,65436.67,65446.0,65320.64,65360.01,28.99637
2026-06-03 22:13:00,65360.01,65398.0,65322.01,65365.86,24.54508
2026-06-03 22:14:00,65365.85,65366.0,65300.0,65328.0,14.03739
2026-06-03 22:15:00,65328.0,65328.0,65126.0,65142.0,36.59764
2026-06-03 22:16:00,65141.99,65218.0,65104.0,65208.01,16.43763
2026-06-03 22:17:00,65208.0,65242.0,65158.0,65233.99,10.58318
2026-06-03 22:18:00,65234.0,65308.0,65223.69,65254.21,7.37022
2026-06-03 22:19:00,65254.22,65276.28,65224.0,65275.05,16.2406
2026-06-03 22:20:00,65275.05,65289.01,65215.5,65222.0,14.96785
2026-06-03 22:21:00,65222.0,65222.0,65000.0,65080.34,37.5339
2026-06-03 22:22:00,65080.34,65094.0,65010.0,65072.0,12.10382
2026-06-03 22:23:00,65072.01,65188.98,65054.01,65166.43,10.63668
2026-06-03 22:24:00,65166.43,65264.57,65166.43,65234.01,10.77498
2026-06-03 22:25:00,65234.01,65278.0,65208.0,65220.01,7.49884
2026-06-03 22:26:00,65220.01,65220.01,65124.0,65161.99,12.50981
2026-06-03 22:27:00,65162.0,65202.0,65146.0,65146.56,9.3371
2026-06-03 22:28:00,65146.56,65160.0,65112.0,65158.0,14.33007
2026-06-03 22:29:00,65158.0,65174.0,65116.0,65168.01,8.94858
2026-06-03 22:30:00,65168.0,65172.93,65122.0,65142.0,15.39729
2026-06-03 22:31:00,65142.0,65192.0,65138.01,65192.0,8.458
2026-06-03 22:32:00,65191.99,65257.33,65191.99,65216.0,13.16214
2026-06-03 22:33:00,65216.0,65248.0,65180.0,65180.0,11.65619
2026-06-03 22:34:00,65180.01,65238.0,65164.0,65220.0,7.03808
2026-06-03 22:35:00,65220.0,65254.0,65218.0,65232.0,6.63282
2026-06-03 22:36:00,65231.99,65231.99,65140.38,65140.38,11.18522
2026-06-03 22:37:00,65140.38,65140.39,64938.35,64962.23,57.85521
2026-06-03 22:38:00,64962.24,65058.0,64962.24,65020.0,10.87594
2026-06-03 22:39:00,65019.99,65028.79,64996.01,65020.48,11.21646
2026-06-03 22:40:00,65020.48,65114.0,65020.0,65109.99,8.83904
2026-06-03 22:41:00,65109.99,65156.0,65099.42,65140.04,13.20964
2026-06-03 22:42:00,65140.04,65140.04,65030.0,65038.0,12.12686
2026-06-03 22:43:00,65038.0,65053.99,65006.0,65046.23,12.73553
2026-06-03 22:44:00,65046.23,65066.0,65038.0,65065.99,6.74538
2026-06-03 22:45:00,65065.99,65094.0,65054.0,65086.53,3.62895
2026-06-03 22:46:00,65086.52,65086.52,64997.25,65007.78,14.30159
2026-06-03 22:47:00,65007.77,65007.77,64857.35,64890.0,25.96573
2026-06-03 22:48:00,64890.0,65004.0,64814.0,64971.99,28.52544
2026-06-03 22:49:00,64971.99,65047.5,64924.01,64928.69,11.8508
2026-06-03 22:50:00,64928.68,65017.99,64918.0,64930.0,22.76393
2026-06-03 22:51:00,64930.01,65016.0,64909.58,64996.01,14.49118
2026-06-03 22:52:00,64996.01,65009.21,64970.0,64978.0,8.48652
2026-06-03 22:53:00,64978.0,64978.0,64834.69,64867.51,16.72284
2026-06-03 22:54:00,64867.51,64877.99,64819.75,64828.01,15.20221
2026-06-03 22:55:00,64828.01,64856.0,64778.15,64796.0,20.16021
2026-06-03 22:56:00,64796.0,64960.43,64795.99,64958.01,15.46376
2026-06-03 22:57:00,64958.01,65027.68,64909.49,64911.29,15.28424
2026-06-03 22:58:00,64911.29,64918.12,64870.01,64906.79,14.71616
2026-06-03 22:59:00,64906.8,64912.98,64846.0,64912.98,25.61052
2026-06-03 23:00:00,64912.97,64979.99,64902.01,64949.06,18.5186
2026-06-03 23:01:00,64949.06,64973.99,64862.0,64862.01,17.98225
2026-06-03 23:02:00,64862.0,64862.0,64652.89,64672.01,118.26892
2026-06-03 23:03:00,64672.0,64686.0,64500.0,64663.19,197.71797
2026-06-03 23:04:00,64663.2,64753.92,64584.0,64650.0,44.11308
2026-06-03 23:05:00,64650.0,64736.0,64650.0,64731.99,29.36787
2026-06-03 23:06:00,64732.0,64764.0,64649.21,64657.99,15.30231
2026-06-03 23:07:00,64658.0,64686.51,64500.0,64530.0,36.36497
2026-06-03 23:08:00,64530.01,64553.99,64459.14,64502.43,101.78331
2026-06-03 23:09:00,64502.43,64557.0,64468.35,64482.42,60.54254
2026-06-03 23:10:00,64482.42,64544.0,64409.0,64428.43,37.90807
2026-06-03 23:11:00,64428.44,64595.07,64428.44,64592.48,53.7356
2026-06-03 23:12:00,64592.49,64672.76,64577.95,64633.42,29.57315
2026-06-03 23:13:00,64633.42,64734.81,64619.97,64729.32,21.90161
2026-06-03 23:14:00,64729.31,64729.31,64604.62,64604.63,19.30308
2026-06-03 23:15:00,64604.62,64604.63,64524.72,64604.62,15.67003
2026-06-03 23:16:00,64604.61,64650.46,64460.0,64503.95,30.04602
2026-06-03 23:17:00,64503.94,64555.68,64491.51,64518.62,11.33086
2026-06-03 23:18:00,64518.62,64532.48,64380.0,64498.91,35.43393
2026-06-03 23:19:00,64498.91,64532.51,64493.05,64503.12,18.71153
2026-06-03 23:20:00,64503.13,64546.75,64491.11,64491.12,9.41011
2026-06-03 23:21:00,64491.12,64542.6,64480.35,64542.6,6.14794
2026-06-03 23:22:00,64542.59,64555.49,64465.13,64492.01,17.15389
2026-06-03 23:23:00,64492.0,64508.03,64400.0,64400.01,19.26821
2026-06-03 23:24:00,64400.0,64412.77,64362.79,64382.26,30.52196
2026-06-03 23:25:00,64382.27,64534.2,64382.27,64524.44,9.9299
2026-06-03 23:26:00,64524.44,64530.78,64423.39,64479.55,22.46093
2026-06-03 23:27:00,64479.56,64480.2,64415.71,64424.64,7.74381
2026-06-03 23:28:00,64424.64,64498.14,64424.64,64498.14,9.02179
2026-06-03 23:29:00,64498.13,64530.14,64486.88,64505.4,13.54722
2026-06-03 23:30:00,64505.4,64620.0,64497.43,64619.99,14.96562
2026-06-03 23:31:00,64619.99,64633.5,64537.42,64611.25,15.82056
2026-06-03 23:32:00,64611.25,64623.33,64589.46,64594.7,8.49649
2026-06-03 23:33:00,64594.71,64595.84,64451.29,64461.82,18.39904
2026-06-03 23:34:00,64461.82,64544.41,64450.0,64528.74,11.79849
2026-06-03 23:35:00,64528.74,64565.08,64500.0,64510.43,14.81418
2026-06-03 23:36:00,64510.44,64521.38,64380.55,64383.64,124.10522
2026-06-03 23:37:00,64383.63,64431.12,64333.0,64360.81,31.11091
2026-06-03 23:38:00,64360.81,64360.81,64276.62,64310.41,60.33543
2026-06-03 23:39:00,64310.4,64327.5,64286.64,64312.51,16.71295
2026-06-03 23:40:00,64313.04,64391.05,64313.04,64327.2,19.9643
2026-06-03 23:41:00,64327.2,64354.92,64285.16,64347.35,16.0509
2026-06-03 23:42:00,64347.36,64347.36,64252.51,64303.68,40.09686
2026-06-03 23:43:00,64303.68,64332.37,64265.26,64294.79,8.11785
2026-06-03 23:44:00,64294.79,64296.93,64252.9,64260.0,22.76958
2026-06-03 23:45:00,64260.0,64305.9,64260.0,64305.89,14.68331
2026-06-03 23:46:00,64305.89,64305.9,64274.19,64290.06,13.7747
2026-06-03 23:47:00,64290.06,64346.54,64287.99,64324.42,13.69604
2026-06-03 23:48:00,64324.42,64345.41,64203.28,64220.06,51.25304
2026-06-03 23:49:00,64220.06,64331.81,64220.06,64296.11,21.28003
2026-06-03 23:50:00,64296.1,64317.66,64252.02,64272.27,15.75389
2026-06-03 23:51:00,64272.28,64272.28,64188.0,64188.02,35.67265
2026-06-03 23:52:00,64188.03,64219.24,64173.68,64173.92,11.21194
2026-06-03 23:53:00,64173.92,64224.23,64158.0,64182.91,19.62455
2026-06-03 23:54:00,64182.9,64182.9,64092.49,64094.0,53.23446
2026-06-03 23:55:00,64094.0,64140.68,64092.5,64136.0,26.90854
2026-06-03 23:56:00,64135.99,64184.95,64105.36,64136.97,18.95895
2026-06-03 23:57:00,64136.96,64164.18,64100.0,64102.12,13.73465
2026-06-03 23:58:00,64102.12,64124.11,64100.0,64109.29,17.361
2026-06-03 23:59:00,64109.3,64142.76,64106.24,64142.75,10.74324
2026-06-04 00:00:00,64142.75,64414.0,64127.5,64357.44,77.75358
2026-06-04 00:01:00,64357.45,64361.28,64272.22,64352.97,21.78955
2026-06-04 00:02:00,64352.97,64428.0,64352.97,64395.24,31.84874
2026-06-04 00:03:00,64395.24,64414.0,64305.9,64305.9,15.05438
2026-06-04 00:04:00,64305.91,64374.0,64287.7,64351.15,21.35866
2026-06-04 00:05:00,64351.14,64396.0,64280.0,64295.43,68.04257
2026-06-04 00:06:00,64295.42,64295.43,64163.66,64239.84,20.38105
2026-06-04 00:07:00,64240.0,64318.0,64222.5,64230.14,17.33141
2026-06-04 00:08:00,64230.15,64306.0,64197.31,64287.22,7.6875
2026-06-04 00:09:00,64287.21,64358.0,64281.39,64327.99,16.36044
2026-06-04 00:10:00,64327.99,64327.99,64246.56,64326.02,12.57975
2026-06-04 00:11:00,64326.03,64374.0,64293.87,64374.0,7.84505
2026-06-04 00:12:00,64374.0,64385.99,64323.84,64328.04,28.84153
2026-06-04 00:13:00,64328.04,64337.74,64278.55,64325.09,14.23248
2026-06-04 00:14:00,64325.09,64341.94,64316.52,64316.53,4.13734
2026-06-04 00:15:00,64316.53,64387.44,64308.75,64332.01,15.54176
2026-06-04 00:16:00,64332.0,64332.0,64208.25,64220.7,18.85019
2026-06-04 00:17:00,64220.69,64334.0,64211.48,64320.36,13.68987
2026-06-04 00:18:00,64320.37,64364.0,64305.0,64355.99,10.38323
2026-06-04 00:19:00,64356.0,64356.0,64250.0,64270.0,13.37631
2026-06-04 00:20:00,64270.0,64346.0,64256.44,64314.74,13.19594
2026-06-04 00:21:00,64314.74,64328.57,64279.01,64327.19,14.95753
2026-06-04 00:22:00,64327.19,64328.78,64180.0,64184.34,28.77295
2026-06-04 00:23:00,64184.34,64208.0,64110.0,64120.84,23.97987
2026-06-04 00:24:00,64120.85,64127.41,63985.0,64016.0,268.31657
2026-06-04 00:25:00,64016.0,64036.91,63881.94,63888.96,143.66773
2026-06-04 00:26:00,63888.96,63899.05,63650.02,63650.02,355.80679
2026-06-04 00:27:00,63650.02,63839.99,63630.0,63735.24,86.49143
2026-06-04 00:28:00,63735.24,63743.26,63682.69,63695.32,61.1869
2026-06-04 00:29:00,63695.31,63695.31,63358.01,63358.01,276.32883
2026-06-04 00:30:00,63358.01,63568.23,63324.13,63568.23,215.30647
2026-06-04 00:31:00,63569.97,63768.0,63569.96,63711.55,75.65357
2026-06-04 00:32:00,63711.55,63711.55,63573.99,63613.02,32.60408
2026-06-04 00:33:00,63613.02,63652.75,63565.0,63627.63,77.54783
2026-06-04 00:34:00,63627.63,63724.0,63616.51,63719.04,24.30943
2026-06-04 00:35:00,63719.03,63815.74,63707.43,63728.69,40.1572
2026-06-04 00:36:00,63728.69,63740.0,63600.0,63600.01,34.60734
2026-06-04 00:37:00,63600.01,63600.01,63338.51,63357.34,108.7795
2026-06-04 00:38:00,63357.34,63382.4,63138.99,63235.08,199.74688
2026-06-04 00:39:00,63235.08,63257.31,63070.0,63127.29,109.03312
2026-06-04 00:40:00,63127.28,63292.52,63127.1,63226.75,52.20597
2026-06-04 00:41:00,63226.75,63294.92,63161.85,63230.44,56.16683
2026-06-04 00:42:00,63230.44,63344.16,63230.44,63344.16,29.20914
2026-06-04 00:43:00,63344.16,63484.0,63339.18,63454.64,73.6466
2026-06-04 00:44:00,63454.64,63654.57,63454.63,63595.33,50.73454
2026-06-04 00:45:00,63595.34,63601.41,63367.0,63385.38,60.93304
2026-06-04 00:46:00,63385.39,63424.7,63237.34,63237.34,34.85047
2026-06-04 00:47:00,63237.35,63386.0,63218.0,63315.37,19.55999
2026-06-04 00:48:00,63315.37,63315.37,63198.01,63239.35,27.21173
2026-06-04 00:49:00,63239.35,63300.0,63225.99,63252.01,18.83945
2026-06-04 00:50:00,63252.01,63330.0,63252.0,63295.69,12.83468
2026-06-04 00:51:00,63295.7,63370.0,63234.73,63335.99,30.59805
2026-06-04 00:52:00,63335.99,63358.0,63238.0,63238.01,36.44443
2026-06-04 00:53:00,63238.01,63238.01,63056.0,63067.19,51.80202
2026-06-04 00:54:00,63067.2,63285.99,63000.0,63178.07,160.58021
2026-06-04 00:55:00,63178.08,63250.0,63158.0,63204.95,34.15089
2026-06-04 00:56:00,63203.67,63232.66,63094.07,63126.6,41.30258
2026-06-04 00:57:00,63127.68,63182.0,63068.0,63133.99,31.08815
2026-06-04 00:58:00,63134.0,63226.65,63134.0,63226.64,29.93567
2026-06-04 00:59:00,63226.64,63350.0,63220.8,63344.97,33.16698
2026-06-04 01:00:00,63344.98,63364.0,63214.0,63364.0,31.66502
2026-06-04 01:01:00,63364.0,63500.0,63364.0,63396.71,34.06939
2026-06-04 01:02:00,63397.81,63456.0,63338.13,63433.0,50.95148
2026-06-04 01:03:00,63433.01,63485.48,63400.0,63433.4,35.50892
2026-06-04 01:04:00,63433.39,63433.39,63315.3,63387.18,19.52169
2026-06-04 01:05:00,63387.18,63431.8,63350.0,63427.53,21.11029
2026-06-04 01:06:00,63427.53,63478.0,63406.0,63470.0,22.02156
2026-06-04 01:07:00,63470.0,63471.98,63357.99,63406.0,24.15755
2026-06-04 01:08:00,63406.0,63406.01,63306.09,63326.46,21.83583
2026-06-04 01:09:00,63326.47,63326.47,63166.0,63316.0,49.86306
2026-06-04 01:10:00,63316.0,63366.0,63212.77,63286.0,67.15611
2026-06-04 01:11:00,63286.0,63310.0,63180.0,63228.66,28.43655
2026-06-04 01:12:00,63228.66,63250.0,63130.0,63181.53,130.13868
2026-06-04 01:13:00,63181.52,63247.99,63148.15,63176.0,20.01782
2026-06-04 01:14:00,63175.99,63207.02,63100.01,63124.0,110.82813
2026-06-04 01:15:00,63124.0,63134.0,63039.79,63060.49,115.82753
2026-06-04 01:16:00,63060.48,63092.0,62875.0,62941.75,498.92385
2026-06-04 01:17:00,62941.75,63002.99,62892.61,62934.81,90.63773
2026-06-04 01:18:00,62934.8,63086.11,62914.76,62928.07,116.50389
2026-06-04 01:19:00,62928.06,62928.06,62800.63,62885.64,103.51306
2026-06-04 01:20:00,62885.63,63018.33,62872.3,62912.29,46.74897
2026-06-04 01:21:00,62912.28,62912.28,62753.49,62812.64,225.00316
2026-06-04 01:22:00,62812.64,62861.41,62658.0,62660.02,147.08879
2026-06-04 01:23:00,62660.01,62771.62,62569.0,62754.49,194.16676
2026-06-04 01:24:00,62754.48,62814.82,62600.0,62608.72,48.68862
2026-06-04 01:25:00,62608.72,62823.6,62603.28,62775.78,47.25961
2026-06-04 01:26:00,62775.79,62943.6,62775.79,62867.11,48.51335
2026-06-04 01:27:00,62867.1,62867.1,62700.0,62700.82,34.31045
2026-06-04 01:28:00,62700.82,62762.58,62660.0,62694.21,34.53192
2026-06-04 01:29:00,62694.21,62771.97,62609.65,62699.99,69.5806
2026-06-04 01:30:00,62700.0,62803.26,62697.37,62793.04,44.47544
2026-06-04 01:31:00,62793.04,62891.1,62765.13,62882.37,44.53192
2026-06-04 01:32:00,62882.38,62960.44,62882.38,62916.99,135.43701
2026-06-04 01:33:00,62916.98,62928.86,62850.0,62893.41,37.33671
2026-06-04 01:34:00,62893.42,62909.62,62833.73,62905.21,26.13284
2026-06-04 01:35:00,62905.22,63161.43,62905.21,63068.3,53.67261
2026-06-04 01:36:00,63068.31,63087.54,62928.98,62953.83,36.99412
2026-06-04 01:37:00,62953.84,63015.2,62825.4,62831.28,29.28267
2026-06-04 01:38:00,62831.29,62881.65,62750.07,62876.85,54.41954
2026-06-04 01:39:00,62876.84,62876.84,62795.36,62800.0,21.14455
2026-06-04 01:40:00,62800.01,62875.42,62790.78,62875.42,21.78112
2026-06-04 01:41:00,62875.41,62967.6,62865.77,62865.78,18.30863
2026-06-04 01:42:00,62865.77,62922.35,62853.23,62911.99,14.32756
2026-06-04 01:43:00,62912.0,62915.0,62863.19,62867.63,19.34806
2026-06-04 01:44:00,62867.64,62871.41,62803.03,62825.0,27.61611
2026-06-04 01:45:00,62825.0,62873.78,62755.54,62757.57,22.18625
2026-06-04 01:46:00,62757.57,62768.89,62641.71,62645.08,47.06575
2026-06-04 01:47:00,62645.08,62696.0,62643.95,62683.99,38.43783
2026-06-04 01:48:00,62683.99,62696.0,62611.67,62611.67,38.15519
2026-06-04 01:49:00,62611.67,62636.0,62500.0,62508.75,189.12587
2026-06-04 01:50:00,62508.75,62587.78,62420.0,62434.69,405.14309
2026-06-04 01:51:00,62436.0,62466.01,62285.05,62327.79,195.36504
2026-06-04 01:52:00,62327.79,62446.24,62294.87,62317.48,108.37255
2026-06-04 01:53:00,62317.48,62397.3,62242.96,62297.95,86.94655
2026-06-04 01:54:00,62297.95,62368.35,62238.0,62247.34,65.25268
2026-06-04 01:55:00,62247.34,62284.0,62151.99,62177.16,233.1471
2026-06-04 01:56:00,62177.16,62217.51,62143.0,62152.08,105.35488
2026-06-04 01:57:00,62152.01,62338.25,62152.0,62247.61,45.3783
2026-06-04 01:58:00,62247.61,62271.6,62100.01,62105.79,63.90302
2026-06-04 01:59:00,62105.79,62259.59,62105.79,62178.1,41.81794
2026-06-04 02:00:00,62178.1,62233.09,62111.11,62118.23,87.44503
2026-06-04 02:01:00,62118.23,62118.23,61903.26,61927.12,548.33619
2026-06-04 02:02:00,61927.12,61928.47,61751.59,61770.15,269.29504
2026-06-04 02:03:00,61770.15,61770.15,61530.4,61606.23,301.49331
2026-06-04 02:04:00,61606.24,61685.6,61383.56,61466.67,192.75552
2026-06-04 02:05:00,61466.68,62029.12,61461.75,61912.09,248.02754
2026-06-04 02:06:00,61912.09,62188.91,61912.09,62146.57,151.37096
2026-06-04 02:07:00,62146.58,62392.94,62146.58,62387.51,351.486
2026-06-04 02:08:00,62387.5,62444.82,62197.64,62200.33,174.77255
2026-06-04 02:09:00,62210.39,62252.84,62008.01,62022.25,160.74318
2026-06-04 02:10:00,62022.25,62183.95,61971.83,62082.76,131.5866
2026-06-04 02:11:00,62082.76,62300.0,62082.75,62254.22,164.62565
2026-06-04 02:12:00,62254.21,62406.26,62191.67,62337.0,50.12513
2026-06-04 02:13:00,62337.01,62478.42,62321.31,62435.92,90.07304
2026-06-04 02:14:00,62435.92,62491.24,62399.0,62402.13,71.02424
2026-06-04 02:15:00,62402.14,62411.51,62150.0,62219.99,243.42617
2026-06-04 02:16:00,62219.98,62428.91,62215.08,62422.08,52.47371
2026-06-04 02:17:00,62422.09,62606.62,62400.0,62458.96,73.0175
2026-06-04 02:18:00,62458.96,62534.57,62401.82,62494.8,78.93169
2026-06-04 02:19:00,62494.79,62537.63,62422.04,62521.42,48.08221
2026-06-04 02:20:00,62521.42,62708.76,62502.76,62692.42,62.27996
2026-06-04 02:21:00,62692.42,62692.42,62591.05,62657.51,90.35708
2026-06-04 02:22:00,62657.51,62806.04,62591.05,62767.22,94.96341
2026-06-04 02:23:00,62767.23,62853.69,62731.2,62810.72,74.95303
2026-06-04 02:24:00,62810.72,63049.59,62810.72,63026.88,110.76925
2026-06-04 02:25:00,63026.88,63026.88,62816.9,62868.0,92.04539
2026-06-04 02:26:00,62868.0,63093.43,62856.31,63072.49,41.19872
2026-06-04 02:27:00,63072.49,63100.0,62963.18,63037.39,69.41118
2026-06-04 02:28:00,63037.38,63037.38,62916.0,62916.01,40.98082
2026-06-04 02:29:00,62916.0,63058.26,62900.0,62997.98,82.2852
2026-06-04 02:30:00,62997.97,63091.81,62901.0,63055.72,102.12163
2026-06-04 02:31:00,63055.72,63223.81,63041.87,63144.81,66.041
2026-06-04 02:32:00,63144.81,63236.33,63117.31,63223.64,50.06523
2026-06-04 02:33:00,63223.65,63447.59,63184.06,63354.33,110.67864
2026-06-04 02:34:00,63354.32,63376.0,63276.61,63276.61,157.01554
2026-06-04 02:35:00,63276.61,63276.61,63101.02,63101.05,63.69751
2026-06-04 02:36:00,63101.04,63166.13,63040.51,63123.96,75.03045
2026-06-04 02:37:00,63123.96,63252.49,63118.67,63216.1,152.42369
2026-06-04 02:38:00,63216.11,63270.1,63158.98,63264.42,31.22834
2026-06-04 02:39:00,63264.42,63352.52,63257.27,63347.43,29.20732
2026-06-04 02:40:00,63347.42,63367.21,63291.56,63315.85,66.98491
2026-06-04 02:41:00,63315.86,63369.05,63250.12,63369.05,28.39787
2026-06-04 02:42:00,63369.05,63499.41,63340.44,63473.59,42.27702
2026-06-04 02:43:00,63473.6,63473.6,63329.86,63367.94,37.19541
2026-06-04 02:44:00,63367.93,63471.22,63367.93,63410.0,28.37727
2026-06-04 02:45:00,63410.0,63471.21,63381.75,63431.12,39.94481
2026-06-04 02:46:00,63431.13,63452.68,63331.86,63390.26,134.30204
2026-06-04 02:47:00,63390.26,63445.6,63336.1,63336.1,38.90195
2026-06-04 02:48:00,63336.11,63622.7,63325.52,63560.11,188.23443
2026-06-04 02:49:00,63560.1,63563.32,63482.76,63537.34,36.7231
2026-06-04 02:50:00,63537.35,63587.89,63506.67,63507.01,28.54447
2026-06-04 02:51:00,63507.01,63542.88,63490.88,63511.15,41.07818
2026-06-04 02:52:00,63511.6,63524.49,63352.86,63359.08,142.18219
2026-06-04 02:53:00,63359.08,63359.08,63279.42,63279.42,57.39382
2026-06-04 02:54:00,63279.41,63311.4,63258.91,63287.43,40.59307
2026-06-04 02:55:00,63287.43,63321.02,63258.91,63321.02,30.01651
2026-06-04 02:56:00,63321.03,63330.95,63271.2,63283.4,20.6068
2026-06-04 02:57:00,63283.4,63283.4,63213.66,63228.91,126.99324
2026-06-04 02:58:00,63228.92,63276.53,63211.29,63254.3,32.8975
2026-06-04 02:59:00,63254.31,63254.31,63155.7,63231.99,35.80902
2026-06-04 03:00:00,63232.0,63285.45,63218.48,63276.08,21.12356
2026-06-04 03:01:00,63276.07,63440.34,63252.16,63424.65,49.5298
2026-06-04 03:02:00,63424.65,63513.85,63395.36,63513.85,30.3312
2026-06-04 03:03:00,63513.84,63636.41,63482.27,63591.51,76.16439
2026-06-04 03:04:00,63591.52,63775.64,63591.52,63714.05,78.08292
2026-06-04 03:05:00,63714.04,63811.76,63693.57,63776.16,64.0036
2026-06-04 03:06:00,63776.16,63806.51,63652.36,63806.51,45.36084
2026-06-04 03:07:00,63806.5,64029.36,63799.01,63864.77,116.45397
2026-06-04 03:08:00,63864.77,63959.44,63818.25,63904.79,31.92804
2026-06-04 03:09:00,63904.79,63942.08,63812.21,63813.08,52.23611
2026-06-04 03:10:00,63813.09,63921.43,63802.81,63905.18,30.85799
2026-06-04 03:11:00,63905.17,63905.17,63754.94,63765.1,42.52447
2026-06-04 03:12:00,63765.1,63821.56,63705.61,63779.97,30.50421
2026-06-04 03:13:00,63779.97,63845.55,63767.53,63833.02,22.1345
2026-06-04 03:14:00,63833.02,63977.0,63833.02,63960.77,99.00365
2026-06-04 03:15:00,63960.77,64047.52,63956.0,64020.0,121.95547
2026-06-04 03:16:00,64020.0,64089.64,63978.96,64086.35,55.62074
2026-06-04 03:17:00,64086.35,64142.85,64053.33,64063.76,34.18485
2026-06-04 03:18:00,64063.77,64080.93,63995.13,63995.13,83.49349
2026-06-04 03:19:00,63995.13,64075.99,63989.99,64075.99,18.04208
2026-06-04 03:20:00,64075.99,64075.99,63953.66,63978.72,33.65988
2026-06-04 03:21:00,63978.73,64009.99,63888.27,63942.3,28.03494
2026-06-04 03:22:00,63942.76,63944.0,63884.35,63942.59,22.38804
2026-06-04 03:23:00,63942.58,64015.37,63942.58,63970.77,17.35146
2026-06-04 03:24:00,63970.77,63970.77,63884.8,63907.72,23.81072
2026-06-04 03:25:00,63907.73,64015.99,63907.72,64015.99,14.7969
2026-06-04 03:26:00,64015.99,64015.99,63918.21,63962.1,20.51308
2026-06-04 03:27:00,63962.1,63963.1,63923.72,63927.29,27.14589
2026-06-04 03:28:00,63927.29,63980.0,63924.58,63980.0,10.19486
2026-06-04 03:29:00,63979.99,63980.0,63900.0,63919.99,11.84887
2026-06-04 03:30:00,63920.0,64045.64,63903.98,64036.0,23.32056
2026-06-04 03:31:00,64036.0,64308.96,64036.0,64234.01,75.60445
2026-06-04 03:32:00,64234.01,64505.06,64229.32,64361.99,79.39534
2026-06-04 03:33:00,64361.99,64505.05,64351.4,64459.47,105.58233
2026-06-04 03:34:00,64459.46,64459.46,64402.97,64454.0,45.09191
2026-06-04 03:35:00,64454.01,64454.01,64314.9,64314.91,35.12204
2026-06-04 03:36:00,64314.91,64314.91,64237.69,64252.69,89.22101
2026-06-04 03:37:00,64252.69,64386.0,64238.0,64348.01,28.13262
2026-06-04 03:38:00,64348.01,64418.0,64348.0,64383.99,23.3003
2026-06-04 03:39:00,64384.0,64484.0,64383.99,64484.0,80.18177
2026-06-04 03:40:00,64484.0,64519.99,64426.0,64519.99,38.24905
2026-06-04 03:41:00,64520.0,64540.3,64453.8,64456.79,32.02265
2026-06-04 03:42:00,64456.8,64456.8,64369.13,64384.77,35.86213
2026-06-04 03:43:00,64384.78,64476.0,64384.78,64470.0,25.90087
2026-06-04 03:44:00,64470.01,64480.0,64372.32,64389.18,38.40518
2026-06-04 03:45:00,64389.17,64442.0,64376.0,64376.01,21.88381
2026-06-04 03:46:00,64376.0,64409.54,64369.13,64376.03,10.79167
2026-06-04 03:47:00,64376.03,64386.0,64355.56,64383.99,23.75023
2026-06-04 03:48:00,64383.99,64394.0,64334.29,64334.3,18.61247
2026-06-04 03:49:00,64334.3,64394.0,64334.29,64377.29,33.56798
2026-06-04 03:50:00,64377.3,64458.0,64350.03,64454.78,17.4857
2026-06-04 03:51:00,64454.78,64457.21,64333.73,64333.74,18.12429
2026-06-04 03:52:00,64333.73,64390.0,64333.73,64385.16,13.05317
2026-06-04 03:53:00,64385.15,64400.0,64362.0,64382.0,8.86859
2026-06-04 03:54:00,64381.99,64392.0,64360.0,64391.99,23.84376
2026-06-04 03:55:00,64392.0,64398.36,64350.0,64368.37,16.50288
2026-06-04 03:56:00,64368.36,64389.76,64325.38,64342.74,17.73792
2026-06-04 03:57:00,64342.74,64352.97,64254.98,64275.59,60.62516
2026-06-04 03:58:00,64275.58,64367.55,64270.0,64367.54,24.88323
2026-06-04 03:59:00,64367.54,64382.44,64335.52,64363.49,23.69415
2026-06-04 04:00:00,64363.49,64391.99,64338.0,64391.99,26.3461
2026-06-04 04:01:00,64392.0,64480.0,64392.0,64464.01,24.14913
2026-06-04 04:02:00,64464.01,64464.01,64400.0,64447.68,23.257
2026-06-04 04:03:00,64447.69,64481.87,64417.91,64420.01,16.07091
2026-06-04 04:04:00,64420.01,64514.0,64400.37,64514.0,12.19746
2026-06-04 04:05:00,64514.0,64606.48,64490.0,64566.0,46.96233
2026-06-04 04:06:00,64566.0,64566.01,64464.0,64481.99,47.72596
2026-06-04 04:07:00,64482.0,64510.0,64403.02,64410.0,40.44897
2026-06-04 04:08:00,64409.99,64440.0,64390.18,64429.99,30.99259
2026-06-04 04:09:00,64430.0,64438.62,64355.42,64372.97,18.80758
2026-06-04 04:10:00,64372.97,64459.99,64372.97,64459.99,16.02238
2026-06-04 04:11:00,64460.0,64621.33,64459.99,64569.58,25.84564
2026-06-04 04:12:00,64569.58,64620.92,64562.23,64600.0,23.83513
2026-06-04 04:13:00,64600.0,64685.91,64576.01,64614.01,96.50922
2026-06-04 04:14:00,64614.0,64644.0,64592.0,64630.0,34.69716
2026-06-04 04:15:00,64630.0,64720.92,64592.24,64592.24,51.54291
2026-06-04 04:16:00,64592.24,64592.24,64518.01,64530.01,28.30668
2026-06-04 04:17:00,64530.0,64530.01,64504.0,64512.39,21.25496
2026-06-04 04:18:00,64512.4,64613.85,64512.4,64594.0,22.35424
2026-06-04 04:19:00,64593.99,64628.33,64562.0,64598.25,48.18223
2026-06-04 04:20:00,64598.0,64630.0,64583.37,64612.0,15.23695
2026-06-04 04:21:00,64612.01,64670.28,64600.0,64670.27,19.15332
2026-06-04 04:22:00,64670.28,64752.53,64632.32,64734.0,28.49011
2026-06-04 04:23:00,64734.0,64734.01,64692.43,64729.99,14.65591
2026-06-04 04:24:00,64729.99,64764.32,64682.6,64745.72,16.80181
2026-06-04 04:25:00,64745.73,64752.0,64650.0,64654.02,30.55832
2026-06-04 04:26:00,64654.01,64678.79,64636.0,64650.24,21.08698
2026-06-04 04:27:00,64650.23,64699.99,64616.15,64672.36,25.32858
2026-06-04 04:28:00,64672.35,64672.36,64616.15,64628.0,14.78635
2026-06-04 04:29:00,64627.99,64632.0,64574.0,64574.0,26.64319
2026-06-04 04:30:00,64574.01,64613.85,64548.02,64588.01,16.43871
2026-06-04 04:31:00,64588.0,64607.99,64469.98,64469.98,45.82083
2026-06-04 04:32:00,64469.99,64482.0,64364.0,64364.0,36.38003
2026-06-04 04:33:00,64364.01,64372.0,64320.64,64341.99,32.06565
2026-06-04 04:34:00,64341.99,64341.99,64265.73,64280.0,20.50153
2026-06-04 04:35:00,64280.0,64360.0,64280.0,64343.99,24.01676
2026-06-04 04:36:00,64343.99,64343.99,64266.67,64296.0,19.00251
2026-06-04 04:37:00,64296.01,64364.97,64296.01,64364.96,13.58461
2026-06-04 04:38:00,64364.97,64476.7,64364.97,64424.06,42.53533
2026-06-04 04:39:00,64424.07,64432.79,64382.45,64390.01,20.67174
2026-06-04 04:40:00,64390.0,64390.01,64310.0,64325.99,24.06861
2026-06-04 04:41:00,64325.99,64348.0,64301.81,64301.81,6.5175
2026-06-04 04:42:00,64301.8,64345.43,64276.88,64334.0,9.56091
2026-06-04 04:43:00,64334.0,64451.99,64334.0,64451.99,17.08759
2026-06-04 04:44:00,64452.0,64460.0,64403.54,64415.99,6.84561
2026-06-04 04:45:00,64415.99,64440.0,64363.97,64369.35,21.39295
2026-06-04 04:46:00,64369.36,64369.36,64309.06,64340.0,22.97699
2026-06-04 04:47:00,64340.0,64396.0,64339.75,64394.0,23.86583
2026-06-04 04:48:00,64394.0,64394.0,64358.0,64373.99,5.86076
2026-06-04 04:49:00,64374.0,64400.0,64350.01,64358.0,14.25648
2026-06-04 04:50:00,64358.0,64382.0,64354.56,64367.99,7.71022
2026-06-04 04:51:00,64368.0,64388.0,64352.99,64375.34,12.87212
2026-06-04 04:52:00,64375.34,64399.99,64343.33,64360.01,10.98749
2026-06-04 04:53:00,64360.0,64400.0,64360.0,64399.99,4.94438
2026-06-04 04:54:00,64400.0,64464.66,64400.0,64464.66,16.301
2026-06-04 04:55:00,64464.66,64464.66,64381.99,64382.0,23.84926
2026-06-04 04:56:00,64381.99,64394.02,64369.99,64394.01,10.03378
2026-06-04 04:57:00,64394.02,64396.0,64348.14,64350.0,9.44105
2026-06-04 04:58:00,64350.0,64376.0,64327.95,64359.73,15.10953
2026-06-04 04:59:00,64359.73,64400.0,64348.0,64399.99,18.67516
2026-06-04 05:00:00,64399.99,64400.0,64276.02,64281.26,27.92037
2026-06-04 05:01:00,64281.25,64283.18,64168.0,64205.99,69.50959
2026-06-04 05:02:00,64206.0,64216.48,64119.34,64132.0,37.0107
2026-06-04 05:03:00,64132.01,64145.71,64048.0,64085.99,19.28828
2026-06-04 05:04:00,64085.99,64134.91,64000.9,64022.75,36.52836
2026-06-04 05:05:00,64022.75,64054.65,63949.15,63949.15,27.35284
2026-06-04 05:06:00,63949.15,63949.15,63856.0,63856.0,24.94538
2026-06-04 05:07:00,63856.01,63864.0,63815.49,63815.49,26.02841
2026-06-04 05:08:00,63815.49,63962.33,63800.0,63947.99,20.80777
2026-06-04 05:09:00,63947.99,63949.23,63828.17,63828.17,15.5983
2026-06-04 05:10:00,63828.18,63856.0,63804.0,63804.0,10.38918
2026-06-04 05:11:00,63804.01,63804.01,63716.78,63747.99,42.96881
2026-06-04 05:12:00,63748.0,63848.0,63748.0,63817.58,17.84899
2026-06-04 05:13:00,63817.58,63827.84,63756.0,63811.99,11.40641
2026-06-04 05:14:00,63811.99,63958.0,63806.0,63958.0,13.45457
2026-06-04 05:15:00,63958.0,63958.0,63856.0,63856.85,14.60741
2026-06-04 05:16:00,63856.86,63898.69,63822.0,63898.68,12.16416
2026-06-04 05:17:00,63898.68,63956.0,63886.0,63935.78,27.02136
2026-06-04 05:18:00,63935.77,64017.51,63935.77,64000.91,15.11852
2026-06-04 05:19:00,64000.9,64012.01,63807.12,63830.66,38.75417
2026-06-04 05:20:00,63830.65,63870.32,63738.0,63742.0,37.40775
2026-06-04 05:21:00,63742.01,63771.06,63686.0,63686.01,24.73262
2026-06-04 05:22:00,63686.01,63718.0,63648.01,63676.01,14.90736
2026-06-04 05:23:00,63676.0,63830.37,63676.0,63801.99,19.73705
2026-06-04 05:24:00,63801.99,63870.0,63799.8,63826.0,21.81584
2026-06-04 05:25:00,63826.0,63897.99,63814.0,63857.99,15.027
2026-06-04 05:26:00,63857.99,63888.86,63836.01,63867.99,16.71171
2026-06-04 05:27:00,63868.0,63888.0,63858.46,63868.0,6.43643
2026-06-04 05:28:00,63868.0,63910.0,63846.19,63846.19,16.12139
2026-06-04 05:29:00,63846.19,63896.78,63824.0,63842.13,94.53676
2026-06-04 05:30:00,63842.12,63842.12,63768.87,63818.22,20.47191
2026-06-04 05:31:00,63818.23,63926.0,63812.01,63910.01,14.82103
2026-06-04 05:32:00,63910.01,64084.59,63886.24,64053.71,23.83981
2026-06-04 05:33:00,64053.71,64251.37,64053.7,64241.15,34.09652
2026-06-04 05:34:00,64241.15,64256.56,64174.75,64226.0,30.94965
2026-06-04 05:35:00,64226.01,64337.85,64185.71,64316.0,32.21284
2026-06-04 05:36:00,64316.0,64316.0,64216.0,64227.81,22.17083
2026-06-04 05:37:00,64227.8,64227.8,64092.37,64108.0,25.2355
2026-06-04 05:38:00,64108.0,64188.0,64108.0,64185.44,30.66124
2026-06-04 05:39:00,64185.44,64219.8,64128.01,64128.01,15.10026
2026-06-04 05:40:00,64128.01,64143.99,64092.6,64143.99,7.3717
2026-06-04 05:41:00,64144.0,64282.0,64144.0,64245.49,18.41153
2026-06-04 05:42:00,64245.49,64264.0,64209.0,64230.0,9.79276
2026-06-04 05:43:00,64230.0,64251.99,64214.55,64244.01,5.01605
2026-06-04 05:44:00,64244.01,64282.0,64240.0,64282.0,9.76681
2026-06-04 05:45:00,64281.99,64282.0,64232.34,64232.34,9.34287
2026-06-04 05:46:00,64232.34,64268.01,64156.0,64173.99,18.47862
2026-06-04 05:47:00,64174.0,64225.35,64169.82,64194.01,19.46687
2026-06-04 05:48:00,64194.01,64194.01,64104.0,64104.01,10.59668
2026-06-04 05:49:00,64104.0,64130.0,64081.58,64098.0,6.3031
2026-06-04 05:50:00,64098.0,64099.99,64000.9,64000.9,15.91374
2026-06-04 05:51:00,64000.9,64000.91,63931.07,63946.01,26.09349
2026-06-04 05:52:00,63946.01,64044.0,63946.01,64028.99,8.10734
2026-06-04 05:53:00,64028.99,64066.66,64008.2,64008.21,9.33341
2026-06-04 05:54:00,64008.21,64033.99,63972.0,64033.99,13.85846
2026-06-04 05:55:00,64034.0,64040.0,63982.0,63998.0,18.56451
2026-06-04 05:56:00,63998.0,63998.0,63962.0,63962.01,8.1849
2026-06-04 05:57:00,63962.0,63994.0,63962.0,63988.0,7.16394
2026-06-04 05:58:00,63988.0,64000.0,63915.0,63915.01,15.09977
2026-06-04 05:59:00,63915.0,63970.0,63915.0,63955.47,10.26572
2026-06-04 06:00:00,63955.48,63955.48,63892.0,63907.39,12.7396
2026-06-04 06:01:00,63907.39,63942.0,63907.38,63939.54,9.0761
2026-06-04 06:02:00,63939.54,64084.5,63939.53,64073.68,15.40643
2026-06-04 06:03:00,64073.68,64155.31,64062.0,64155.31,19.17763
2026-06-04 06:04:00,64155.32,64170.0,64120.0,64152.49,16.89623
2026-06-04 06:05:00,64152.49,64176.0,64126.0,64162.01,11.69193
2026-06-04 06:06:00,64162.0,64162.0,64088.01,64126.58,13.67082
2026-06-04 06:07:00,64126.58,64166.95,64107.51,64110.55,7.39156
2026-06-04 06:08:00,64110.54,64154.0,64110.0,64152.0,4.15188
2026-06-04 06:09:00,64152.0,64234.0,64152.0,64233.99,7.67724
2026-06-04 06:10:00,64233.99,64245.82,64214.0,64220.0,5.79208
2026-06-04 06:11:00,64219.99,64242.0,64212.0,64218.23,5.91936
2026-06-04 06:12:00,64218.22,64245.82,64202.01,64234.5,4.53143
2026-06-04 06:13:00,64234.49,64245.82,64200.01,64219.57,18.14112
2026-06-04 06:14:00,64219.56,64260.0,64208.0,64260.0,7.83588
2026-06-04 06:15:00,64259.99,64366.0,64245.47,64292.01,19.46821
2026-06-04 06:16:00,64292.0,64324.0,64180.03,64306.01,23.95546
2026-06-04 06:17:00,64306.01,64389.81,64306.0,64359.99,11.45646
2026-06-04 06:18:00,64360.0,64481.22,64330.0,64434.96,29.45378
2026-06-04 06:19:00,64434.96,64462.01,64366.0,64366.01,9.66505
2026-06-04 06:20:00,64366.0,64410.0,64350.0,64350.01,7.58834
2026-06-04 06:21:00,64350.01,64401.99,64337.18,64378.01,8.01153
2026-06-04 06:22:00,64378.0,64387.99,64322.0,64322.01,17.39812
2026-06-04 06:23:00,64322.0,64356.0,64300.0,64356.0,9.2711
2026-06-04 06:24:00,64356.0,64358.0,64257.28,64267.26,11.36719
2026-06-04 06:25:00,64267.25,64315.99,64237.88,64296.01,47.3613
2026-06-04 06:26:00,64296.01,64301.36,64248.0,64266.0,21.83233
2026-06-04 06:27:00,64266.0,64317.89,64254.0,64257.77,6.06634
2026-06-04 06:28:00,64257.78,64272.27,64246.02,64246.02,4.90401
2026-06-04 06:29:00,64246.01,64288.0,64225.35,64255.99,6.03863
2026-06-04 06:30:00,64256.0,64256.0,64138.42,64157.24,18.42113
2026-06-04 06:31:00,64157.24,64187.57,64116.92,64116.92,23.06448
2026-06-04 06:32:00,64116.92,64125.26,64075.18,64102.01,8.43865
2026-06-04 06:33:00,64102.0,64182.0,64093.58,64182.0,16.76948
2026-06-04 06:34:00,64181.99,64181.99,64122.01,64146.27,9.51931
2026-06-04 06:35:00,64146.26,64273.37,64136.0,64272.97,10.12635
2026-06-04 06:36:00,64272.97,64414.0,64272.96,64394.96,23.1296
2026-06-04 06:37:00,64394.96,64438.0,64348.0,64354.01,11.36158
2026-06-04 06:38:00,64354.0,64354.0,64284.0,64340.01,10.9693
2026-06-04 06:39:00,64340.0,64368.0,64312.0,64368.0,10.26171
2026-06-04 06:40:00,64368.0,64380.0,64323.23,64369.7,24.26327
2026-06-04 06:41:00,64369.71,64394.0,64336.0,64360.41,19.33899
2026-06-04 06:42:00,64360.59,64364.0,64296.0,64296.01,8.76815
2026-06-04 06:43:00,64296.01,64326.0,64288.0,64320.01,7.24826
2026-06-04 06:44:00,64320.01,64341.99,64302.38,64336.0,9.24137
2026-06-04 06:45:00,64335.99,64335.99,64264.0,64315.99,7.03174
2026-06-04 06:46:00,64316.0,64316.0,64217.87,64232.22,9.57948
2026-06-04 06:47:00,64232.23,64272.0,64188.32,64202.66,28.33528
2026-06-04 06:48:00,64202.67,64228.0,64169.54,64190.82,12.89484
2026-06-04 06:49:00,64190.82,64200.0,64166.08,64184.01,6.72874
2026-06-04 06:50:00,64184.0,64250.31,64178.01,64244.4,11.6322
2026-06-04 06:51:00,64244.39,64276.0,64241.49,64260.41,10.32578
2026-06-04 06:52:00,64260.41,64262.0,64132.02,64132.02,15.61303
2026-06-04 06:53:00,64132.03,64154.0,64114.0,64114.0,15.50308
2026-06-04 06:54:00,64114.0,64128.0,64082.0,64082.0,5.18492
2026-06-04 06:55:00,64082.0,64082.0,63981.12,63993.99,31.79482
2026-06-04 06:56:00,63993.99,64024.74,63980.01,63982.52,6.13928
2026-06-04 06:57:00,63982.53,64034.0,63976.0,64026.0,4.68391
2026-06-04 06:58:00,64025.99,64036.0,64006.01,64016.02,16.98286
2026-06-04 06:59:00,64016.02,64044.0,64014.27,64027.99,15.04564
2026-06-04 07:00:00,64027.99,64062.81,64027.99,64047.68,9.36025
2026-06-04 07:01:00,64047.67,64047.68,64020.87,64035.15,4.49761
2026-06-04 07:02:00,64035.15,64046.6,63969.8,63994.61,8.00793
2026-06-04 07:03:00,63994.61,64016.0,63956.15,63956.15,11.97185
2026-06-04 07:04:00,63956.15,63956.16,63869.58,63895.99,24.44346
2026-06-04 07:05:00,63896.0,63916.98,63850.0,63850.0,9.88182
2026-06-04 07:06:00,63850.01,63874.01,63824.95,63830.01,11.32057
2026-06-04 07:07:00,63830.01,63849.26,63768.55,63802.01,30.53805
2026-06-04 07:08:00,63802.0,63849.85,63772.92,63825.99,22.25851
2026-06-04 07:09:00,63825.99,63896.0,63815.35,63895.97,16.70402
2026-06-04 07:10:00,63895.97,63935.2,63888.0,63888.0,22.50123
2026-06-04 07:11:00,63888.0,63888.01,63771.9,63780.0,12.15361
2026-06-04 07:12:00,63780.0,63801.88,63721.24,63745.99,18.08617
2026-06-04 07:13:00,63746.0,63782.88,63746.0,63764.91,7.37952
2026-06-04 07:14:00,63764.91,63815.0,63764.91,63811.2,18.28403
2026-06-04 07:15:00,63811.21,63829.98,63753.42,63753.43,6.73007
2026-06-04 07:16:00,63753.42,63756.0,63712.0,63712.0,11.48082
2026-06-04 07:17:00,63712.0,63720.0,63500.0,63533.14,100.57386
2026-06-04 07:18:00,63533.14,63630.0,63508.74,63527.06,58.02157
2026-06-04 07:19:00,63527.06,63548.76,63504.0,63527.99,42.02774
2026-06-04 07:20:00,63527.99,63561.3,63492.89,63546.01,37.13162
2026-06-04 07:21:00,63546.0,63590.0,63530.0,63564.0,28.01301
2026-06-04 07:22:00,63564.01,63582.39,63521.48,63546.0,26.7059
2026-06-04 07:23:00,63545.99,63668.0,63545.99,63588.0,37.10915
2026-06-04 07:24:00,63587.99,63628.0,63542.0,63628.0,22.06208
2026-06-04 07:25:00,63627.99,63666.0,63621.09,63654.98,16.16124
2026-06-04 07:26:00,63654.99,63673.99,63569.23,63592.0,17.80623
2026-06-04 07:27:00,63592.0,63618.0,63583.34,63605.55,25.61451
2026-06-04 07:28:00,63605.55,63656.0,63580.01,63647.25,7.36089
2026-06-04 07:29:00,63647.25,63720.0,63647.24,63696.01,14.25612
2026-06-04 07:30:00,63696.01,63782.0,63692.01,63780.2,22.43959
2026-06-04 07:31:00,63780.2,63904.0,63780.2,63828.0,30.73901
2026-06-04 07:32:00,63828.0,63861.69,63816.0,63855.16,17.60831
2026-06-04 07:33:00,63855.17,63855.17,63812.0,63812.01,25.40533
2026-06-04 07:34:00,63812.01,63812.01,63715.75,63789.6,25.3644
2026-06-04 07:35:00,63789.61,63842.28,63788.0,63842.28,26.64956
2026-06-04 07:36:00,63842.28,63900.0,63842.27,63880.0,40.73681
2026-06-04 07:37:00,63880.0,63885.69,63793.53,63794.0,35.77639
2026-06-04 07:38:00,63794.0,63861.02,63786.0,63843.95,28.31717
2026-06-04 07:39:00,63843.96,63936.3,63843.96,63934.08,20.82371
2026-06-04 07:40:00,63934.08,64000.0,63890.04,63950.01,26.05354
2026-06-04 07:41:00,63950.02,63988.0,63942.0,63951.0,38.53991
2026-06-04 07:42:00,63951.01,63991.36,63938.0,63991.36,21.43277
2026-06-04 07:43:00,63991.36,64048.0,63950.0,63956.01,89.4241
2026-06-04 07:44:00,63956.0,63961.99,63915.2,63930.55,18.01517
2026-06-04 07:45:00,63930.54,63952.0,63863.1,63890.41,20.89497
2026-06-04 07:46:00,63890.41,63901.11,63857.24,63875.86,24.07093
2026-06-04 07:47:00,63875.86,63875.86,63797.99,63847.99,26.36032
2026-06-04 07:48:00,63848.0,63852.0,63774.68,63829.99,24.78688
2026-06-04 07:49:00,63830.0,63909.98,63830.0,63899.99,18.05941
2026-06-04 07:50:00,63900.0,63900.0,63811.86,63814.01,24.82841
2026-06-04 07:51:00,63814.01,63820.0,63769.5,63776.66,26.46947
2026-06-04 07:52:00,63776.66,63830.05,63760.0,63760.01,22.22127
2026-06-04 07:53:00,63760.01,63787.06,63738.27,63756.3,27.87988
2026-06-04 07:54:00,63756.3,63791.05,63748.0,63765.99,32.92035
2026-06-04 07:55:00,63766.0,63785.45,63732.0,63732.0,22.32716
2026-06-04 07:56:00,63732.01,63746.53,63717.91,63725.99,20.94976
2026-06-04 07:57:00,63726.0,63726.0,63688.0,63688.01,16.27363
2026-06-04 07:58:00,63688.01,63695.81,63646.71,63655.57,26.84803
2026-06-04 07:59:00,63655.57,63662.88,63602.0,63603.15,23.21925
2026-06-04 08:00:00,63603.15,63635.84,63552.28,63554.39,54.09803
2026-06-04 08:01:00,63554.4,63565.8,63479.96,63525.99,32.61177
2026-06-04 08:02:00,63526.0,63688.95,63526.0,63688.94,27.42887
2026-06-04 08:03:00,63688.95,63813.7,63680.05,63806.39,31.59848
2026-06-04 08:04:00,63806.39,63884.0,63797.99,63881.99,11.72987
2026-06-04 08:05:00,63881.99,63904.63,63830.0,63872.01,27.86386
2026-06-04 08:06:00,63872.0,63872.0,63668.0,63668.0,15.44109
2026-06-04 08:07:00,63668.0,63691.95,63600.0,63622.0,17.93495
2026-06-04 08:08:00,63622.0,63632.0,63508.32,63524.01,17.69501
2026-06-04 08:09:00,63524.0,63530.0,63450.0,63482.0,11.87904
2026-06-04 08:10:00,63482.01,63625.66,63482.01,63531.99,25.2872
2026-06-04 08:11:00,63531.99,63540.1,63438.14,63457.2,15.31502
2026-06-04 08:12:00,63457.2,63467.17,63392.0,63416.0,17.57958
2026-06-04 08:13:00,63416.0,63426.0,63333.0,63368.0,22.93283
2026-06-04 08:14:00,63368.0,63390.48,63348.2,63360.0,15.81848
2026-06-04 08:15:00,63360.01,63362.87,63260.0,63294.21,25.69836
2026-06-04 08:16:00,63294.22,63431.98,63290.0,63423.64,34.73199
2026-06-04 08:17:00,63423.64,63468.0,63315.31,63387.58,30.66668
2026-06-04 08:18:00,63387.58,63546.0,63387.58,63530.0,14.43472
2026-06-04 08:19:00,63530.0,63538.0,63462.01,63536.15,11.52676
2026-06-04 08:20:00,63536.15,63545.99,63394.0,63448.01,20.21817
2026-06-04 08:21:00,63448.01,63470.0,63328.0,63336.0,20.52814
2026-06-04 08:22:00,63335.99,63374.59,63245.9,63364.77,59.19331
2026-06-04 08:23:00,63364.77,63453.04,63353.99,63394.69,24.71949
2026-06-04 08:24:00,63394.7,63593.0,63394.7,63552.0,51.94818
2026-06-04 08:25:00,63552.0,63559.99,63468.01,63468.01,17.05479
2026-06-04 08:26:00,63468.0,63523.07,63408.0,63444.0,79.63299
2026-06-04 08:27:00,63443.99,63484.0,63425.52,63448.57,14.70672
2026-06-04 08:28:00,63450.21,63472.0,63400.0,63471.99,10.41342
2026-06-04 08:29:00,63471.99,63541.17,63468.0,63484.0,158.25683
2026-06-04 08:30:00,63484.0,63682.0,63484.0,63671.3,75.60595
2026-06-04 08:31:00,63671.31,63671.31,63446.7,63464.43,23.37114
2026-06-04 08:32:00,63464.43,63522.16,63456.0,63460.28,13.52736
2026-06-04 08:33:00,63460.27,63492.0,63438.51,63482.01,7.01734
2026-06-04 08:34:00,63482.01,63519.99,63436.02,63519.99,17.07882
2026-06-04 08:35:00,63520.0,63578.72,63486.0,63578.53,28.26302
2026-06-04 08:36:00,63578.53,63578.53,63520.0,63572.0,14.52203
2026-06-04 08:37:00,63571.99,63571.99,63524.56,63538.12,28.65996
2026-06-04 08:38:00,63538.11,63570.0,63510.0,63570.0,17.59161
2026-06-04 08:39:00,63570.0,63582.0,63514.0,63544.32,21.83354
2026-06-04 08:40:00,63544.31,63651.84,63536.0,63648.02,71.92021
2026-06-04 08:41:00,63648.03,63651.84,63614.61,63630.89,19.26376
2026-06-04 08:42:00,63630.89,63631.68,63478.0,63479.29,39.16278
2026-06-04 08:43:00,63479.3,63527.72,63372.63,63397.98,26.0435
2026-06-04 08:44:00,63397.98,63444.44,63392.01,63417.62,27.40199
2026-06-04 08:45:00,63417.61,63496.0,63407.57,63495.39,16.46305
2026-06-04 08:46:00,63495.26,63521.12,63444.44,63509.99,20.03998
2026-06-04 08:47:00,63509.99,63520.69,63444.43,63499.99,12.99486
2026-06-04 08:48:00,63500.0,63524.0,63464.0,63464.01,12.84162
2026-06-04 08:49:00,63464.0,63518.0,63462.0,63518.0,20.60372
2026-06-04 08:50:00,63518.0,63548.0,63462.0,63482.01,11.99046
2026-06-04 08:51:00,63482.01,63592.28,63470.12,63550.71,15.18287
2026-06-04 08:52:00,63550.7,63653.99,63550.7,63614.0,25.47302
2026-06-04 08:53:00,63614.01,63634.0,63594.01,63622.0,12.23559
2026-06-04 08:54:00,63622.0,63644.0,63615.33,63615.33,8.14871
2026-06-04 08:55:00,63615.33,63667.98,63576.0,63658.01,11.95003
2026-06-04 08:56:00,63658.01,63667.99,63588.0,63601.99,16.00579
2026-06-04 08:57:00,63601.99,63652.12,63596.01,63652.11,5.43215
2026-06-04 08:58:00,63652.12,63755.95,63652.11,63670.35,18.87651
2026-06-04 08:59:00,63670.35,63670.35,63618.0,63629.99,11.78716
2026-06-04 09:00:00,63629.99,63644.0,63550.0,63590.0,21.12486
2026-06-04 09:01:00,63590.01,63590.01,63514.0,63520.01,8.63103
2026-06-04 09:02:00,63520.01,63557.07,63490.75,63490.75,13.77704
2026-06-04 09:03:00,63490.75,63490.76,63417.15,63435.4,16.64045
2026-06-04 09:04:00,63435.4,63468.0,63407.0,63428.48,11.91076
2026-06-04 09:05:00,63428.48,63469.72,63416.0,63432.0,13.23813
2026-06-04 09:06:00,63432.0,63439.99,63368.0,63405.64,33.86659
2026-06-04 09:07:00,63406.0,63430.0,63288.0,63298.0,30.82761
2026-06-04 09:08:00,63298.0,63347.63,63291.35,63311.99,15.84671
2026-06-04 09:09:00,63312.0,63400.0,63312.0,63390.01,11.02262
2026-06-04 09:10:00,63390.01,63470.0,63311.99,63312.0,19.22224
2026-06-04 09:11:00,63311.99,63374.0,63289.5,63374.0,17.43232
2026-06-04 09:12:00,63373.99,63393.99,63200.0,63248.92,49.20326
2026-06-04 09:13:00,63248.93,63347.08,63248.93,63344.59,12.97359
2026-06-04 09:14:00,63344.6,63412.0,63337.74,63337.74,15.24097
2026-06-04 09:15:00,63337.75,63337.75,63197.23,63200.0,26.54156
2026-06-04 09:16:00,63200.01,63233.8,63166.0,63210.66,31.57035
2026-06-04 09:17:00,63210.65,63256.0,63164.0,63241.99,26.90033
2026-06-04 09:18:00,63242.0,63249.44,63105.0,63121.74,26.37745
2026-06-04 09:19:00,63121.74,63158.0,63102.0,63120.0,25.40453
2026-06-04 09:20:00,63120.0,63192.0,63100.0,63116.74,29.57743
2026-06-04 09:21:00,63116.74,63159.22,63071.02,63122.0,42.43536
2026-06-04 09:22:00,63121.99,63174.33,63066.66,63069.39,25.42535
2026-06-04 09:23:00,63069.38,63090.0,63042.81,63066.0,19.4259
2026-06-04 09:24:00,63066.01,63066.01,63012.0,63024.97,30.56484
2026-06-04 09:25:00,63024.96,63050.0,62967.5,62971.35,180.78119
2026-06-04 09:26:00,62971.35,62979.33,62915.84,62935.99,57.57439
2026-06-04 09:27:00,62935.99,63024.47,62850.0,63024.24,48.7858
2026-06-04 09:28:00,63024.24,63060.88,62850.43,62862.77,75.42466
2026-06-04 09:29:00,62862.77,62882.0,62806.89,62863.99,25.61963
2026-06-04 09:30:00,62864.0,62872.28,62741.13,62766.95,58.10867
2026-06-04 09:31:00,62766.95,62812.63,62703.33,62794.53,111.88341
2026-06-04 09:32:00,62794.52,62908.0,62786.88,62886.01,87.15067
2026-06-04 09:33:00,62886.01,62957.74,62816.9,62855.53,89.7432
2026-06-04 09:34:00,62855.52,62996.0,62852.13,62996.0,82.22394
2026-06-04 09:35:00,62996.0,63000.0,62901.8,62961.51,133.58421
2026-06-04 09:36:00,62961.51,62996.23,62828.05,62834.94,143.75036
2026-06-04 09:37:00,62834.94,62950.0,62795.65,62950.0,94.38036
2026-06-04 09:38:00,62950.0,62970.0,62860.9,62909.57,25.10098
2026-06-04 09:39:00,62909.58,62924.84,62821.92,62878.06,24.93327
2026-06-04 09:40:00,62878.06,62920.32,62857.96,62857.96,17.48119
2026-06-04 09:41:00,62857.97,62858.42,62790.05,62846.69,26.2085
2026-06-04 09:42:00,62846.69,62926.42,62813.29,62914.42,15.83637
2026-06-04 09:43:00,62914.41,62928.32,62842.19,62868.67,16.33836
2026-06-04 09:44:00,62868.67,62917.77,62865.6,62899.44,13.75005
2026-06-04 09:45:00,62899.44,63166.0,62895.15,63116.32,102.20052
2026-06-04 09:46:00,63116.32,63164.0,63035.38,63067.7,36.23589
2026-06-04 09:47:00,63067.69,63134.09,63008.25,63037.99,24.54874
2026-06-04 09:48:00,63037.99,63044.0,62965.17,62982.81,20.40279
2026-06-04 09:49:00,62982.81,63077.98,62982.81,63077.98,22.62224
2026-06-04 09:50:00,63077.98,63078.02,63000.0,63000.01,21.78885
2026-06-04 09:51:00,63000.0,63072.0,63000.0,63060.01,10.7409
2026-06-04 09:52:00,63060.01,63069.55,62995.04,62997.35,20.19329
2026-06-04 09:53:00,62997.34,62997.35,62933.77,62936.87,15.01134
2026-06-04 09:54:00,62936.88,63060.01,62936.87,63059.99,14.24721
2026-06-04 09:55:00,63059.99,63092.0,63040.0,63092.0,24.60737
2026-06-04 09:56:00,63092.0,63167.55,63091.99,63154.36,29.00902
2026-06-04 09:57:00,63154.36,63183.65,63094.0,63166.01,20.39045
2026-06-04 09:58:00,63166.0,63222.0,63144.7,63211.36,26.57916
2026-06-04 09:59:00,63211.36,63272.01,63178.0,63266.0,36.90994
2026-06-04 10:00:00,63266.01,63276.0,63125.77,63132.01,21.18678
2026-06-04 10:01:00,63132.01,63182.0,63125.68,63152.37,9.19622
2026-06-04 10:02:00,63152.38,63222.01,63152.38,63204.39,14.53783
2026-06-04 10:03:00,63204.38,63204.38,63140.0,63152.0,13.00595
2026-06-04 10:04:00,63152.0,63154.14,63004.0,63046.0,69.12724
2026-06-04 10:05:00,63045.99,63070.0,62984.74,62984.74,159.4591
2026-06-04 10:06:00,62984.75,62992.54,62914.0,62926.17,45.33232
2026-06-04 10:07:00,62926.16,62987.34,62901.98,62970.27,18.51336
2026-06-04 10:08:00,62970.28,62979.33,62934.0,62934.0,19.39651
2026-06-04 10:09:00,62934.0,62943.9,62884.0,62919.99,13.63623
2026-06-04 10:10:00,62920.0,62920.0,62823.52,62843.99,19.63228
2026-06-04 10:11:00,62843.99,62890.0,62820.01,62840.0,36.26267
2026-06-04 10:12:00,62840.0,62979.33,62836.0,62979.33,26.77023
2026-06-04 10:13:00,62979.32,63000.0,62952.56,62952.57,10.72303
2026-06-04 10:14:00,62952.57,62958.83,62864.0,62872.58,12.24249
2026-06-04 10:15:00,62872.58,62872.58,62778.01,62783.86,32.64261
2026-06-04 10:16:00,62783.86,62830.0,62750.0,62824.49,22.21586
2026-06-04 10:17:00,62824.49,62900.0,62824.49,62900.0,10.89998
2026-06-04 10:18:00,62900.0,62932.0,62836.0,62932.0,12.18334
2026-06-04 10:19:00,62931.99,63006.0,62930.99,62978.3,11.59276
2026-06-04 10:20:00,62978.31,62978.31,62853.17,62864.0,17.54221
2026-06-04 10:21:00,62864.0,62892.0,62828.51,62882.0,19.54983
2026-06-04 10:22:00,62881.99,62888.0,62824.0,62882.41,29.06319
2026-06-04 10:23:00,62882.41,62886.0,62775.84,62809.52,30.37097
2026-06-04 10:24:00,62809.53,62833.86,62760.0,62777.25,20.20121
2026-06-04 10:25:00,62777.26,62790.0,62756.07,62756.07,8.6244
2026-06-04 10:26:00,62756.07,62798.0,62734.0,62750.0,28.7523
2026-06-04 10:27:00,62750.0,62784.0,62612.01,62638.45,68.41574
2026-06-04 10:28:00,62638.45,62684.0,62511.0,62523.7,64.65175
2026-06-04 10:29:00,62523.7,62565.55,62500.0,62501.51,84.94579
2026-06-04 10:30:00,62501.51,62620.01,62415.94,62620.01,80.06526
2026-06-04 10:31:00,62620.33,62664.0,62542.03,62595.95,27.41031
2026-06-04 10:32:00,62595.96,62643.99,62533.41,62557.92,27.62541
2026-06-04 10:33:00,62557.91,62676.04,62526.0,62676.04,31.44076
2026-06-04 10:34:00,62676.05,62730.43,62669.42,62709.83,30.14543
2026-06-04 10:35:00,62709.83,62768.22,62701.13,62718.09,22.20589
2026-06-04 10:36:00,62718.09,62718.09,62636.0,62640.01,17.15059
2026-06-04 10:37:00,62640.02,62736.0,62640.01,62707.46,16.76285
2026-06-04 10:38:00,62707.45,62744.0,62695.62,62726.31,27.23267
2026-06-04 10:39:00,62726.32,62792.0,62726.0,62775.0,9.61795
2026-06-04 10:40:00,62775.0,62788.02,62722.0,62722.01,16.54029
2026-06-04 10:41:00,62722.0,62780.01,62722.0,62732.01,61.00231
2026-06-04 10:42:00,62732.01,62742.0,62570.69,62570.7,37.83769
2026-06-04 10:43:00,62570.7,62734.0,62544.0,62713.02,33.17939
2026-06-04 10:44:00,62713.02,62750.01,62615.06,62723.46,152.31381
2026-06-04 10:45:00,62723.47,62800.53,62680.0,62680.01,295.127
2026-06-04 10:46:00,62680.01,62680.01,62570.69,62570.69,170.38077
2026-06-04 10:47:00,62570.69,62581.76,62463.0,62463.01,226.93844
2026-06-04 10:48:00,62463.0,62552.1,62385.21,62517.41,153.6611
2026-06-04 10:49:00,62518.0,62568.0,62301.21,62410.5,201.18604
2026-06-04 10:50:00,62410.51,62479.47,62337.01,62422.58,107.40939
2026-06-04 10:51:00,62422.58,62488.0,62307.28,62376.01,40.76197
2026-06-04 10:52:00,62376.01,62498.0,62350.0,62430.16,66.03744
2026-06-04 10:53:00,62430.17,62478.01,62382.0,62418.01,24.64681
2026-06-04 10:54:00,62418.01,62470.0,62318.42,62383.4,31.14284
2026-06-04 10:55:00,62383.39,62409.6,62310.0,62344.01,95.58825
2026-06-04 10:56:00,62344.01,62344.01,62304.0,62326.0,24.18986
2026-06-04 10:57:00,62326.0,62426.0,62326.0,62404.74,31.07512
2026-06-04 10:58:00,62404.74,62480.0,62404.74,62478.0,20.31184
2026-06-04 10:59:00,62477.99,62496.0,62420.0,62420.0,16.69511
2026-06-04 11:00:00,62420.01,62476.0,62368.0,62442.0,29.81305
2026-06-04 11:01:00,62441.99,62520.0,62422.0,62510.79,29.49726
2026-06-04 11:02:00,62510.8,62517.02,62434.73,62470.01,32.90365
2026-06-04 11:03:00,62470.0,62598.0,62450.0,62579.52,27.52775
2026-06-04 11:04:00,62579.52,62636.0,62579.52,62602.03,10.97058
2026-06-04 11:05:00,62602.04,62670.0,62576.61,62618.55,16.90255
2026-06-04 11:06:00,62618.56,62666.0,62514.0,62514.26,33.01769
2026-06-04 11:07:00,62514.26,62514.26,62443.35,62485.18,25.0717
2026-06-04 11:08:00,62485.18,62544.0,62407.52,62418.74,21.08472
2026-06-04 11:09:00,62418.75,62418.75,62310.0,62310.0,26.09047
2026-06-04 11:10:00,62310.01,62353.74,62230.0,62233.31,58.73828
2026-06-04 11:11:00,62233.3,62290.95,62223.0,62290.95,34.31414
2026-06-04 11:12:00,62290.95,62332.0,62287.99,62296.01,11.19575
2026-06-04 11:13:00,62296.0,62311.68,62230.24,62258.6,21.12247
2026-06-04 11:14:00,62259.16,62285.7,62254.9,62272.6,6.22145
2026-06-04 11:15:00,62272.61,62336.0,62238.0,62306.77,14.2785
2026-06-04 11:16:00,62306.77,62462.0,62306.76,62438.0,44.03844
2026-06-04 11:17:00,62438.01,62461.02,62384.0,62447.3,31.6433
2026-06-04 11:18:00,62447.3,62481.15,62408.0,62452.0,14.418
2026-06-04 11:19:00,62451.99,62560.0,62451.99,62550.61,20.17693
2026-06-04 11:20:00,62550.62,62560.0,62506.0,62524.6,12.53963
2026-06-04 11:21:00,62524.6,62578.0,62524.6,62530.01,14.3547
2026-06-04 11:22:00,62530.0,62530.0,62408.0,62446.0,18.37156
2026-06-04 11:23:00,62446.0,62530.0,62434.48,62529.99,27.96861
2026-06-04 11:24:00,62529.99,62570.0,62505.53,62569.99,14.26625
2026-06-04 11:25:00,62570.0,62650.89,62518.07,62543.52,78.65531
2026-06-04 11:26:00,62543.51,62579.42,62538.07,62573.52,48.03685
2026-06-04 11:27:00,62573.52,62582.0,62552.74,62581.99,44.8908
2026-06-04 11:28:00,62581.99,62645.36,62575.31,62598.51,55.98114
2026-06-04 11:29:00,62598.51,62644.0,62598.51,62617.38,97.11887
2026-06-04 11:30:00,62617.37,62750.76,62614.78,62750.04,49.99364
2026-06-04 11:31:00,62750.04,62833.82,62698.0,62716.0,38.72744
2026-06-04 11:32:00,62716.01,62716.01,62522.0,62568.0,34.28245
2026-06-04 11:33:00,62568.0,62590.0,62470.0,62516.0,36.93848
2026-06-04 11:34:00,62515.99,62544.0,62498.29,62538.55,23.23916
2026-06-04 11:35:00,62538.55,62581.99,62516.0,62540.12,28.11603
2026-06-04 11:36:00,62540.12,62540.12,62368.95,62396.36,31.15257
2026-06-04 11:37:00,62396.36,62396.37,62222.0,62266.1,59.62805
2026-06-04 11:38:00,62266.1,62316.0,62253.6,62309.99,26.15587
2026-06-04 11:39:00,62309.99,62392.0,62309.99,62383.75,17.79887
2026-06-04 11:40:00,62383.75,62388.47,62250.95,62250.95,19.89075
2026-06-04 11:41:00,62250.95,62335.91,62250.0,62270.01,23.67481
2026-06-04 11:42:00,62270.01,62278.33,62238.55,62248.4,14.92345
2026-06-04 11:43:00,62248.4,62259.22,62232.0,62240.64,10.25913
2026-06-04 11:44:00,62240.64,62246.78,62205.0,62237.98,14.79174
2026-06-04 11:45:00,62237.99,62347.2,62237.98,62331.45,49.30796
2026-06-04 11:46:00,62332.98,62369.99,62304.2,62369.99,26.412
2026-06-04 11:47:00,62369.99,62392.0,62344.0,62385.05,12.67192
2026-06-04 11:48:00,62385.06,62505.09,62384.35,62495.31,35.55854
2026-06-04 11:49:00,62495.31,62500.58,62459.1,62500.0,11.79499
2026-06-04 11:50:00,62500.0,62510.0,62449.88,62449.89,17.40179
2026-06-04 11:51:00,62449.89,62462.0,62400.0,62400.0,17.59285
2026-06-04 11:52:00,62400.0,62401.99,62360.0,62380.0,22.00339
2026-06-04 11:53:00,62380.0,62436.96,62380.0,62412.64,9.20065
2026-06-04 11:54:00,62412.64,62438.0,62410.0,62424.0,6.51118
2026-06-04 11:55:00,62424.0,62477.73,62413.92,62477.73,18.02686
2026-06-04 11:56:00,62477.73,62538.39,62474.0,62474.01,25.95623
2026-06-04 11:57:00,62474.01,62518.0,62455.99,62518.0,20.58128
2026-06-04 11:58:00,62518.0,62543.45,62508.8,62527.04,14.76824
2026-06-04 11:59:00,62527.04,62555.27,62527.04,62545.99,11.00233
2026-06-04 12:00:00,62546.0,62608.0,62545.99,62581.27,23.07115
2026-06-04 12:01:00,62581.27,62607.73,62500.0,62500.01,14.99425
2026-06-04 12:02:00,62500.0,62550.47,62476.0,62546.4,17.28922
2026-06-04 12:03:00,62546.4,62618.4,62546.39,62618.4,13.17029
2026-06-04 12:04:00,62618.4,62706.0,62618.4,62675.01,36.67427
2026-06-04 12:05:00,62675.01,62675.01,62482.0,62482.0,29.94123
2026-06-04 12:06:00,62482.0,62563.99,62480.0,62555.78,11.41658
2026-06-04 12:07:00,62555.77,62582.0,62501.74,62510.01,11.09219
2026-06-04 12:08:00,62510.0,62558.0,62455.81,62456.01,26.11407
2026-06-04 12:09:00,62456.97,62480.0,62392.0,62467.85,36.88604
2026-06-04 12:10:00,62467.86,62556.0,62452.66,62521.05,18.26463
2026-06-04 12:11:00,62521.04,62521.05,62427.5,62446.0,20.07883
2026-06-04 12:12:00,62446.0,62538.0,62446.0,62538.0,7.86537
2026-06-04 12:13:00,62537.99,62553.57,62482.0,62539.47,14.84888
2026-06-04 12:14:00,62539.47,62539.47,62490.0,62530.0,10.60421
2026-06-04 12:15:00,62530.0,62662.0,62525.74,62662.0,19.48803
2026-06-04 12:16:00,62661.99,62762.0,62647.72,62761.83,24.44596
2026-06-04 12:17:00,62761.84,62804.36,62694.0,62694.01,33.55885
2026-06-04 12:18:00,62694.01,62771.5,62694.01,62722.29,28.31414
2026-06-04 12:19:00,62722.29,62722.29,62616.0,62666.81,28.60448
2026-06-04 12:20:00,62666.82,62736.0,62654.58,62702.0,36.89599
2026-06-04 12:21:00,62701.99,62800.0,62697.32,62776.0,20.47322
2026-06-04 12:22:00,62776.0,63019.35,62763.14,62994.57,47.51606
2026-06-04 12:23:00,62994.56,63248.0,62968.0,63218.37,67.85815
2026-06-04 12:24:00,63223.2,63400.0,63208.05,63294.32,56.06573
2026-06-04 12:25:00,63294.32,63294.32,63168.0,63223.35,39.39603
2026-06-04 12:26:00,63223.35,63233.55,63079.62,63079.63,39.27536
2026-06-04 12:27:00,63079.63,63241.5,63065.92,63241.5,33.40072
2026-06-04 12:28:00,63241.5,63329.99,63241.49,63250.29,25.63162
2026-06-04 12:29:00,63250.28,63310.0,63212.42,63267.99,20.59829
2026-06-04 12:30:00,63267.99,63322.0,63170.6,63213.99,35.16229
2026-06-04 12:31:00,63214.0,63384.0,63148.8,63384.0,24.8849
2026-06-04 12:32:00,63384.0,63600.0,63384.0,63599.99,75.23845
2026-06-04 12:33:00,63599.99,63685.63,63450.0,63461.22,66.64287
2026-06-04 12:34:00,63461.22,63546.44,63448.0,63492.86,32.17001
2026-06-04 12:35:00,63492.86,63516.0,63402.0,63440.25,24.10251
2026-06-04 12:36:00,63441.99,63659.12,63394.0,63587.58,46.42111
2026-06-04 12:37:00,63587.58,63720.85,63587.58,63676.58,44.87129
2026-06-04 12:38:00,63676.58,63700.96,63618.0,63698.99,31.25936
2026-06-04 12:39:00,63699.0,63720.85,63628.31,63686.0,27.75368
2026-06-04 12:40:00,63686.01,63686.01,63583.04,63625.45,26.30945
2026-06-04 12:41:00,63625.45,63650.0,63586.0,63586.01,28.32957
2026-06-04 12:42:00,63586.0,63634.0,63578.0,63583.14,27.43729
2026-06-04 12:43:00,63583.14,63620.64,63540.0,63603.17,33.19293
2026-06-04 12:44:00,63603.18,63649.86,63564.0,63564.0,30.91462
2026-06-04 12:45:00,63564.0,63670.74,63510.36,63633.85,27.2714
2026-06-04 12:46:00,63633.85,63633.85,63506.0,63526.59,29.86421
2026-06-04 12:47:00,63526.59,63627.46,63511.46,63585.12,24.80175
2026-06-04 12:48:00,63585.12,63896.0,63585.11,63835.76,80.44942
2026-06-04 12:49:00,63835.76,63911.24,63783.25,63910.9,31.29941
2026-06-04 12:50:00,63910.91,63966.48,63866.01,63960.01,31.71206
2026-06-04 12:51:00,63960.0,63960.0,63816.37,63830.86,25.77574
2026-06-04 12:52:00,63830.86,63878.18,63801.99,63878.17,17.75917
2026-06-04 12:53:00,63878.18,63878.18,63784.03,63822.71,17.93702
2026-06-04 12:54:00,63822.71,63860.0,63807.67,63825.79,18.85526
2026-06-04 12:55:00,63825.8,63842.68,63769.19,63796.06,13.91973
2026-06-04 12:56:00,63796.05,63796.59,63728.0,63739.35,18.70015
2026-06-04 12:57:00,63739.35,63739.35,63668.89,63695.52,13.34592
2026-06-04 12:58:00,63693.98,63710.0,63669.61,63709.99,12.40786
2026-06-04 12:59:00,63710.0,63775.81,63705.81,63766.82,7.69072
2026-06-04 13:00:00,63766.82,63766.82,63628.0,63657.79,22.59773
2026-06-04 13:01:00,63657.78,63752.0,63626.76,63751.99,13.47696
2026-06-04 13:02:00,63751.99,63752.0,63655.05,63679.28,26.60084
2026-06-04 13:03:00,63679.27,63841.1,63676.02,63801.07,15.94114
2026-06-04 13:04:00,63801.07,63826.43,63698.88,63700.0,18.20011
2026-06-04 13:05:00,63700.01,63790.0,63700.0,63725.07,13.05496
2026-06-04 13:06:00,63725.08,63725.08,63605.72,63620.01,21.99191
2026-06-04 13:07:00,63620.01,63678.0,63588.47,63639.99,13.80608
2026-06-04 13:08:00,63640.0,63682.29,63588.47,63592.27,12.08287
2026-06-04 13:09:00,63592.27,63676.0,63592.27,63627.0,12.60571
2026-06-04 13:10:00,63626.99,63650.0,63546.0,63579.3,19.95372
2026-06-04 13:11:00,63579.29,63674.0,63575.98,63668.29,12.71682
2026-06-04 13:12:00,63668.29,63735.06,63668.29,63687.08,15.97351
2026-06-04 13:13:00,63687.08,63687.08,63628.0,63665.24,8.48877
2026-06-04 13:14:00,63665.25,63686.27,63586.84,63586.85,16.84796
2026-06-04 13:15:00,63586.85,63613.69,63554.56,63576.1,13.07223
2026-06-04 13:16:00,63576.1,63624.0,63504.0,63504.0,27.66259
2026-06-04 13:17:00,63504.01,63532.76,63388.0,63388.0,45.19859
2026-06-04 13:18:00,63388.0,63434.0,63354.74,63366.95,15.72671
2026-06-04 13:19:00,63366.95,63366.96,63270.01,63271.69,22.75862
2026-06-04 13:20:00,63271.68,63296.0,63168.0,63186.66,30.8738
2026-06-04 13:21:00,63186.66,63186.66,63096.0,63096.0,22.13462
2026-06-04 13:22:00,63096.01,63178.18,63076.0,63113.02,25.46378
2026-06-04 13:23:00,63113.03,63289.96,63113.03,63262.0,29.1489
2026-06-04 13:24:00,63262.0,63268.24,63152.0,63152.0,19.63266
2026-06-04 13:25:00,63152.01,63196.0,63068.41,63147.52,58.3531
2026-06-04 13:26:00,63147.53,63267.99,63147.53,63261.99,26.08249
2026-06-04 13:27:00,63261.99,63267.99,63198.0,63214.01,19.20776
2026-06-04 13:28:00,63214.01,63278.0,63214.01,63277.99,11.28919
2026-06-04 13:29:00,63278.0,63315.08,63204.36,63229.99,25.35025
2026-06-04 13:30:00,63230.0,63420.77,63194.22,63410.36,37.08441
2026-06-04 13:31:00,63413.28,63744.0,63405.04,63722.65,62.88607
2026-06-04 13:32:00,63722.9,63777.98,63594.0,63661.22,41.83671
2026-06-04 13:33:00,63661.21,63825.2,63600.93,63800.0,31.64258
2026-06-04 13:34:00,63799.99,63799.99,63693.27,63734.43,34.16012
2026-06-04 13:35:00,63734.42,63844.0,63652.97,63778.95,36.0787
2026-06-04 13:36:00,63778.95,63828.0,63678.0,63715.53,35.47703
2026-06-04 13:37:00,63715.52,63846.45,63696.0,63846.45,28.2073
2026-06-04 13:38:00,63846.44,64220.26,63820.0,64134.5,389.22848
2026-06-04 13:39:00,64134.51,64244.0,64057.6,64150.0,64.08476
2026-06-04 13:40:00,64150.0,64155.85,64024.51,64111.16,51.37084
2026-06-04 13:41:00,64111.16,64142.17,64046.0,64063.47,44.63468
2026-06-04 13:42:00,64063.48,64102.0,63854.28,63857.8,85.0204
2026-06-04 13:43:00,63857.81,63883.98,63750.0,63777.92,41.0374
2026-06-04 13:44:00,63777.92,63828.89,63760.0,63798.61,29.9932
2026-06-04 13:45:00,63798.61,63810.0,63694.0,63745.99,36.2907
2026-06-04 13:46:00,63745.99,63903.02,63668.01,63820.01,49.24813
2026-06-04 13:47:00,63820.01,63939.99,63804.0,63916.01,42.90766
2026-06-04 13:48:00,63916.01,63961.81,63768.0,63800.57,23.71475
2026-06-04 13:49:00,63800.57,63834.59,63749.4,63829.42,21.74517
2026-06-04 13:50:00,63829.42,63835.99,63681.12,63744.38,16.71956
2026-06-04 13:51:00,63744.37,63864.0,63691.0,63856.37,33.66063
2026-06-04 13:52:00,63856.36,63867.67,63780.01,63799.0,23.80004
2026-06-04 13:53:00,63798.99,63848.0,63714.29,63792.0,21.34449
2026-06-04 13:54:00,63792.0,63847.91,63729.47,63830.36,15.49085
2026-06-04 13:55:00,63830.36,63857.62,63794.37,63829.99,15.78694
2026-06-04 13:56:00,63830.0,63964.0,63790.0,63960.01,15.69869
2026-06-04 13:57:00,63960.01,64047.82,63903.02,64041.61,20.72364
2026-06-04 13:58:00,64041.61,64102.56,64008.0,64081.31,42.7399
2026-06-04 13:59:00,64081.3,64230.0,64081.3,64230.0,58.7907
2026-06-04 14:00:00,64230.0,64272.0,64142.0,64182.7,64.97425
2026-06-04 14:01:00,64182.71,64303.44,64182.7,64285.02,32.74843
2026-06-04 14:02:00,64285.03,64307.07,64220.0,64259.86,30.82946
2026-06-04 14:03:00,64259.86,64305.24,64168.01,64172.09,23.47067
2026-06-04 14:04:00,64172.09,64182.71,64051.68,64065.68,23.59487
2026-06-04 14:05:00,64065.67,64156.0,63980.0,64156.0,31.91506
2026-06-04 14:06:00,64155.99,64320.0,64146.0,64268.65,28.83958
2026-06-04 14:07:00,64268.65,64292.0,64150.0,64227.14,43.21291
2026-06-04 14:08:00,64227.15,64438.0,64227.15,64417.37,46.07782
2026-06-04 14:09:00,64417.37,64417.38,64252.0,64301.99,39.61471
2026-06-04 14:10:00,64301.99,64394.9,64276.0,64371.18,22.71555
2026-06-04 14:11:00,64371.18,64478.0,64342.0,64475.45,46.68883
2026-06-04 14:12:00,64475.45,64494.92,64409.72,64468.35,36.46664
2026-06-04 14:13:00,64468.35,64492.0,64368.0,64407.2,59.38722
2026-06-04 14:14:00,64407.21,64451.47,64356.39,64365.73,29.01593
2026-06-04 14:15:00,64365.74,64397.61,64302.0,64351.55,33.39051
2026-06-04 14:16:00,64351.55,64382.69,64322.77,64364.31,28.0411
2026-06-04 14:17:00,64364.3,64411.2,64301.23,64411.2,10.9442
2026-06-04 14:18:00,64411.2,64411.2,64202.01,64213.4,30.58042
2026-06-04 14:19:00,64213.39,64245.57,64162.04,64174.44,21.39679
2026-06-04 14:20:00,64174.44,64189.88,64130.0,64178.8,24.2691
2026-06-04 14:21:00,64178.79,64203.8,64115.59,64149.42,20.21717
2026-06-04 14:22:00,64149.43,64167.22,64094.35,64110.89,11.47027
2026-06-04 14:23:00,64110.89,64180.0,64082.0,64166.66,18.95191
2026-06-04 14:24:00,64166.66,64200.53,64083.1,64176.01,18.33373
2026-06-04 14:25:00,64176.01,64176.01,64127.72,64136.01,20.64202
2026-06-04 14:26:00,64136.02,64149.9,64052.0,64067.17,21.26851
2026-06-04 14:27:00,64067.17,64165.57,64063.07,64142.63,6.45806
2026-06-04 14:28:00,64142.64,64177.01,64114.38,64125.99,8.03485
2026-06-04 14:29:00,64126.0,64160.41,64094.1,64144.0,9.33028
2026-06-04 14:30:00,64144.0,64148.0,64018.19,64018.19,26.66048
2026-06-04 14:31:00,64018.2,64018.2,63952.38,63966.06,31.48694
2026-06-04 14:32:00,63966.05,63992.0,63890.85,63991.99,22.16643
2026-06-04 14:33:00,63992.0,64124.0,63980.0,64082.41,15.52543
2026-06-04 14:34:00,64082.4,64135.08,64074.0,64074.0,10.30966
2026-06-04 14:35:00,64074.01,64074.01,63995.61,64013.86,4.59974
